utc,julian_date_ut,earth_distance_km,moon_distance_km,earth_moon_separation_deg,earth_apparent_radius_deg,earth_exclusion_radius_deg,moon_apparent_radius_deg,moon_exclusion_radius_deg,earth_moon_cap_overlap_sr,visible_sky_fraction,visible_sky_percent
2026-01-01T00:00:00Z,2461041.500000000,42161.925215,370104.213349,74.355752620,8.691148010,28.691148010,0.268967630,20.000000000,0.000000000000,0.908456483405,90.845648341
2026-01-01T01:00:00Z,2461041.541666667,42162.198601,360735.766942,86.961852059,8.691091219,28.691091219,0.275952875,20.000000000,0.000000000000,0.908456721333,90.845672133
2026-01-01T02:00:00Z,2461041.583333333,42162.636992,351315.503992,99.823060354,8.691000153,28.691000153,0.283352405,20.000000000,0.000000000000,0.908457102860,90.845710286
2026-01-01T03:00:00Z,2461041.625000000,42163.209180,342445.464001,112.752870743,8.690881296,28.690881296,0.290691876,20.000000000,0.000000000000,0.908457600813,90.845760081
2026-01-01T04:00:00Z,2461041.666666667,42163.872001,334736.597746,125.399045169,8.690743617,28.690743617,0.297386467,20.000000000,0.000000000000,0.908458177622,90.845817762
2026-01-01T05:00:00Z,2461041.708333333,42164.579679,328758.208265,137.019665495,8.690596625,28.690596625,0.302794419,20.000000000,0.000000000000,0.908458793444,90.845879344
2026-01-01T06:00:00Z,2461041.750000000,42165.284189,324978.283182,145.999094867,8.690450296,28.690450296,0.306316350,20.000000000,0.000000000000,0.908459406485,90.845940649
2026-01-01T07:00:00Z,2461041.791666667,42165.934003,323703.012075,149.477647103,8.690315332,28.690315332,0.307523136,20.000000000,0.000000000000,0.908459971911,90.845997191
2026-01-01T08:00:00Z,2461041.833333333,42166.489119,325032.473519,145.624529729,8.690200040,28.690200040,0.306265280,20.000000000,0.000000000000,0.908460454921,90.846045492
2026-01-01T09:00:00Z,2461041.875000000,42166.914257,328845.270660,136.459600402,8.690111745,28.690111745,0.302714253,20.000000000,0.000000000000,0.908460824826,90.846082483
2026-01-01T10:00:00Z,2461041.916666667,42167.180173,334817.637839,124.797668147,8.690056519,28.690056519,0.297314487,20.000000000,0.000000000000,0.908461056191,90.846105619
2026-01-01T11:00:00Z,2461041.958333333,42167.265668,342470.588280,112.188393811,8.690038763,28.690038763,0.290670550,20.000000000,0.000000000000,0.908461130576,90.846113058
2026-01-01T12:00:00Z,2461042.000000000,42167.160055,351230.716540,99.343732472,8.690060697,28.690060697,0.283420807,20.000000000,0.000000000000,0.908461038687,90.846103869
2026-01-01T13:00:00Z,2461042.041666667,42166.865584,360489.908985,86.605461359,8.690121853,28.690121853,0.276141080,20.000000000,0.000000000000,0.908460782477,90.846078248
2026-01-01T14:00:00Z,2461042.083333333,42166.399014,369654.433143,74.160470671,8.690218754,28.690218754,0.269294901,20.000000000,0.000000000000,0.908460376521,90.846037652
2026-01-01T15:00:00Z,2461042.125000000,42165.793488,378180.212999,62.148159690,8.690344516,28.690344516,0.263223813,20.000000000,0.000000000000,0.908459849645,90.845984965
2026-01-01T16:00:00Z,2461042.166666667,42165.101441,385595.709791,50.743851226,8.690488253,28.690488253,0.258161649,20.000000000,0.000000000000,0.908459247466,90.845924747
2026-01-01T17:00:00Z,2461042.208333333,42164.363889,391515.221573,40.279977764,8.690641446,28.690641446,0.254258350,20.000000000,0.047488017875,0.912237582057,91.223758206
2026-01-01T18:00:00Z,2461042.250000000,42163.627164,395645.090976,31.499158626,8.690794473,28.690794473,0.251604303,20.000000000,0.132363840182,0.918991144285,91.899114428
2026-01-01T19:00:00Z,2461042.291666667,42162.947826,397788.200865,25.977972280,8.690935585,28.690935585,0.250248760,20.000000000,0.194607685628,0.923943760934,92.394376093
2026-01-01T20:00:00Z,2461042.333333333,42162.353122,397846.509849,25.793764558,8.691059120,28.691059120,0.250212082,20.000000000,0.196757994195,0.924114359497,92.411435950
2026-01-01T21:00:00Z,2461042.375000000,42161.878840,395818.564966,31.035880470,8.691157644,28.691157644,0.251494032,20.000000000,0.137395319134,0.919390015143,91.939001514
2026-01-01T22:00:00Z,2461042.416666667,42161.569777,391801.341132,39.656805971,8.691221847,28.691221847,0.254072672,20.000000000,0.052695661171,0.912649561538,91.264956154
2026-01-01T23:00:00Z,2461042.458333333,42161.462160,385989.615432,50.018322016,8.691244203,28.691244203,0.257898191,20.000000000,0.000000000000,0.908456080399,90.845608040
2026-01-02T00:00:00Z,2461042.500000000,42161.515919,378675.345746,61.335624055,8.691233035,28.691233035,0.262879635,20.000000000,0.000000000000,0.908456127187,90.845612719
2026-01-02T01:00:00Z,2461042.541666667,42161.749352,370236.945856,73.261981047,8.691184543,28.691184543,0.268871202,20.000000000,0.000000000000,0.908456330349,90.845633035
2026-01-02T02:00:00Z,2461042.583333333,42162.196789,361137.630973,85.615382254,8.691091596,28.691091596,0.275645800,20.000000000,0.000000000000,0.908456719757,90.845671976
2026-01-02T03:00:00Z,2461042.625000000,42162.812461,351917.010441,98.247146973,8.690963704,28.690963704,0.282868088,20.000000000,0.000000000000,0.908457255565,90.845725557
2026-01-02T04:00:00Z,2461042.666666667,42163.543465,343162.797450,110.964966003,8.690811859,28.690811859,0.290084221,20.000000000,0.000000000000,0.908457891722,90.845789172
2026-01-02T05:00:00Z,2461042.708333333,42164.330598,335476.535294,123.427287442,8.690648361,28.690648361,0.296730537,20.000000000,0.000000000000,0.908458576696,90.845857670
2026-01-02T06:00:00Z,2461042.750000000,42165.108586,329426.236120,134.941943258,8.690486769,28.690486769,0.302180391,20.000000000,0.000000000000,0.908459253683,90.845925368
2026-01-02T07:00:00Z,2461042.791666667,42165.824677,325488.623268,144.052418244,8.690338038,28.690338038,0.305836066,20.000000000,0.000000000000,0.908459876784,90.845987678
2026-01-02T08:00:00Z,2461042.833333333,42166.432869,323990.115973,148.176003000,8.690211722,28.690211722,0.307250621,20.000000000,0.000000000000,0.908460405978,90.846040598
2026-01-02T09:00:00Z,2461042.875000000,42166.896000,325059.824210,145.323908366,8.690115537,28.690115537,0.306239510,20.000000000,0.000000000000,0.908460808941,90.846080894
2026-01-02T10:00:00Z,2461042.916666667,42167.188296,328609.668527,136.942846437,8.690054832,28.690054832,0.302931291,20.000000000,0.000000000000,0.908461063258,90.846106326
2026-01-02T11:00:00Z,2461042.958333333,42167.294787,334348.047334,125.745482588,8.690032716,28.690032716,0.297732067,20.000000000,0.000000000000,0.908461155912,90.846115591
2026-01-02T12:00:00Z,2461043.000000000,42167.210212,341822.377713,113.398506292,8.690050281,28.690050281,0.291221764,20.000000000,0.000000000000,0.908461082326,90.846108233
2026-01-02T13:00:00Z,2461043.041666667,42166.938437,350477.333539,100.700524708,8.690106723,28.690106723,0.284030051,20.000000000,0.000000000000,0.908460845864,90.846084586
2026-01-02T14:00:00Z,2461043.083333333,42166.492849,359714.120194,88.039396124,8.690199265,28.690199265,0.276736633,20.000000000,0.000000000000,0.908460458166,90.846045817
2026-01-02T15:00:00Z,2461043.125000000,42165.897191,368940.557800,75.624766514,8.690322978,28.690322978,0.269815972,20.000000000,0.000000000000,0.908459939880,90.845993988
2026-01-02T16:00:00Z,2461043.166666667,42165.185613,377607.752066,63.604394418,8.690470770,28.690470770,0.263622868,20.000000000,0.000000000000,0.908459320709,90.845932071
2026-01-02T17:00:00Z,2461043.208333333,42164.417934,385235.279949,52.147322442,8.690630221,28.690630221,0.258403189,20.000000000,0.000000000000,0.908458652695,90.845865269
2026-01-02T18:00:00Z,2461043.250000000,42163.651485,391424.597081,41.558409114,8.690789421,28.690789421,0.254317217,20.000000000,0.037331743134,0.911428751451,91.142875145
2026-01-02T19:00:00Z,2461043.291666667,42162.930868,395867.583083,32.505956651,8.690939108,28.690939108,0.251462891,20.000000000,0.121591609545,0.918133311460,91.813331146
2026-01-02T20:00:00Z,2461043.333333333,42162.289378,398351.140450,26.438627067,8.691072362,28.691072362,0.249895112,20.000000000,0.189252141713,0.923517007258,92.351700726
2026-01-02T21:00:00Z,2461043.375000000,42161.764715,398758.811905,25.483472573,8.691181351,28.691181351,0.249639630,20.000000000,0.200386883671,0.924402625253,92.440262525
2026-01-02T22:00:00Z,2461043.416666667,42161.401447,397071.920384,30.125939929,8.691256815,28.691256815,0.250700188,20.000000000,0.147389586772,0.920184918206,92.018491821
2026-01-02T23:00:00Z,2461043.458333333,42161.237666,393370.177610,38.441573768,8.691290839,28.691290839,0.253059374,20.000000000,0.063273154588,0.913491002672,91.349100267
2026-01-03T00:00:00Z,2461043.500000000,42161.278110,387831.741348,48.667632683,8.691282437,28.691282437,0.256673216,20.000000000,0.000007392265,0.908456508471,90.845650847
2026-01-03T01:00:00Z,2461043.541666667,42161.524919,380732.787237,59.934269029,8.691231166,28.691231166,0.261459050,20.000000000,0.000000000000,0.908456135019,90.845613502
2026-01-03T02:00:00Z,2461043.583333333,42161.965276,372443.016107,71.854702978,8.691139688,28.691139688,0.267278601,20.000000000,0.000000000000,0.908456518270,90.845651827
2026-01-03T03:00:00Z,2461043.625000000,42162.574640,363418.729325,84.235418658,8.691013105,28.691013105,0.273915620,20.000000000,0.000000000000,0.908457048596,90.845704860
2026-01-03T04:00:00Z,2461043.666666667,42163.305265,354192.515369,96.936029666,8.690861338,28.690861338,0.281050791,20.000000000,0.000000000000,0.908457684431,90.845768443
2026-01-03T05:00:00Z,2461043.708333333,42164.094522,345351.835586,109.784346483,8.690697397,28.690697397,0.288245485,20.000000000,0.000000000000,0.908458371262,90.845837126
2026-01-03T06:00:00Z,2461043.750000000,42164.879227,337505.990163,122.478445221,8.690534407,28.690534407,0.294946252,20.000000000,0.000000000000,0.908459054103,90.845905410
2026-01-03T07:00:00Z,2461043.791666667,42165.604357,331239.171411,134.401705051,8.690383798,28.690383798,0.300526485,20.000000000,0.000000000000,0.908459685076,90.845968508
2026-01-03T08:00:00Z,2461043.833333333,42166.233743,327052.415601,144.212336706,8.690253079,28.690253079,0.304373705,20.000000000,0.000000000000,0.908460232719,90.846023272
2026-01-03T09:00:00Z,2461043.875000000,42166.738598,325302.505240,149.302851612,8.690148226,28.690148226,0.306011048,20.000000000,0.000000000000,0.908460671989,90.846067199
2026-01-03T10:00:00Z,2461043.916666667,42167.087168,326151.242469,147.174277647,8.690075834,28.690075834,0.305214714,20.000000000,0.000000000000,0.908460975270,90.846097527
2026-01-03T11:00:00Z,2461043.958333333,42167.245159,329540.178462,138.987100573,8.690043023,28.690043023,0.302075908,20.000000000,0.000000000000,0.908461112732,90.846111273
2026-01-03T12:00:00Z,2461044.000000000,42167.192109,335199.180354,127.706595119,8.690054040,28.690054040,0.296976063,20.000000000,0.000000000000,0.908461066575,90.846106658
2026-01-03T13:00:00Z,2461044.041666667,42166.931898,342686.733267,115.182550256,8.690108081,28.690108081,0.290487212,20.000000000,0.000000000000,0.908460840175,90.846084018
2026-01-03T14:00:00Z,2461044.083333333,42166.483310,351447.950132,102.274005292,8.690201247,28.690201247,0.283245621,20.000000000,0.000000000000,0.908460449866,90.846044987
2026-01-03T15:00:00Z,2461044.125000000,42165.877522,360875.478815,89.383542677,8.690327063,28.690327063,0.275846040,20.000000000,0.000000000000,0.908459922766,90.845992277
2026-01-03T16:00:00Z,2461044.166666667,42165.155768,370362.177910,76.718659542,8.690476969,28.690476969,0.268780287,20.000000000,0.000000000000,0.908459294739,90.845929474
2026-01-03T17:00:00Z,2461044.208333333,42164.366506,379340.613133,64.414081293,8.690640903,28.690640903,0.262418607,20.000000000,0.000000000000,0.908458607943,90.845860794
2026-01-03T18:00:00Z,2461044.250000000,42163.562321,387309.561352,52.613736881,8.690807942,28.690807942,0.257019271,20.000000000,0.000000000000,0.908457908130,90.845790813
2026-01-03T19:00:00Z,2461044.291666667,42162.796653,393850.245362,41.575387848,8.690966987,28.690966987,0.252750916,20.000000000,0.037203204755,0.911417778776,91.141777878
2026-01-03T20:00:00Z,2461044.333333333,42162.120516,398635.537991,31.893048595,8.691107440,28.691107440,0.249716829,20.000000000,0.128127137528,0.918652687017,91.865268702
2026-01-03T21:00:00Z,2461044.375000000,42161.579304,401434.859562,24.993449651,8.691219868,28.691219868,0.247975470,20.000000000,0.206134673598,0.924859858476,92.485985848
2026-01-03T22:00:00Z,2461044.416666667,42161.209850,402116.687001,23.364711160,8.691296618,28.691296618,0.247555001,20.000000000,0.225378713238,0.926390928943,92.639092894
2026-01-03T23:00:00Z,2461044.458333333,42161.036294,400650.377550,27.936753061,8.691332672,28.691332672,0.248461015,20.000000000,0.172009572865,0.922143796639,92.214379664
2026-01-04T00:00:00Z,2461044.500000000,42161.062210,397107.369738,36.505734482,8.691327289,28.691327289,0.250677808,20.000000000,0.081181729054,0.914915969039,91.491596904
2026-01-04T01:00:00Z,2461044.541666667,42161.287779,391656.525204,47.034879346,8.691280429,28.691280429,0.254166616,20.000000000,0.004297164570,0.908797886119,90.879788612
2026-01-04T02:00:00Z,2461044.583333333,42161.707767,384566.972193,58.597342164,8.691193181,28.691193181,0.258852250,20.000000000,0.000000000000,0.908456294157,90.845629416
2026-01-04T03:00:00Z,2461044.625000000,42162.299528,376209.919493,70.809566163,8.691070254,28.691070254,0.264602383,20.000000000,0.000000000000,0.908456809170,90.845680917
2026-01-04T04:00:00Z,2461044.666666667,42163.020021,367048.889884,83.495730276,8.690920589,28.690920589,0.271206539,20.000000000,0.000000000000,0.908457436197,90.845743620
2026-01-04T05:00:00Z,2461044.708333333,42163.809938,357627.617996,96.541834630,8.690756508,28.690756508,0.278351206,20.000000000,0.000000000000,0.908458123613,90.845812361
2026-01-04T06:00:00Z,2461044.750000000,42164.606441,348550.658896,109.811895814,8.690591066,28.690591066,0.285600090,20.000000000,0.000000000000,0.908458816732,90.845881673
2026-01-04T07:00:00Z,2461044.791666667,42165.363735,340450.583499,123.058837184,8.690433775,28.690433775,0.292395209,20.000000000,0.000000000000,0.908459475702,90.845947570
2026-01-04T08:00:00Z,2461044.833333333,42166.030888,333939.882494,135.750236941,8.690295210,28.690295210,0.298095980,20.000000000,0.000000000000,0.908460056212,90.846005621
2026-01-04T09:00:00Z,2461044.875000000,42166.558926,329550.008683,146.618768241,8.690185542,28.690185542,0.302066897,20.000000000,0.000000000000,0.908460515659,90.846051566
2026-01-04T10:00:00Z,2461044.916666667,42166.910832,327665.977345,152.761792684,8.690112456,28.690112456,0.303803753,20.000000000,0.000000000000,0.908460821846,90.846082185
2026-01-04T11:00:00Z,2461044.958333333,42167.061650,328471.166218,150.737693993,8.690081134,28.690081134,0.303059025,20.000000000,0.000000000000,0.908460953068,90.846095307
2026-01-04T12:00:00Z,2461045.000000000,42167.002771,331918.434772,141.864659017,8.690093362,28.690093362,0.299911459,20.000000000,0.000000000000,0.908460901839,90.846090184
2026-01-04T13:00:00Z,2461045.041666667,42166.804279,337737.027430,129.847023500,8.690134586,28.690134586,0.294744485,20.000000000,0.000000000000,0.908460729137,90.846072914
2026-01-04T14:00:00Z,2461045.083333333,42166.548544,345473.511451,116.709518738,8.690187698,28.690187698,0.288143964,20.000000000,0.000000000000,0.908460506626,90.846050663
2026-01-04T15:00:00Z,2461045.125000000,42166.209258,354552.457991,103.287640536,8.690258164,28.690258164,0.280765465,20.000000000,0.000000000000,0.908460211414,90.846021141
2026-01-04T16:00:00Z,2461045.166666667,42165.736461,364341.674739,89.942510974,8.690356360,28.690356360,0.273221735,20.000000000,0.000000000000,0.908459800025,90.845980003
2026-01-04T17:00:00Z,2461045.208333333,42165.092305,374208.311093,76.845217969,8.690490151,28.690490151,0.266017729,20.000000000,0.000000000000,0.908459239516,90.845923952
2026-01-04T18:00:00Z,2461045.250000000,42164.283629,383560.635797,64.094772471,8.690658117,28.690658117,0.259531397,20.000000000,0.000000000000,0.908458535824,90.845853582
2026-01-04T19:00:00Z,2461045.291666667,42163.375847,391875.742161,51.791406630,8.690846676,28.690846676,0.254024434,20.000000000,0.000000000000,0.908457745854,90.845774585
2026-01-04T20:00:00Z,2461045.333333333,42162.547487,398716.015825,40.130416889,8.691018745,28.691018745,0.249666425,20.000000000,0.048725517694,0.912334478463,91.233447846
2026-01-04T21:00:00Z,2461045.375000000,42161.898831,403739.055481,29.623963292,8.691153491,28.691153491,0.246560230,20.000000000,0.152964762343,0.920629009466,92.062900947
2026-01-04T22:00:00Z,2461045.416666667,42161.412782,406703.127720,21.750206678,8.691254461,28.691254461,0.244763276,20.000000000,0.244599606247,0.927920655630,92.792065563
2026-01-04T23:00:00Z,2461045.458333333,42161.090852,407469.539901,19.781361839,8.691321338,28.691321338,0.244302897,20.000000000,0.268095358303,0.929790107981,92.979010798
2026-01-05T00:00:00Z,2461045.500000000,42160.977710,406004.115054,25.140186784,8.691344843,28.691344843,0.245184685,20.000000000,0.204412945309,0.924722324100,92.472232410
2026-01-05T01:00:00Z,2461045.541666667,42161.107584,402378.121408,34.648627930,8.691317862,28.691317862,0.247394158,20.000000000,0.099430290853,0.916368182938,91.636818294
2026-01-05T02:00:00Z,2461045.583333333,42161.503441,396768.615281,45.908891771,8.691235627,28.691235627,0.250891834,20.000000000,0.009301587807,0.909196313166,90.919631317
2026-01-05T03:00:00Z,2461045.625000000,42162.111878,389457.932351,58.047592631,8.691109234,28.691109234,0.255601464,20.000000000,0.000000000000,0.908456645859,90.845664586
2026-01-05T04:00:00Z,2461045.666666667,42162.876378,380831.533964,70.760770421,8.690950427,28.690950427,0.261391255,20.000000000,0.000000000000,0.908457311190,90.845731119
2026-01-05T05:00:00Z,2461045.708333333,42163.754289,371372.450144,83.928541048,8.690768067,28.690768067,0.268049098,20.000000000,0.000000000000,0.908458075187,90.845807519
2026-01-05T06:00:00Z,2461045.750000000,42164.697212,361649.624171,97.480665436,8.690572213,28.690572213,0.275255561,20.000000000,0.000000000000,0.908458895719,90.845889572
2026-01-05T07:00:00Z,2461045.791666667,42165.646714,352296.584581,111.327509996,8.690375001,28.690375001,0.282563315,20.000000000,0.000000000000,0.908459721933,90.845972193
2026-01-05T08:00:00Z,2461045.833333333,42166.528393,343976.497050,125.285900658,8.690191883,28.690191883,0.289398001,20.000000000,0.000000000000,0.908460489093,90.846048909
2026-01-05T09:00:00Z,2461045.875000000,42167.267774,337331.118750,138.920366558,8.690038326,28.690038326,0.295099153,20.000000000,0.000000000000,0.908461132409,90.846113241
2026-01-05T10:00:00Z,2461045.916666667,42167.822210,332915.596955,151.037534836,8.689923182,28.689923182,0.299013144,20.000000000,0.000000000000,0.908461614791,90.846161479
2026-01-05T11:00:00Z,2461045.958333333,42168.160202,331128.251353,158.121517946,8.689852991,28.689852991,0.300627155,20.000000000,0.000000000000,0.908461908852,90.846190885
2026-01-05T12:00:00Z,2461046.000000000,42168.253248,332151.741973,155.057544849,8.689833668,28.689833668,0.299700795,20.000000000,0.000000000000,0.908461989802,90.846198980
2026-01-05T13:00:00Z,2461046.041666667,42168.078283,335923.552326,144.433415881,8.689870003,28.689870003,0.296335671,20.000000000,0.000000000000,0.908461837581,90.846183758
2026-01-05T14:00:00Z,2461046.083333333,42167.675253,342145.772748,131.163120462,8.689953702,28.689953702,0.290946500,20.000000000,0.000000000000,0.908461486934,90.846148693
2026-01-05T15:00:00Z,2461046.125000000,42167.056634,350331.168185,117.171756524,8.690082176,28.690082176,0.284148555,20.000000000,0.000000000000,0.908460948704,90.846094870
2026-01-05T16:00:00Z,2461046.166666667,42166.265916,359869.271443,103.115985648,8.690246397,28.690246397,0.276617322,20.000000000,0.000000000000,0.908460260712,90.846026071
2026-01-05T17:00:00Z,2461046.208333333,42165.357794,370095.228152,89.251403301,8.690435009,28.690435009,0.268974160,20.000000000,0.000000000000,0.908459470532,90.845947053
2026-01-05T18:00:00Z,2461046.250000000,42164.394208,380348.196950,75.684176906,8.690635149,28.690635149,0.261723427,20.000000000,0.000000000000,0.908458632049,90.845863205
2026-01-05T19:00:00Z,2461046.291666667,42163.440074,390014.212403,62.463274407,8.690833335,28.690833335,0.255236895,20.000000000,0.000000000000,0.908457801747,90.845780175
2026-01-05T20:00:00Z,2461046.333333333,42162.558986,398554.247113,49.635837519,8.691016357,28.691016357,0.249767763,20.000000000,0.000000000000,0.908457034973,90.845703497
2026-01-05T21:00:00Z,2461046.375000000,42161.809160,405520.928270,37.321406145,8.691172119,28.691172119,0.245476830,20.000000000,0.073485821348,0.914304198258,91.430419826
2026-01-05T22:00:00Z,2461046.416666667,42161.239829,410567.727893,25.922878203,8.691290390,28.691290390,0.242459350,20.000000000,0.195254539019,0.923993749419,92.399374942
2026-01-05T23:00:00Z,2461046.458333333,42160.888257,413453.705850,17.007407188,8.691363426,28.691363426,0.240766932,20.000000000,0.300876834686,0.932398598656,93.239859866
2026-01-06T00:00:00Z,2461046.500000000,42160.777475,414045.899869,15.450931034,8.691386440,28.691386440,0.240422570,20.000000000,0.318800238922,0.933824801426,93.382480143
2026-01-06T01:00:00Z,2461046.541666667,42160.914848,412320.604853,22.816019377,8.691357902,28.691357902,0.241428589,20.000000000,0.231900141348,0.926909630948,92.690963095
2026-01-06T02:00:00Z,2461046.583333333,42161.291525,408364.135394,33.780040745,8.691279650,28.691279650,0.243767704,20.000000000,0.108282096387,0.917072747333,91.707274733
2026-01-06T03:00:00Z,2461046.625000000,42161.882833,402373.149641,45.966175740,8.691156814,28.691156814,0.247397215,20.000000000,0.009018057668,0.909174080747,90.917408075
2026-01-06T04:00:00Z,2461046.666666667,42162.646624,394654.110662,58.777610593,8.690998152,28.690998152,0.252236088,20.000000000,0.000000000000,0.908457111242,90.845711124
2026-01-06T05:00:00Z,2461046.708333333,42163.520993,385620.806253,72.052217263,8.690816527,28.690816527,0.258144847,20.000000000,0.000000000000,0.908457872165,90.845787217
2026-01-06T06:00:00Z,2461046.750000000,42164.449999,375788.129000,85.744976279,8.690623561,28.690623561,0.264899379,20.000000000,0.000000000000,0.908458680598,90.845868060
2026-01-06T07:00:00Z,2461046.791666667,42165.377927,365759.050047,99.835960029,8.690430827,28.690430827,0.272162949,20.000000000,0.000000000000,0.908459488051,90.845948805
2026-01-06T08:00:00Z,2461046.833333333,42166.248210,356200.866703,114.283884573,8.690250074,28.690250074,0.279466142,20.000000000,0.000000000000,0.908460245306,90.846024531
2026-01-06T09:00:00Z,2461046.875000000,42167.003947,347806.482459,128.973197634,8.690093118,28.690093118,0.286211173,20.000000000,0.000000000000,0.908460902863,90.846090286
2026-01-06T10:00:00Z,2461046.916666667,42167.590513,341238.357475,143.587623064,8.689971300,28.689971300,0.291720187,20.000000000,0.000000000000,0.908461413207,90.846141321
2026-01-06T11:00:00Z,2461046.958333333,42167.960331,337057.975113,157.079473494,8.689894498,28.689894498,0.295338296,20.000000000,0.000000000000,0.908461734960,90.846173496
2026-01-06T12:00:00Z,2461047.000000000,42168.085575,335651.893147,164.779555812,8.689868489,28.689868489,0.296575511,20.000000000,0.000000000000,0.908461843925,90.846184393
2026-01-06T13:00:00Z,2461047.041666667,42167.964351,337172.741352,158.620825025,8.689893663,28.689893663,0.295237769,20.000000000,0.000000000000,0.908461738458,90.846173846
2026-01-06T14:00:00Z,2461047.083333333,42167.610253,341513.947112,145.446868173,8.689967201,28.689967201,0.291484777,20.000000000,0.000000000000,0.908461430381,90.846143038
2026-01-06T15:00:00Z,2461047.125000000,42167.049473,348327.236013,130.838901292,8.690083663,28.690083663,0.285783280,20.000000000,0.000000000000,0.908460942473,90.846094247
2026-01-06T16:00:00Z,2461047.166666667,42166.318406,357076.383958,116.057047596,8.690235495,28.690235495,0.278780912,20.000000000,0.000000000000,0.908460306384,90.846030638
2026-01-06T17:00:00Z,2461047.208333333,42165.461611,367109.432903,101.461792896,8.690413446,28.690413446,0.271161812,20.000000000,0.000000000000,0.908459560868,90.845956087
2026-01-06T18:00:00Z,2461047.250000000,42164.530163,377730.359953,87.177727396,8.690606910,28.690606910,0.263537298,20.000000000,0.000000000000,0.908458750356,90.845875036
2026-01-06T19:00:00Z,2461047.291666667,42163.580139,388257.827575,73.239832064,8.690804241,28.690804241,0.256391533,20.000000000,0.000000000000,0.908457923636,90.845792364
2026-01-06T20:00:00Z,2461047.333333333,42162.670789,398066.986970,59.645666528,8.690993133,28.690993133,0.250073497,20.000000000,0.000000000000,0.908457132272,90.845713227
2026-01-06T21:00:00Z,2461047.375000000,42161.861987,406616.040034,46.388068645,8.691161145,28.691161145,0.244815699,20.000000000,0.007022140802,0.909015232587,90.901523259
2026-01-06T22:00:00Z,2461047.416666667,42161.210705,413461.571967,33.501922643,8.691296440,28.691296440,0.240762351,20.000000000,0.111156141745,0.917301386254,91.730138625
2026-01-06T23:00:00Z,2461047.458333333,42160.763070,418266.539550,21.227770122,8.691389433,28.691389433,0.237996503,20.000000000,0.250836877414,0.928416436422,92.841643642
2026-01-07T00:00:00Z,2461047.500000000,42160.542724,420804.220071,11.156118950,8.691435209,28.691435209,0.236561245,20.000000000,0.363350254748,0.937369774723,93.736977472
2026-01-07T01:00:00Z,2461047.541666667,42160.568959,420960.961142,11.759753203,8.691429758,28.691429758,0.236473163,20.000000000,0.357840196856,0.936931321082,93.693132108
2026-01-07T02:00:00Z,2461047.583333333,42160.850563,418736.707652,22.206505937,8.691371257,28.691371257,0.237729273,20.000000000,0.239159238184,0.927487235569,92.748723557
2026-01-07T03:00:00Z,2461047.625000000,42161.378099,414245.231858,34.593622968,8.691261666,28.691261666,0.240306880,20.000000000,0.099984572889,0.916412526742,91.641252674
2026-01-07T04:00:00Z,2461047.666666667,42162.108806,407713.972716,47.578351726,8.691109872,28.691109872,0.244156431,20.000000000,0.002372660096,0.908645453477,90.864545348
2026-01-07T05:00:00Z,2461047.708333333,42162.971664,399483.022409,60.956465464,8.690930633,28.690930633,0.249187063,20.000000000,0.000000000000,0.908457394114,90.845739411
2026-01-07T06:00:00Z,2461047.750000000,42163.935662,390002.771977,74.705563658,8.690730394,28.690730394,0.255244382,20.000000000,0.000000000000,0.908458233021,90.845823302
2026-01-07T07:00:00Z,2461047.791666667,42164.903803,379825.495659,88.844433173,8.690529303,28.690529303,0.262083603,20.000000000,0.000000000000,0.908459075488,90.845907549
2026-01-07T08:00:00Z,2461047.833333333,42165.827011,369589.987966,103.392724284,8.690337554,28.690337554,0.269341858,20.000000000,0.000000000000,0.908459878815,90.845987881
2026-01-07T09:00:00Z,2461047.875000000,42166.658590,359994.096088,118.347067321,8.690164843,28.690164843,0.276521406,20.000000000,0.000000000000,0.908460602376,90.846060238
2026-01-07T10:00:00Z,2461047.916666667,42167.344828,351750.639150,133.652475924,8.690022324,28.690022324,0.283001880,20.000000000,0.000000000000,0.908461199449,90.846119945
2026-01-07T11:00:00Z,2461047.958333333,42167.824053,345525.169427,149.133457551,8.689922800,28.689922800,0.288100884,20.000000000,0.000000000000,0.908461616395,90.846161639
2026-01-07T12:00:00Z,2461048.000000000,42168.045667,341860.553374,164.089863860,8.689876776,28.689876776,0.291189243,20.000000000,0.000000000000,0.908461809205,90.846180920
2026-01-07T13:00:00Z,2461048.041666667,42167.994024,341102.455554,171.342398986,8.689887501,28.689887501,0.291836415,20.000000000,0.000000000000,0.908461764274,90.846176427
2026-01-07T14:00:00Z,2461048.083333333,42167.677790,343344.810875,159.371522653,8.689953175,28.689953175,0.289930440,20.000000000,0.000000000000,0.908461489141,90.846148914
2026-01-07T15:00:00Z,2461048.125000000,42167.126119,348414.136300,144.053636613,8.690067745,28.690067745,0.285712000,20.000000000,0.000000000000,0.908461009160,90.846100916
2026-01-07T16:00:00Z,2461048.166666667,42166.382810,355898.203056,128.566656858,8.690222119,28.690222119,0.279703808,20.000000000,0.000000000000,0.908460362421,90.846036242
2026-01-07T17:00:00Z,2461048.208333333,42165.500194,365208.595636,113.320553224,8.690405432,28.690405432,0.272573165,20.000000000,0.000000000000,0.908459594441,90.845959444
2026-01-07T18:00:00Z,2461048.250000000,42164.534689,375657.223608,98.433142816,8.690605970,28.690605970,0.264991689,20.000000000,0.000000000000,0.908458754294,90.845875429
2026-01-07T19:00:00Z,2461048.291666667,42163.549526,386528.064701,83.932426388,8.690810600,28.690810600,0.257538926,20.000000000,0.000000000000,0.908457896997,90.845789700
2026-01-07T20:00:00Z,2461048.333333333,42162.610352,397133.470816,69.802433927,8.691005687,28.691005687,0.250661332,20.000000000,0.000000000000,0.908457079675,90.845707968
2026-01-07T21:00:00Z,2461048.375000000,42161.777822,406852.928622,56.003905364,8.691178629,28.691178629,0.244673156,20.000000000,0.000000000000,0.908456355127,90.845635513
2026-01-07T22:00:00Z,2461048.416666667,42161.104491,415156.913787,42.488279223,8.691318505,28.691318505,0.239779164,20.000000000,0.030424508660,0.910876874577,91.087687458
2026-01-07T23:00:00Z,2461048.458333333,42160.632495,421620.227814,29.213776789,8.691416559,28.691416559,0.236103399,20.000000000,0.157556407119,0.920993298802,92.099329880
2026-01-08T00:00:00Z,2461048.500000000,42160.391771,425928.811684,16.202627748,8.691466569,28.691466569,0.233715026,20.000000000,0.310208158756,0.933140729705,93.314072970
2026-01-08T01:00:00Z,2461048.541666667,42160.398635,427882.948196,4.588168417,8.691465143,28.691465143,0.232647646,20.000000000,0.378922438992,0.938608844359,93.860884436
2026-01-08T02:00:00Z,2461048.583333333,42160.654645,427398.686896,11.161237698,8.691411958,28.691411958,0.232911248,20.000000000,0.363304976632,0.937366269017,93.736626902
2026-01-08T03:00:00Z,2461048.625000000,42161.145842,424508.481333,23.991697220,8.691309915,28.691309915,0.234497000,20.000000000,0.217948759177,0.925799616276,92.579961628
2026-01-08T04:00:00Z,2461048.666666667,42161.841635,419361.398616,37.197659786,8.691165372,28.691165372,0.237375143,20.000000000,0.074639600454,0.914396041346,91.439604135
2026-01-08T05:00:00Z,2461048.708333333,42162.665687,412222.783481,50.650074821,8.690994192,28.690994192,0.241485881,20.000000000,0.000000000000,0.908457127832,90.845712783
2026-01-08T06:00:00Z,2461048.750000000,42163.574811,403472.408430,64.379972351,8.690805348,28.690805348,0.246723178,20.000000000,0.000000000000,0.908457919000,90.845791900
2026-01-08T07:00:00Z,2461048.791666667,42164.550142,393599.673926,78.438513508,8.690602760,28.690602760,0.252911822,20.000000000,0.000000000000,0.908458767741,90.845876774
2026-01-08T08:00:00Z,2461048.833333333,42165.502264,383193.843296,92.874718241,8.690405002,28.690405002,0.259779822,20.000000000,0.000000000000,0.908459596242,90.845959624
2026-01-08T09:00:00Z,2461048.875000000,42166.352285,372924.847122,107.724436884,8.690228459,28.690228459,0.266933266,20.000000000,0.000000000000,0.908460335861,90.846033586
2026-01-08T10:00:00Z,2461048.916666667,42167.048811,363510.445637,122.999490753,8.690083800,28.690083800,0.273846508,20.000000000,0.000000000000,0.908460941898,90.846094190
2026-01-08T11:00:00Z,2461048.958333333,42167.548972,355666.112359,138.676290361,8.689979927,28.689979927,0.279886331,20.000000000,0.000000000000,0.908461377064,90.846137706
2026-01-08T12:00:00Z,2461049.000000000,42167.816242,350037.428237,154.685550019,8.689924422,28.689924422,0.284387006,20.000000000,0.000000000000,0.908461609599,90.846160960
2026-01-08T13:00:00Z,2461049.041666667,42167.824829,347122.369597,170.886206274,8.689922638,28.689922638,0.286775246,20.000000000,0.000000000000,0.908461617070,90.846161707
2026-01-08T14:00:00Z,2461049.083333333,42167.580525,347199.719451,172.610395152,8.689973374,28.689973374,0.286711357,20.000000000,0.000000000000,0.908461404517,90.846140452
2026-01-08T15:00:00Z,2461049.125000000,42167.094748,350284.278705,156.410189127,8.690074260,28.690074260,0.284186592,20.000000000,0.000000000000,0.908460981865,90.846098187
2026-01-08T16:00:00Z,2461049.166666667,42166.404376,356124.614903,140.372994910,8.690217640,28.690217640,0.279525981,20.000000000,0.000000000000,0.908460381186,90.846038119
2026-01-08T17:00:00Z,2461049.208333333,42165.557604,364243.869748,124.656377626,8.690393508,28.690393508,0.273295100,20.000000000,0.000000000000,0.908459644395,90.845964440
2026-01-08T18:00:00Z,2461049.250000000,42164.610095,374009.369772,109.333293210,8.690590308,28.690590308,0.266159229,20.000000000,0.000000000000,0.908458819911,90.845881991
2026-01-08T19:00:00Z,2461049.291666667,42163.622699,384710.235249,94.429812484,8.690795401,28.690795401,0.258755855,20.000000000,0.000000000000,0.908457960673,90.845796067
2026-01-08T20:00:00Z,2461049.333333333,42162.665520,395626.140489,79.935416740,8.690994227,28.690994227,0.251616355,20.000000000,0.000000000000,0.908457127687,90.845712769
2026-01-08T21:00:00Z,2461049.375000000,42161.804149,406079.133115,65.813997955,8.691173159,28.691173159,0.245139390,20.000000000,0.000000000000,0.908456378040,90.845637804
2026-01-08T22:00:00Z,2461049.416666667,42161.093014,415468.088190,52.013910494,8.691320889,28.691320889,0.239599575,20.000000000,0.000000000000,0.908455759116,90.845575912
2026-01-08T23:00:00Z,2461049.458333333,42160.575650,423289.312333,38.476202544,8.691428368,28.691428368,0.235172408,20.000000000,0.062965561788,0.913465949024,91.346594902
2026-01-09T00:00:00Z,2461049.500000000,42160.283297,429147.725791,25.143037283,8.691489104,28.691489104,0.231961987,20.000000000,0.204381362837,0.924719206449,92.471920645
2026-01-09T01:00:00Z,2461049.541666667,42160.234022,432762.371766,11.987912714,8.691499341,28.691499341,0.230024515,20.000000000,0.355666122829,0.936758022244,93.675802224
2026-01-09T02:00:00Z,2461049.583333333,42160.432036,433968.864677,2.282221830,8.691458204,28.691458204,0.229385012,20.000000000,0.378922438992,0.938608873430,93.860887343
2026-01-09T03:00:00Z,2461049.625000000,42160.867065,432720.358287,14.625198431,8.691367828,28.691367828,0.230046849,20.000000000,0.328063765169,0.934562047398,93.456204740
2026-01-09T04:00:00Z,2461049.666666667,42161.513929,429087.827097,27.820670139,8.691233449,28.691233449,0.231994368,20.000000000,0.173334105789,0.922249615326,92.224961533
2026-01-09T05:00:00Z,2461049.708333333,42162.332234,423259.853823,41.191259291,8.691063460,28.691063460,0.235188776,20.000000000,0.040176700129,0.911653997845,91.165399784
2026-01-09T06:00:00Z,2461049.750000000,42163.192343,415541.621575,54.775657642,8.690884794,28.690884794,0.239557176,20.000000000,0.000000000000,0.908457586161,90.845758616
2026-01-09T07:00:00Z,2461049.791666667,42164.004613,406351.902631,68.631059400,8.690716072,28.690716072,0.244974836,20.000000000,0.000000000000,0.908458293023,90.845829302
2026-01-09T08:00:00Z,2461049.833333333,42164.774190,396216.395802,82.812812312,8.690556224,28.690556224,0.251241512,20.000000000,0.000000000000,0.908458962703,90.845896270
2026-01-09T09:00:00Z,2461049.875000000,42165.521993,385754.730328,97.365600132,8.690400905,28.690400905,0.258055225,20.000000000,0.000000000000,0.908459613409,90.845961341
2026-01-09T10:00:00Z,2461049.916666667,42166.255250,375656.947872,112.313454690,8.690248612,28.690248612,0.264991884,20.000000000,0.000000000000,0.908460251431,90.846025143
2026-01-09T11:00:00Z,2461049.958333333,42166.945161,366645.140840,127.645528608,8.690105327,28.690105327,0.271505193,20.000000000,0.000000000000,0.908460851715,90.846085171
2026-01-09T12:00:00Z,2461050.000000000,42167.521468,359417.497530,143.290793763,8.689985639,28.689985639,0.276965022,20.000000000,0.000000000000,0.908461353135,90.846135314
2026-01-09T13:00:00Z,2461050.041666667,42167.887010,354576.882595,159.025129555,8.689909725,28.689909725,0.280746125,20.000000000,0.000000000000,0.908461671170,90.846167117
2026-01-09T14:00:00Z,2461050.083333333,42167.956235,352554.114340,173.090659979,8.689895349,28.689895349,0.282356910,20.000000000,0.000000000000,0.908461731396,90.846173140
2026-01-09T15:00:00Z,2461050.125000000,42167.714055,353544.040970,166.410706521,8.689945643,28.689945643,0.281566301,20.000000000,0.000000000000,0.908461520693,90.846152069
2026-01-09T16:00:00Z,2461050.166666667,42167.176829,357474.334058,150.929356563,8.690057214,28.690057214,0.278470563,20.000000000,0.000000000000,0.908461053281,90.846105328
2026-01-09T17:00:00Z,2461050.208333333,42166.382218,364017.656455,135.218150107,8.690222242,28.690222242,0.273464936,20.000000000,0.000000000000,0.908460361907,90.846036191
2026-01-09T18:00:00Z,2461050.250000000,42165.387047,372642.934371,119.754339286,8.690428933,28.690428933,0.267135209,20.000000000,0.000000000000,0.908459495986,90.845949599
2026-01-09T19:00:00Z,2461050.291666667,42164.263145,382688.611821,104.658925888,8.690662372,28.690662372,0.260122790,20.000000000,0.000000000000,0.908458517999,90.845851800
2026-01-09T20:00:00Z,2461050.333333333,42163.092000,393437.976916,89.968022670,8.690905637,28.690905637,0.253015765,20.000000000,0.000000000000,0.908457498837,90.845749884
2026-01-09T21:00:00Z,2461050.375000000,42161.958614,404182.569109,75.675649159,8.691141072,28.691141072,0.246289676,20.000000000,0.000000000000,0.908456512472,90.845651247
2026-01-09T22:00:00Z,2461050.416666667,42160.945083,414268.282098,61.753704046,8.691351621,28.691351621,0.240293509,20.000000000,0.000000000000,0.908455630363,90.845563036
2026-01-09T23:00:00Z,2461050.458333333,42160.124392,423125.185921,48.168978349,8.691522117,28.691522117,0.235263630,20.000000000,0.000765812538,0.908515857479,90.851585748
2026-01-10T00:00:00Z,2461050.500000000,42159.554939,430284.969310,34.909198342,8.691640423,28.691640423,0.231348908,20.000000000,0.096815893265,0.916158784388,91.615878439
2026-01-10T01:00:00Z,2461050.541666667,42159.276225,435390.211878,22.070920614,8.691698328,28.691698328,0.228636172,20.000000000,0.240780036841,0.927614844326,92.761484433
2026-01-10T02:00:00Z,2461050.583333333,42159.306040,438198.831844,10.538071767,8.691692134,28.691692134,0.227170729,20.000000000,0.368543835181,0.937781990306,93.778199031
2026-01-10T03:00:00Z,2461050.625000000,42159.639373,438585.953850,9.095596080,8.691622881,28.691622881,0.226970214,20.000000000,0.377783276500,0.938517531826,93.851753183
2026-01-10T04:00:00Z,2461050.666666667,42160.249079,436544.501015,20.031675166,8.691496213,28.691496213,0.228031621,20.000000000,0.265113687574,0.929552101510,92.955210151
2026-01-10T05:00:00Z,2461050.708333333,42161.088250,432185.100704,32.749059041,8.691321879,28.691321879,0.230331761,20.000000000,0.119027080801,0.917927629105,91.792762910
2026-01-10T06:00:00Z,2461050.750000000,42162.094038,425735.320933,45.923331536,8.691112940,28.691112940,0.233821247,20.000000000,0.009229335194,0.909191077491,90.919107749
2026-01-10T07:00:00Z,2461050.791666667,42163.192612,417537.692815,59.411309145,8.690884738,28.690884738,0.238411948,20.000000000,0.000000000000,0.908457586395,90.845758640
2026-01-10T08:00:00Z,2461050.833333333,42164.304817,408045.294295,73.211320656,8.690653716,28.690653716,0.243958182,20.000000000,0.000000000000,0.908458554261,90.845855426
2026-01-10T09:00:00Z,2461050.875000000,42165.352075,397812.788418,87.346283741,8.690436196,28.690436196,0.250233292,20.000000000,0.000000000000,0.908459465556,90.845946556
2026-01-10T10:00:00Z,2461050.916666667,42166.262075,387479.778856,101.830903523,8.690247194,28.690247194,0.256906363,20.000000000,0.000000000000,0.908460257370,90.846025737
2026-01-10T11:00:00Z,2461050.958333333,42166.973808,377742.519163,116.647665226,8.690099377,28.690099377,0.263528815,20.000000000,0.000000000000,0.908460876639,90.846087664
2026-01-10T12:00:00Z,2461051.000000000,42167.441611,369310.226841,131.708708915,8.690002224,28.690002224,0.269545892,20.000000000,0.000000000000,0.908461283656,90.846128366
2026-01-10T13:00:00Z,2461051.041666667,42167.637956,362844.779046,146.748359127,8.689961447,28.689961447,0.274348905,20.000000000,0.000000000000,0.908461454484,90.846145448
2026-01-10T14:00:00Z,2461051.083333333,42167.554825,358888.348215,160.771974258,8.689978712,28.689978712,0.277373385,20.000000000,0.000000000000,0.908461382157,90.846138216
2026-01-10T15:00:00Z,2461051.125000000,42167.203663,357791.549068,167.826385025,8.690051640,28.690051640,0.278223672,20.000000000,0.000000000000,0.908461076628,90.846107663
2026-01-10T16:00:00Z,2461051.166666667,42166.613971,359660.665852,158.829167683,8.690174110,28.690174110,0.276777763,20.000000000,0.000000000000,0.908460563553,90.846056355
2026-01-10T17:00:00Z,2461051.208333333,42165.830709,364340.867059,144.531313133,8.690336786,28.690336786,0.273222341,20.000000000,0.000000000000,0.908459882033,90.845988203
2026-01-10T18:00:00Z,2461051.250000000,42164.910782,371441.302963,129.504192053,8.690527853,28.690527853,0.267999411,20.000000000,0.000000000000,0.908459081561,90.845908156
2026-01-10T19:00:00Z,2461051.291666667,42163.918861,380393.336515,114.535640405,8.690733884,28.690733884,0.261692369,20.000000000,0.000000000000,0.908458218400,90.845821840
2026-01-10T20:00:00Z,2461051.333333333,42162.922902,390523.850475,99.851265984,8.690940762,28.690940762,0.254903806,20.000000000,0.000000000000,0.908457351678,90.845735168
2026-01-10T21:00:00Z,2461051.375000000,42161.989632,401125.848743,85.528707835,8.691134629,28.691134629,0.248166502,20.000000000,0.000000000000,0.908456539467,90.845653947
2026-01-10T22:00:00Z,2461051.416666667,42161.180317,411515.453575,71.588384344,8.691302753,28.691302753,0.241900959,20.000000000,0.000000000000,0.908455835099,90.845583510
2026-01-10T23:00:00Z,2461051.458333333,42160.607657,421072.203793,58.032561496,8.691421719,28.691421719,0.236410689,20.000000000,0.000000000000,0.908455336680,90.845533668
2026-01-11T00:00:00Z,2461051.500000000,42160.401516,429264.571621,44.881963142,8.691464544,28.691464544,0.231898847,20.000000000,0.014823932202,0.909634808303,90.963480830
2026-01-11T01:00:00Z,2461051.541666667,42160.547700,435664.661556,32.253339231,8.691434175,28.691434175,0.228492141,20.000000000,0.124280477943,0.918345210693,91.834521069
2026-01-11T02:00:00Z,2461051.583333333,42161.006748,439955.969476,20.665049004,8.691338810,28.691338810,0.226263429,20.000000000,0.257554155815,0.928951192540,92.895119254
2026-01-11T03:00:00Z,2461051.625000000,42161.720234,441936.926299,12.755688524,8.691190592,28.691190592,0.225249211,20.000000000,0.348041360280,0.936152556452,93.615255645
2026-01-11T04:00:00Z,2461051.666666667,42162.612910,441522.213190,15.547630685,8.691005155,28.691005155,0.225460784,20.000000000,0.317697749474,0.933738665521,93.373866552
2026-01-11T05:00:00Z,2461051.708333333,42163.596131,438742.951668,25.786429922,8.690800919,28.690800919,0.226888995,20.000000000,0.196840288303,0.924121989995,92.412198999
2026-01-11T06:00:00Z,2461051.750000000,42164.584283,433746.262018,37.939909102,8.690595669,28.690595669,0.229502735,20.000000000,0.067788234119,0.913853213722,91.385321372
2026-01-11T07:00:00Z,2461051.791666667,42165.523927,426794.249932,50.777367894,8.690400503,28.690400503,0.233241105,20.000000000,0.000000000000,0.908459615092,90.845961509
2026-01-11T08:00:00Z,2461051.833333333,42166.311637,418260.517752,64.034336484,8.690236901,28.690236901,0.237999929,20.000000000,0.000000000000,0.908460300494,90.846030049
2026-01-11T09:00:00Z,2461051.875000000,42166.881609,408624.100101,77.645489410,8.690118525,28.690118525,0.243612619,20.000000000,0.000000000000,0.908460796420,90.846079642
2026-01-11T10:00:00Z,2461051.916666667,42167.229229,398458.061302,91.589603801,8.690046331,28.690046331,0.249828056,20.000000000,0.000000000000,0.908461098872,90.846109887
2026-01-11T11:00:00Z,2461051.958333333,42167.401629,388409.387815,105.834786210,8.690010527,28.690010527,0.256291486,20.000000000,0.000000000000,0.908461248869,90.846124887
2026-01-11T12:00:00Z,2461052.000000000,42167.470250,379166.411719,120.293184935,8.689996276,28.689996276,0.262539172,20.000000000,0.000000000000,0.908461308573,90.846130857
2026-01-11T13:00:00Z,2461052.041666667,42167.496377,371410.883508,134.736736548,8.689990850,28.689990850,0.268021361,20.000000000,0.000000000000,0.908461331304,90.846133130
2026-01-11T14:00:00Z,2461052.083333333,42167.487613,365755.278860,148.532462995,8.689992670,28.689992670,0.272165755,20.000000000,0.000000000000,0.908461323680,90.846132368
2026-01-11T15:00:00Z,2461052.125000000,42167.298435,362672.350281,159.492528021,8.690031958,28.690031958,0.274479342,20.000000000,0.000000000000,0.908461159085,90.846115908
2026-01-11T16:00:00Z,2461052.166666667,42166.884147,362430.998470,161.075276899,8.690117998,28.690117998,0.274662126,20.000000000,0.000000000000,0.908460798628,90.846079863
2026-01-11T17:00:00Z,2461052.208333333,42166.267057,365055.780802,151.644466356,8.690246160,28.690246160,0.272687267,20.000000000,0.000000000000,0.908460261705,90.846026171
2026-01-11T18:00:00Z,2461052.250000000,42165.511525,370323.410818,138.267874918,8.690403079,28.690403079,0.268808424,20.000000000,0.000000000000,0.908459604300,90.845960430
2026-01-11T19:00:00Z,2461052.291666667,42164.700913,377797.424633,123.965344250,8.690571444,28.690571444,0.263490516,20.000000000,0.000000000000,0.908458898939,90.845889894
2026-01-11T20:00:00Z,2461052.333333333,42163.880304,386889.590165,109.574467807,8.690741892,28.690741892,0.257298269,20.000000000,0.000000000000,0.908458184848,90.845818485
2026-01-11T21:00:00Z,2461052.375000000,42163.097539,396930.529539,95.386715599,8.690904486,28.690904486,0.250789490,20.000000000,0.000000000000,0.908457503658,90.845750366
2026-01-11T22:00:00Z,2461052.416666667,42162.407117,407234.411756,81.520553639,8.691047904,28.691047904,0.244443953,20.000000000,0.000000000000,0.908456902803,90.845690280
2026-01-11T23:00:00Z,2461052.458333333,42161.857327,417149.570680,68.031597247,8.691162113,28.691162113,0.238633771,20.000000000,0.000000000000,0.908456424321,90.845642432
2026-01-12T00:00:00Z,2461052.500000000,42161.486594,426093.565222,54.968902768,8.691239127,28.691239127,0.233624657,20.000000000,0.000000000000,0.908456101665,90.845610166
2026-01-12T01:00:00Z,2461052.541666667,42161.320563,433575.131742,42.439724042,8.691273618,28.691273618,0.229593319,20.000000000,0.030774381527,0.910904904632,91.090490463
2026-01-12T02:00:00Z,2461052.583333333,42161.370191,439206.731556,30.766007321,8.691263308,28.691263308,0.226649411,20.000000000,0.140344279039,0.919624243227,91.962424323
2026-01-12T03:00:00Z,2461052.625000000,42161.631032,442711.079850,21.039919109,8.691209122,28.691209122,0.224855323,20.000000000,0.253077141647,0.928595466411,92.859546641
2026-01-12T04:00:00Z,2461052.666666667,42162.083740,443924.152386,16.736271501,8.691115079,28.691115079,0.224240877,20.000000000,0.304029923728,0.932650553975,93.265055397
2026-01-12T05:00:00Z,2461052.708333333,42162.695711,442796.254080,21.336320410,8.690987955,28.690987955,0.224812071,20.000000000,0.249535698428,0.928314573903,92.831457390
2026-01-12T06:00:00Z,2461052.750000000,42163.423664,439391.984633,31.149347522,8.690836744,28.690836744,0.226553852,20.000000000,0.136156350173,0.919292765548,91.929276555
2026-01-12T07:00:00Z,2461052.791666667,42164.216445,433889.333297,42.813913096,8.690672072,28.690672072,0.229427058,20.000000000,0.028102996413,0.910694842758,91.069484276
2026-01-12T08:00:00Z,2461052.833333333,42165.013275,426577.552494,55.285595527,8.690506565,28.690506565,0.233359590,20.000000000,0.000000000000,0.908459170748,90.845917075
2026-01-12T09:00:00Z,2461052.875000000,42165.761109,417853.142338,68.249330899,8.690351241,28.690351241,0.238231963,20.000000000,0.000000000000,0.908459821472,90.845982147
2026-01-12T10:00:00Z,2461052.916666667,42166.417705,408212.012458,81.590410471,8.690214872,28.690214872,0.243858546,20.000000000,0.000000000000,0.908460392783,90.846039278
2026-01-12T11:00:00Z,2461052.958333333,42166.950071,398235.467326,95.241969856,8.690104307,28.690104307,0.249967698,20.000000000,0.000000000000,0.908460855986,90.846085599
2026-01-12T12:00:00Z,2461053.000000000,42167.333351,388566.845037,109.115990232,8.690024707,28.690024707,0.256187630,20.000000000,0.000000000000,0.908461189464,90.846118946
2026-01-12T13:00:00Z,2461053.041666667,42167.549194,379875.503464,123.033724426,8.689979881,28.689979881,0.262049102,20.000000000,0.000000000000,0.908461377258,90.846137726
2026-01-12T14:00:00Z,2461053.083333333,42167.584745,372806.381707,136.582669603,8.689972498,28.689972498,0.267018089,20.000000000,0.000000000000,0.908461408189,90.846140819
2026-01-12T15:00:00Z,2461053.125000000,42167.433006,367917.362044,148.689853142,8.690004011,28.690004011,0.270566349,20.000000000,0.000000000000,0.908461276168,90.846127617
2026-01-12T16:00:00Z,2461053.166666667,42167.094592,365612.917459,156.372097927,8.690074293,28.690074293,0.272271731,20.000000000,0.000000000000,0.908460981730,90.846098173
2026-01-12T17:00:00Z,2461053.208333333,42166.580305,366088.518719,154.856376075,8.690181102,28.690181102,0.271918009,20.000000000,0.000000000000,0.908460534261,90.846053426
2026-01-12T18:00:00Z,2461053.250000000,42165.913558,369301.581931,145.383737439,8.690319578,28.690319578,0.269552202,20.000000000,0.000000000000,0.908459954121,90.845995412
2026-01-12T19:00:00Z,2461053.291666667,42165.120352,374978.406804,132.711044080,8.690484325,28.690484325,0.265471402,20.000000000,0.000000000000,0.908459263921,90.845926392
2026-01-12T20:00:00Z,2461053.333333333,42164.118287,382655.037534,119.063170869,8.690692460,28.690692460,0.260145613,20.000000000,0.000000000000,0.908458391943,90.845839194
2026-01-12T21:00:00Z,2461053.375000000,42163.068978,391738.565554,105.236419803,8.690910419,28.690910419,0.254113387,20.000000000,0.000000000000,0.908457478802,90.845747880
2026-01-12T22:00:00Z,2461053.416666667,42162.243395,401572.948855,91.553878842,8.691081914,28.691081914,0.247890198,20.000000000,0.000000000000,0.908456760318,90.845676032
2026-01-12T23:00:00Z,2461053.458333333,42161.685234,411498.784913,78.167113001,8.691197862,28.691197862,0.241910758,20.000000000,0.000000000000,0.908456274546,90.845627455
2026-01-13T00:00:00Z,2461053.500000000,42161.308460,420898.849704,65.168266209,8.691276132,28.691276132,0.236508059,20.000000000,0.000000000000,0.908455946628,90.845594663
2026-01-13T01:00:00Z,2461053.541666667,42161.134016,429227.828924,52.661819995,8.691312371,28.691312371,0.231918698,20.000000000,0.000000000000,0.908455794802,90.845579480
2026-01-13T02:00:00Z,2461053.583333333,42161.171815,436032.019377,40.859429922,8.691304519,28.691304519,0.228299635,20.000000000,0.042800527486,0.911861785458,91.186178546
2026-01-13T03:00:00Z,2461053.625000000,42161.420402,440960.346094,30.311795248,8.691252878,28.691252878,0.225748065,20.000000000,0.145336099961,0.920021523414,92.002152341
2026-01-13T04:00:00Z,2461053.666666667,42161.864848,443769.975888,22.558361532,8.691160550,28.691160550,0.224318785,20.000000000,0.234964352117,0.927154299912,92.715429991
2026-01-13T05:00:00Z,2461053.708333333,42162.462736,444330.009340,20.791695447,8.691036351,28.691036351,0.224036052,20.000000000,0.256038278795,0.928831830054,92.883183005
2026-01-13T06:00:00Z,2461053.750000000,42163.208051,442620.081315,26.211195034,8.690881531,28.690881531,0.224901551,20.000000000,0.191891735883,0.923727858982,92.372785898
2026-01-13T07:00:00Z,2461053.791666667,42164.077111,438730.186623,35.726274568,8.690701013,28.690701013,0.226895597,20.000000000,0.088716063148,0.915518156102,91.551815610
2026-01-13T08:00:00Z,2461053.833333333,42164.950170,432861.198161,46.993493974,8.690519672,28.690519672,0.229971998,20.000000000,0.004455267929,0.908813654792,90.881365479
2026-01-13T09:00:00Z,2461053.875000000,42165.753240,425321.392651,59.122291610,8.690352876,28.690352876,0.234048806,20.000000000,0.000000000000,0.908459814625,90.845981462
2026-01-13T10:00:00Z,2461053.916666667,42166.464224,416521.645470,71.782363549,8.690205210,28.690205210,0.238993524,20.000000000,0.000000000000,0.908460433260,90.846043326
2026-01-13T11:00:00Z,2461053.958333333,42167.078336,406966.163934,84.824310101,8.690077669,28.690077669,0.244605077,20.000000000,0.000000000000,0.908460967586,90.846096759
2026-01-13T12:00:00Z,2461054.000000000,42167.548032,397236.352375,98.140131821,8.689980122,28.689980122,0.250596412,20.000000000,0.000000000000,0.908461376247,90.846137625
2026-01-13T13:00:00Z,2461054.041666667,42167.726347,387964.579799,111.585583871,8.689943091,28.689943091,0.256585331,20.000000000,0.000000000000,0.908461531388,90.846153139
2026-01-13T14:00:00Z,2461054.083333333,42167.799212,379796.138935,124.887231615,8.689927958,28.689927958,0.262103861,20.000000000,0.000000000000,0.908461594782,90.846159478
2026-01-13T15:00:00Z,2461054.125000000,42167.602472,373338.117315,137.447306412,8.689968817,28.689968817,0.266637780,20.000000000,0.000000000000,0.908461423612,90.846142361
2026-01-13T16:00:00Z,2461054.166666667,42167.142782,369097.939431,147.836559195,8.690064284,28.690064284,0.269700923,20.000000000,0.000000000000,0.908461023658,90.846102366
2026-01-13T17:00:00Z,2461054.208333333,42166.478701,367421.582438,152.933282561,8.690202204,28.690202204,0.270931440,20.000000000,0.000000000000,0.908460445856,90.846044586
2026-01-13T18:00:00Z,2461054.250000000,42165.707637,368445.813591,149.760910596,8.690362347,28.690362347,0.270178280,20.000000000,0.000000000000,0.908459774944,90.845977494
2026-01-13T19:00:00Z,2461054.291666667,42164.926514,372078.218651,140.345241963,8.690524586,28.690524586,0.267540652,20.000000000,0.000000000000,0.908459095251,90.845909525
2026-01-13T20:00:00Z,2461054.333333333,42164.120700,378011.726476,128.190605293,8.690691959,28.690691959,0.263341137,20.000000000,0.000000000000,0.908458394043,90.845839404
2026-01-13T21:00:00Z,2461054.375000000,42163.313318,385767.959614,115.072727528,8.690859665,28.690859665,0.258046376,20.000000000,0.000000000000,0.908457691439,90.845769144
2026-01-13T22:00:00Z,2461054.416666667,42162.555787,394757.547937,101.730510376,8.691017021,28.691017021,0.252169995,20.000000000,0.000000000000,0.908457032188,90.845703219
2026-01-13T23:00:00Z,2461054.458333333,42161.903191,404342.570958,88.497017560,8.691152585,28.691152585,0.246192216,20.000000000,0.000000000000,0.908456464237,90.845646424
2026-01-14T00:00:00Z,2461054.500000000,42161.409564,413890.370488,75.546684296,8.691255129,28.691255129,0.240512915,20.000000000,0.000000000000,0.908456034623,90.845603462
2026-01-14T01:00:00Z,2461054.541666667,42161.120996,422814.209973,63.004937951,8.691315076,28.691315076,0.235436665,20.000000000,0.000000000000,0.908455783470,90.845578347
2026-01-14T02:00:00Z,2461054.583333333,42161.068180,430600.940201,51.028909948,8.691326048,28.691326048,0.231179146,20.000000000,0.000000000000,0.908455737501,90.845573750
2026-01-14T03:00:00Z,2461054.625000000,42161.260458,436828.232953,39.928154512,8.691286104,28.691286104,0.227883507,20.000000000,0.050411584506,0.912467531282,91.246753128
2026-01-14T04:00:00Z,2461054.666666667,42161.676775,441174.475431,30.441661373,8.691199620,28.691199620,0.225638495,20.000000000,0.143904316162,0.919907808808,91.990780881
2026-01-14T05:00:00Z,2461054.708333333,42162.263805,443423.944197,24.314780463,8.691077674,28.691077674,0.224493836,20.000000000,0.214127302931,0.925496487437,92.549648744
2026-01-14T06:00:00Z,2461054.750000000,42162.979193,443469.145715,24.129886328,8.690929069,28.690929069,0.224470953,20.000000000,0.216309628248,0.925670773953,92.567077395
2026-01-14T07:00:00Z,2461054.791666667,42163.775829,441311.548640,29.983301930,8.690763593,28.690763593,0.225568410,20.000000000,0.148963717920,0.920312249955,92.031224996
2026-01-14T08:00:00Z,2461054.833333333,42164.602633,437061.184585,39.309989838,8.690591857,28.690591857,0.227762046,20.000000000,0.055651994477,0.912887458425,91.288745842
2026-01-14T09:00:00Z,2461054.875000000,42165.406757,430935.135275,50.291002324,8.690424839,28.690424839,0.230999863,20.000000000,0.000000000000,0.908459513137,90.845951314
2026-01-14T10:00:00Z,2461054.916666667,42166.135805,423254.392541,62.146818527,8.690273420,28.690273420,0.235191810,20.000000000,0.000000000000,0.908460147502,90.846014750
2026-01-14T11:00:00Z,2461054.958333333,42166.740392,414437.985729,74.548205920,8.690147854,28.690147854,0.240195113,20.000000000,0.000000000000,0.908460673550,90.846067355
2026-01-14T12:00:00Z,2461055.000000000,42167.177219,404992.580927,87.324498356,8.690057132,28.690057132,0.245797077,20.000000000,0.000000000000,0.908461053620,90.846105362
2026-01-14T13:00:00Z,2461055.041666667,42167.412557,395495.059470,100.336439411,8.690008257,28.690008257,0.251699750,20.000000000,0.000000000000,0.908461258378,90.846125838
2026-01-14T14:00:00Z,2461055.083333333,42167.429881,386565.194986,113.392061300,8.690004660,28.690004660,0.257514188,20.000000000,0.000000000000,0.908461273450,90.846127345
2026-01-14T15:00:00Z,2461055.125000000,42167.230101,378826.113315,126.136588890,8.690046150,28.690046150,0.262775012,20.000000000,0.000000000000,0.908461099631,90.846109963
2026-01-14T16:00:00Z,2461055.166666667,42166.824287,372852.552230,137.823441516,8.690130430,28.690130430,0.266985024,20.000000000,0.000000000000,0.908460746545,90.846074654
2026-01-14T17:00:00Z,2461055.208333333,42166.235554,369111.298708,146.807680098,8.690252703,28.690252703,0.269691162,20.000000000,0.000000000000,0.908460234294,90.846023429
2026-01-14T18:00:00Z,2461055.250000000,42165.500234,367903.760292,150.146082009,8.690405424,28.690405424,0.270576352,20.000000000,0.000000000000,0.908459594475,90.845959448
2026-01-14T19:00:00Z,2461055.291666667,42164.668570,369324.358144,146.029452942,8.690578162,28.690578162,0.269535578,20.000000000,0.000000000000,0.908458870795,90.845887079
2026-01-14T20:00:00Z,2461055.333333333,42163.805518,373246.923645,136.637520617,8.690757427,28.690757427,0.266702926,20.000000000,0.000000000000,0.908458119767,90.845811977
2026-01-14T21:00:00Z,2461055.375000000,42162.967481,379343.095726,124.809306356,8.690931502,28.690931502,0.262416890,20.000000000,0.000000000000,0.908457390474,90.845739047
2026-01-14T22:00:00Z,2461055.416666667,42162.205845,387127.401375,112.055456128,8.691089714,28.691089714,0.257140211,20.000000000,0.000000000000,0.908456727638,90.845672764
2026-01-14T23:00:00Z,2461055.458333333,42161.568193,396016.132433,99.061996798,8.691222176,28.691222176,0.251368564,20.000000000,0.000000000000,0.908456172682,90.845617268
2026-01-15T00:00:00Z,2461055.500000000,42161.096864,405386.494299,86.161173672,8.691320089,28.691320089,0.245558235,20.000000000,0.000000000000,0.908455762467,90.845576247
2026-01-15T01:00:00Z,2461055.541666667,42160.826525,414626.802635,73.541051341,8.691376250,28.691376250,0.240085730,20.000000000,0.000000000000,0.908455527176,90.845552718
2026-01-15T02:00:00Z,2461055.583333333,42160.780712,423174.045327,61.350789937,8.691385768,28.691385768,0.235236466,20.000000000,0.000000000000,0.908455487302,90.845548730
2026-01-15T03:00:00Z,2461055.625000000,42160.967519,430539.303385,49.788225635,8.691346960,28.691346960,0.231212242,20.000000000,0.000000000000,0.908455649891,90.845564989
2026-01-15T04:00:00Z,2461055.666666667,42161.374420,436323.540236,39.237939875,8.691262430,28.691262430,0.228147100,20.000000000,0.056279200987,0.912934560551,91.293456055
2026-01-15T05:00:00Z,2461055.708333333,42161.971878,440226.690003,30.567712541,8.691138317,28.691138317,0.226124286,20.000000000,0.142517427136,0.919797700519,91.979770052
2026-01-15T06:00:00Z,2461055.750000000,42162.716204,442052.478405,25.588920425,8.690983699,28.690983699,0.225190330,20.000000000,0.199150559194,0.924305069753,92.430506975
2026-01-15T07:00:00Z,2461055.791666667,42163.553346,441710.660168,26.393156562,8.690809807,28.690809807,0.225364595,20.000000000,0.189776531377,0.923559836846,92.355983685
2026-01-15T08:00:00Z,2461055.833333333,42164.423632,439217.713107,32.556915722,8.690629037,28.690629037,0.226643744,20.000000000,0.121048485816,0.918091390089,91.809139009
2026-01-15T09:00:00Z,2461055.875000000,42165.266602,434696.437235,41.824826491,8.690453949,28.690453949,0.229001077,20.000000000,0.035305799344,0.911268937424,91.126893742
2026-01-15T10:00:00Z,2461055.916666667,42166.025358,428374.392094,52.659474891,8.690296359,28.690296359,0.232380745,20.000000000,0.000000000000,0.908460051400,90.846005140
2026-01-15T11:00:00Z,2461055.958333333,42166.650060,420580.584489,64.360130452,8.690166615,28.690166615,0.236687032,20.000000000,0.000000000000,0.908460594953,90.846059495
2026-01-15T12:00:00Z,2461056.000000000,42167.169346,411739.634880,76.607165626,8.690058767,28.690058767,0.241769250,20.000000000,0.000000000000,0.908461046771,90.846104677
2026-01-15T13:00:00Z,2461056.041666667,42167.605425,402359.067769,89.221682165,8.689968203,28.689968203,0.247405874,20.000000000,0.000000000000,0.908461426181,90.846142618
2026-01-15T14:00:00Z,2461056.083333333,42167.685064,393012.617392,102.045850605,8.689951664,28.689951664,0.253289607,20.000000000,0.000000000000,0.908461495470,90.846149547
2026-01-15T15:00:00Z,2461056.125000000,42167.495974,384313.275602,114.853691091,8.689990934,28.689990934,0.259023127,20.000000000,0.000000000000,0.908461330954,90.846133095
2026-01-15T16:00:00Z,2461056.166666667,42167.074646,376869.460090,127.233019498,8.690078435,28.690078435,0.264139312,20.000000000,0.000000000000,0.908460964375,90.846096438
2026-01-15T17:00:00Z,2461056.208333333,42166.447287,371233.967321,138.333558596,8.690208728,28.690208728,0.268149091,20.000000000,0.000000000000,0.908460418522,90.846041852
2026-01-15T18:00:00Z,2461056.250000000,42165.660223,367845.877074,146.377563571,8.690372195,28.690372195,0.270618929,20.000000000,0.000000000000,0.908459733687,90.845973369
2026-01-15T19:00:00Z,2461056.291666667,42164.777346,366976.310088,148.579424189,8.690555569,28.690555569,0.271260178,20.000000000,0.000000000000,0.908458965450,90.845896545
2026-01-15T20:00:00Z,2461056.333333333,42163.855166,368691.181355,143.787568486,8.690747114,28.690747114,0.269998472,20.000000000,0.000000000000,0.908458162972,90.845816297
2026-01-15T21:00:00Z,2461056.375000000,42162.953952,372840.388081,134.266279951,8.690934313,28.690934313,0.266993735,20.000000000,0.000000000000,0.908457378699,90.845737870
2026-01-15T22:00:00Z,2461056.416666667,42162.135028,379079.709017,122.529800744,8.691104425,28.691104425,0.262599220,20.000000000,0.000000000000,0.908456666006,90.845666601
2026-01-15T23:00:00Z,2461056.458333333,42161.454536,386917.089153,109.928165998,8.691245787,28.691245787,0.257279982,20.000000000,0.000000000000,0.908456073763,90.845607376
2026-01-16T00:00:00Z,2461056.500000000,42160.959482,395770.617278,97.099034282,8.691348629,28.691348629,0.251524501,20.000000000,0.000000000000,0.908455642896,90.845564290
2026-01-16T01:00:00Z,2461056.541666667,42160.684305,405025.608386,84.363135735,8.691405796,28.691405796,0.245777034,20.000000000,0.000000000000,0.908455403392,90.845540339
2026-01-16T02:00:00Z,2461056.583333333,42160.648284,414082.452325,71.910366271,8.691413279,28.691413279,0.240401347,20.000000000,0.000000000000,0.908455372041,90.845537204
2026-01-16T03:00:00Z,2461056.625000000,42160.854043,422392.170300,59.900591707,8.691370534,28.691370534,0.235671906,20.000000000,0.000000000000,0.908455551126,90.845555113
2026-01-16T04:00:00Z,2461056.666666667,42161.287281,429480.419914,48.555060191,8.691280532,28.691280532,0.231782298,20.000000000,0.000102129782,0.908464055425,90.846405542
2026-01-16T05:00:00Z,2461056.708333333,42161.917736,434962.446289,38.307168922,8.691149564,28.691149564,0.228861027,20.000000000,0.064474701671,0.913587210634,91.358721063
2026-01-16T06:00:00Z,2461056.750000000,42162.701319,438551.736218,30.117320930,8.690986791,28.690986791,0.226987923,20.000000000,0.147481699967,0.920193379624,92.019337962
2026-01-16T07:00:00Z,2461056.791666667,42163.584092,440064.662533,25.867775277,8.690803420,28.690803420,0.226207543,20.000000000,0.195890958959,0.924046434289,92.404643429
2026-01-16T08:00:00Z,2461056.833333333,42164.509452,439422.688380,27.393984092,8.690611212,28.690611212,0.226538022,20.000000000,0.178215219787,0.922640648915,92.264064891
2026-01-16T09:00:00Z,2461056.875000000,42165.411871,436652.921519,33.940377043,8.690423777,28.690423777,0.227975000,20.000000000,0.106624377541,0.916944415957,91.694441596
2026-01-16T10:00:00Z,2461056.916666667,42166.228416,431887.895244,43.346803759,8.690254185,28.690254185,0.230490266,20.000000000,0.024432632836,0.910404515227,91.040451523
2026-01-16T11:00:00Z,2461056.958333333,42166.904760,425364.053475,54.225701323,8.690113717,28.690113717,0.234025333,20.000000000,0.000000000000,0.908460816563,90.846081656
2026-01-16T12:00:00Z,2461057.000000000,42167.397794,417418.374530,65.939863104,8.690011323,28.690011323,0.238480098,20.000000000,0.000000000000,0.908461245533,90.846124553
2026-01-16T13:00:00Z,2461057.041666667,42167.676659,408481.927552,78.191283933,8.689953410,28.689953410,0.243697409,20.000000000,0.000000000000,0.908461488157,90.846148816
2026-01-16T14:00:00Z,2461057.083333333,42167.721798,399068.447798,90.804707021,8.689944035,28.689944035,0.249445934,20.000000000,0.000000000000,0.908461527430,90.846152743
2026-01-16T15:00:00Z,2461057.125000000,42167.523766,389755.390231,103.617628167,8.689985162,28.689985162,0.255406389,20.000000000,0.000000000000,0.908461355135,90.846135513
2026-01-16T16:00:00Z,2461057.166666667,42167.094665,381154.617325,116.392063409,8.690074277,28.690074277,0.261169687,20.000000000,0.000000000000,0.908460981793,90.846098179
2026-01-16T17:00:00Z,2461057.208333333,42166.463140,373870.810223,128.683000886,8.690205435,28.690205435,0.266257870,20.000000000,0.000000000000,0.908460432317,90.846043232
2026-01-16T18:00:00Z,2461057.250000000,42165.671873,368448.428836,139.562412623,8.690369775,28.690369775,0.270176362,20.000000000,0.000000000000,0.908459743825,90.845974382
2026-01-16T19:00:00Z,2461057.291666667,42164.774676,365312.746715,147.103186949,8.690556123,28.690556123,0.272495454,20.000000000,0.000000000000,0.908458963126,90.845896313
2026-01-16T20:00:00Z,2461057.333333333,42163.832776,364715.804920,148.482978372,8.690751765,28.690751765,0.272941459,20.000000000,0.000000000000,0.908458143488,90.845814349
2026-01-16T21:00:00Z,2461057.375000000,42162.910542,366700.837005,142.958505862,8.690943330,28.690943330,0.271463956,20.000000000,0.000000000000,0.908457340921,90.845734092
2026-01-16T22:00:00Z,2461057.416666667,42162.070947,371095.748320,133.032501587,8.691117737,28.691117737,0.268248967,20.000000000,0.000000000000,0.908456610237,90.845661024
2026-01-16T23:00:00Z,2461057.458333333,42161.371137,377537.737796,121.103536597,8.691263112,28.691263112,0.263671757,20.000000000,0.000000000000,0.908456001178,90.845600118
2026-01-17T00:00:00Z,2461057.500000000,42160.858413,385521.475140,108.410416887,8.691369626,28.691369626,0.258211360,20.000000000,0.000000000000,0.908455554929,90.845555493
2026-01-17T01:00:00Z,2461057.541666667,42160.566959,394457.714109,95.536620661,8.691430174,28.691430174,0.252361674,20.000000000,0.000000000000,0.908455301258,90.845530126
2026-01-17T02:00:00Z,2461057.583333333,42160.515543,403729.844828,82.777467535,8.691440855,28.691440855,0.246565855,20.000000000,0.000000000000,0.908455256506,90.845525651
2026-01-17T03:00:00Z,2461057.625000000,42160.706323,412740.573702,70.310539813,8.691401222,28.691401222,0.241182931,20.000000000,0.000000000000,0.908455422556,90.845542256
2026-01-17T04:00:00Z,2461057.666666667,42161.124836,420946.179250,58.291250080,8.691314278,28.691314278,0.236481467,20.000000000,0.000000000000,0.908455786812,90.845578681
2026-01-17T05:00:00Z,2461057.708333333,42161.741126,427879.401067,46.945936327,8.691186252,28.691186252,0.232649575,20.000000000,0.004645402816,0.908825992600,90.882599260
2026-01-17T06:00:00Z,2461057.750000000,42162.511922,433163.582902,36.736124186,8.691026133,28.691026133,0.229811457,20.000000000,0.078984434121,0.914742375573,91.474237557
2026-01-17T07:00:00Z,2461057.791666667,42163.383861,436520.834226,28.714865313,8.690845012,28.690845012,0.228043984,20.000000000,0.163166850409,0.921442158224,92.144215822
2026-01-17T08:00:00Z,2461057.833333333,42164.294779,437776.491873,24.944351226,8.690655801,28.690655801,0.227389891,20.000000000,0.206704389407,0.924907558193,92.490755819
2026-01-17T09:00:00Z,2461057.875000000,42165.174479,436861.184611,27.204242297,8.690473083,28.690473083,0.227866318,20.000000000,0.180395265121,0.922814710098,92.281471010
2026-01-17T10:00:00Z,2461057.916666667,42165.957125,433811.554631,34.351965429,8.690310530,28.690310530,0.229468193,20.000000000,0.102421294543,0.916610419682,91.661041968
2026-01-17T11:00:00Z,2461057.958333333,42166.588888,428770.066605,44.142491128,8.690179319,28.690179319,0.232166300,20.000000000,0.019261913465,0.909993356099,90.999335610
2026-01-17T12:00:00Z,2461058.000000000,42167.031651,421983.678154,55.280629558,8.690087364,28.690087364,0.235900045,20.000000000,0.000000000000,0.908460926967,90.846092697
2026-01-17T13:00:00Z,2461058.041666667,42167.263001,413800.653150,67.197615129,8.690039317,28.690039317,0.240565062,20.000000000,0.000000000000,0.908461128255,90.846112826
2026-01-17T14:00:00Z,2461058.083333333,42167.281527,404663.850007,79.631939329,8.690035470,28.690035470,0.245996753,20.000000000,0.000000000000,0.908461144375,90.846114437
2026-01-17T15:00:00Z,2461058.125000000,42167.109757,395098.573371,92.429160390,8.690071143,28.690071143,0.251952335,20.000000000,0.000000000000,0.908460994925,90.846099492
2026-01-17T16:00:00Z,2461058.166666667,42166.743134,385695.292181,105.436977332,8.690147284,28.690147284,0.258094994,20.000000000,0.000000000000,0.908460675936,90.846067594
2026-01-17T17:00:00Z,2461058.208333333,42166.184358,377078.001317,118.419397851,8.690263336,28.690263336,0.263993230,20.000000000,0.000000000000,0.908460189748,90.846018975
2026-01-17T18:00:00Z,2461058.250000000,42165.453323,369859.704565,130.916745932,8.690415167,28.690415167,0.269145441,20.000000000,0.000000000000,0.908459553657,90.845955366
2026-01-17T19:00:00Z,2461058.291666667,42164.597085,364586.258808,141.928697865,8.690593010,28.690593010,0.273038442,20.000000000,0.000000000000,0.908458808590,90.845880859
2026-01-17T20:00:00Z,2461058.333333333,42163.713632,361675.536081,149.281798073,8.690776513,28.690776513,0.275235841,20.000000000,0.000000000000,0.908458039806,90.845803981
2026-01-17T21:00:00Z,2461058.375000000,42162.876918,361364.469908,149.836220940,8.690950314,28.690950314,0.275472768,20.000000000,0.000000000000,0.908457311660,90.845731166
2026-01-17T22:00:00Z,2461058.416666667,42162.151440,363673.824049,143.253325635,8.691101016,28.691101016,0.273723484,20.000000000,0.000000000000,0.908456680290,90.845668029
2026-01-17T23:00:00Z,2461058.458333333,42161.592465,368404.590313,132.556918774,8.691217134,28.691217134,0.270208512,20.000000000,0.000000000000,0.908456193807,90.845619381
2026-01-18T00:00:00Z,2461058.500000000,42161.241119,375166.633248,120.135050910,8.691290122,28.691290122,0.265338211,20.000000000,0.000000000000,0.908455888019,90.845588802
2026-01-18T01:00:00Z,2461058.541666667,42161.121034,383430.507065,107.110977552,8.691315068,28.691315068,0.259619478,20.000000000,0.000000000000,0.908455783503,90.845578350
2026-01-18T02:00:00Z,2461058.583333333,42161.236879,392588.364202,93.993281537,8.691291003,28.691291003,0.253563328,20.000000000,0.000000000000,0.908455884328,90.845588433
2026-01-18T03:00:00Z,2461058.625000000,42161.574849,402011.261741,81.033770083,8.691220793,28.691220793,0.247619922,20.000000000,0.000000000000,0.908456178475,90.845617847
2026-01-18T04:00:00Z,2461058.666666667,42162.104883,411095.446195,68.382231351,8.691110687,28.691110687,0.242148106,20.000000000,0.000000000000,0.908456639771,90.845663977
2026-01-18T05:00:00Z,2461058.708333333,42162.784233,419295.641016,56.174129974,8.690969567,28.690969567,0.237412371,20.000000000,0.000000000000,0.908457230999,90.845723100
2026-01-18T06:00:00Z,2461058.750000000,42163.561788,426146.859442,44.623217285,8.690808053,28.690808053,0.233595440,20.000000000,0.016333929927,0.909757720511,90.975772051
2026-01-18T07:00:00Z,2461058.791666667,42164.382599,431277.627427,34.203912519,8.690637560,28.690637560,0.230816417,20.000000000,0.103931429262,0.916729222302,91.672922230
2026-01-18T08:00:00Z,2461058.833333333,42165.192067,434417.472501,26.096528636,8.690469430,28.690469430,0.229148133,20.000000000,0.193220676038,0.923835339174,92.383533917
2026-01-18T09:00:00Z,2461058.875000000,42165.939416,435400.905379,22.762314902,8.690314208,28.690314208,0.228630557,20.000000000,0.232525328615,0.926963754342,92.696375434
2026-01-18T10:00:00Z,2461058.916666667,42166.580266,434169.381459,26.064600721,8.690181110,28.690181110,0.229279072,20.000000000,0.193588726507,0.923865835602,92.386583560
2026-01-18T11:00:00Z,2461058.958333333,42167.078292,430772.076240,34.173020762,8.690077678,28.690077678,0.231087303,20.000000000,0.104240336081,0.916756149926,91.675614993
2026-01-18T12:00:00Z,2461059.000000000,42167.398345,425365.871339,44.623943081,8.690011209,28.690011209,0.234024333,20.000000000,0.016324781510,0.909760330848,90.976033085
2026-01-18T13:00:00Z,2461059.041666667,42167.506233,418214.400252,56.233264569,8.689988803,28.689988803,0.238026174,20.000000000,0.000000000000,0.908461339880,90.846133988
2026-01-18T14:00:00Z,2461059.083333333,42167.402393,409684.255415,68.529864492,8.690010368,28.690010368,0.242982210,20.000000000,0.000000000000,0.908461249534,90.846124953
2026-01-18T15:00:00Z,2461059.125000000,42167.102927,400238.301844,81.308891592,8.690072561,28.690072561,0.248716826,20.000000000,0.000000000000,0.908460988982,90.846098898
2026-01-18T16:00:00Z,2461059.166666667,42166.635036,390423.592658,94.449853580,8.690169735,28.690169735,0.254969264,20.000000000,0.000000000000,0.908460581881,90.846058188
2026-01-18T17:00:00Z,2461059.208333333,42166.033989,380850.809505,107.826647922,8.690294566,28.690294566,0.261378026,20.000000000,0.000000000000,0.908460058910,90.846005891
2026-01-18T18:00:00Z,2461059.250000000,42165.341117,372161.922753,121.225028920,8.690438472,28.690438472,0.267480478,20.000000000,0.000000000000,0.908459456021,90.845945602
2026-01-18T19:00:00Z,2461059.291666667,42164.600036,364983.941857,134.193217773,8.690592397,28.690592397,0.272740940,20.000000000,0.000000000000,0.908458811158,90.845881116
2026-01-18T20:00:00Z,2461059.333333333,42163.848524,359870.000752,145.655048045,8.690748494,28.690748494,0.276616761,20.000000000,0.000000000000,0.908458157192,90.845815719
2026-01-18T21:00:00Z,2461059.375000000,42163.137917,357234.155105,152.997076308,8.690896099,28.690896099,0.278657789,20.000000000,0.000000000000,0.908457538797,90.845753880
2026-01-18T22:00:00Z,2461059.416666667,42162.520922,357295.111938,152.358497392,8.691024264,28.691024264,0.278610248,20.000000000,0.000000000000,0.908457001846,90.845700185
2026-01-18T23:00:00Z,2461059.458333333,42162.045127,360043.226707,144.161862945,8.691123100,28.691123100,0.276483673,20.000000000,0.000000000000,0.908456587765,90.845658777
2026-01-19T00:00:00Z,2461059.500000000,42161.748237,365241.464249,132.319142804,8.691184774,28.691184774,0.272548636,20.000000000,0.000000000000,0.908456329379,90.845632938
2026-01-19T01:00:00Z,2461059.541666667,42161.654028,372460.055485,119.160225836,8.691204345,28.691204345,0.267266374,20.000000000,0.000000000000,0.908456247386,90.845624739
2026-01-19T02:00:00Z,2461059.583333333,42161.769700,381133.853315,105.631157038,8.691180316,28.691180316,0.261183915,20.000000000,0.000000000000,0.908456348058,90.845634806
2026-01-19T03:00:00Z,2461059.625000000,42162.085109,390626.835368,92.132841317,8.691114795,28.691114795,0.254836602,20.000000000,0.000000000000,0.908456622562,90.845662256
2026-01-19T04:00:00Z,2461059.666666667,42162.573992,400290.745253,78.854211235,8.691013240,28.691013240,0.248684240,20.000000000,0.000000000000,0.908457048032,90.845704803
2026-01-19T05:00:00Z,2461059.708333333,42163.196950,409511.012822,65.902733285,8.690883837,28.690883837,0.243085003,20.000000000,0.000000000000,0.908457590170,90.845759017
2026-01-19T06:00:00Z,2461059.750000000,42163.905660,417738.803383,53.379295009,8.690736626,28.690736626,0.238297169,20.000000000,0.000000000000,0.908458206913,90.845820691
2026-01-19T07:00:00Z,2461059.791666667,42164.652375,424511.430925,41.466372502,8.690581526,28.690581526,0.234495370,20.000000000,0.038036841276,0.911485732357,91.148573236
2026-01-19T08:00:00Z,2461059.833333333,42165.405548,429464.333484,30.631873575,8.690425090,28.690425090,0.231790980,20.000000000,0.141804457444,0.919743952263,91.974395226
2026-01-19T09:00:00Z,2461059.875000000,42166.109640,432337.121432,22.241445817,8.690278854,28.690278854,0.230250770,20.000000000,0.238728285160,0.927457518055,92.745751805
2026-01-19T10:00:00Z,2461059.916666667,42166.708086,432977.252344,19.550027678,8.690154564,28.690154564,0.229910357,20.000000000,0.270835600977,0.930013057771,93.001305777
2026-01-19T11:00:00Z,2461059.958333333,42167.154175,431341.722556,24.490436200,8.690061918,28.690061918,0.230782118,20.000000000,0.212041270511,0.925334741741,92.533474174
2026-01-19T12:00:00Z,2461060.000000000,42167.416820,427497.719823,33.937793548,8.690007372,28.690007372,0.232857292,20.000000000,0.106646287132,0.916947903966,91.694790397
2026-01-19T13:00:00Z,2461060.041666667,42167.482694,421622.494863,45.254972087,8.689993692,28.689993692,0.236102130,20.000000000,0.012716934636,0.909473300903,90.947330090
2026-01-19T14:00:00Z,2461060.083333333,42167.349599,414002.103801,57.476841793,8.690021333,28.690021333,0.240448004,20.000000000,0.000000000000,0.908461203600,90.846120360
2026-01-19T15:00:00Z,2461060.125000000,42167.015097,405028.197552,70.271692956,8.690090802,28.690090802,0.245775463,20.000000000,0.000000000000,0.908460912564,90.846091256
2026-01-19T16:00:00Z,2461060.166666667,42166.512267,395191.561463,83.509264923,8.690195232,28.690195232,0.251893051,20.000000000,0.000000000000,0.908460475061,90.846047506
2026-01-19T17:00:00Z,2461060.208333333,42165.893905,385068.986341,97.114795457,8.690323660,28.690323660,0.258514782,20.000000000,0.000000000000,0.908459937020,90.845993702
2026-01-19T18:00:00Z,2461060.250000000,42165.192873,375300.489146,110.997967627,8.690469263,28.690469263,0.265243574,20.000000000,0.000000000000,0.908459327026,90.845932703
2026-01-19T19:00:00Z,2461060.291666667,42164.449881,366553.878713,124.979807710,8.690623585,28.690623585,0.271572791,20.000000000,0.000000000000,0.908458680495,90.845868050
2026-01-19T20:00:00Z,2461060.333333333,42163.715197,359473.775229,138.639950283,8.690776188,28.690776188,0.276921661,20.000000000,0.000000000000,0.908458041168,90.845804117
2026-01-19T21:00:00Z,2461060.375000000,42163.039840,354617.385728,150.831728041,8.690916472,28.690916472,0.280714059,20.000000000,0.000000000000,0.908457453444,90.845745344
2026-01-19T22:00:00Z,2461060.416666667,42162.471874,352385.973544,158.149728158,8.691034452,28.691034452,0.282491637,20.000000000,0.000000000000,0.908456959161,90.845695916
2026-01-19T23:00:00Z,2461060.458333333,42162.052637,352967.369113,155.395197112,8.691121540,28.691121540,0.282026323,20.000000000,0.000000000000,0.908456594301,90.845659430
2026-01-20T00:00:00Z,2461060.500000000,42161.813281,356306.382408,144.908437469,8.691171263,28.691171263,0.279383381,20.000000000,0.000000000000,0.908456385987,90.845638599
2026-01-20T01:00:00Z,2461060.541666667,42161.772012,362113.032098,131.676581570,8.691179835,28.691179835,0.274903305,20.000000000,0.000000000000,0.908456350071,90.845635007
2026-01-20T02:00:00Z,2461060.583333333,42161.932367,369905.742408,117.680295797,8.691146524,28.691146524,0.269111944,20.000000000,0.000000000000,0.908456489630,90.845648963
2026-01-20T03:00:00Z,2461060.625000000,42162.282747,379075.630087,103.593075734,8.691073740,28.691073740,0.262602045,20.000000000,0.000000000000,0.908456794565,90.845679457
2026-01-20T04:00:00Z,2461060.666666667,42162.797309,388954.729071,89.678782585,8.690966851,28.690966851,0.255932146,20.000000000,0.000000000000,0.908457242379,90.845724238
2026-01-20T05:00:00Z,2461060.708333333,42163.438121,398875.248232,76.050217185,8.690833741,28.690833741,0.249566757,20.000000000,0.000000000000,0.908457800048,90.845780005
2026-01-20T06:00:00Z,2461060.750000000,42164.158338,408214.111172,62.762757218,8.690684141,28.690684141,0.243857292,20.000000000,0.000000000000,0.908458426795,90.845842680
2026-01-20T07:00:00Z,2461060.791666667,42164.905579,416422.796622,49.870750896,8.690528934,28.690528934,0.239050256,20.000000000,0.000000000000,0.908459077034,90.845907703
2026-01-20T08:00:00Z,2461060.833333333,42165.626622,423045.503444,37.504538457,8.690379174,28.690379174,0.235307943,20.000000000,0.071779558554,0.914171740229,91.417174023
2026-01-20T09:00:00Z,2461060.875000000,42166.274696,427729.763043,26.089287737,8.690244573,28.690244573,0.232730966,20.000000000,0.193302083739,0.923842759420,92.384275942
2026-01-20T10:00:00Z,2461060.916666667,42166.808253,430231.620813,17.246147472,8.690133760,28.690133760,0.231377595,20.000000000,0.298072144006,0.932180560153,93.218056015
2026-01-20T11:00:00Z,2461060.958333333,42167.192694,430418.165913,15.837017997,8.690053919,28.690053919,0.231277315,20.000000000,0.314386507694,0.933479150455,93.347915046
2026-01-20T12:00:00Z,2461061.000000000,42167.402154,428268.671665,23.251950807,8.690010418,28.690010418,0.232438109,20.000000000,0.226700506053,0.926501502396,92.650150240
2026-01-20T13:00:00Z,2461061.041666667,42167.421004,423874.998187,34.247925847,8.690006503,28.690006503,0.234847459,20.000000000,0.103476069466,0.916695629700,91.669562970
2026-01-20T14:00:00Z,2461061.083333333,42167.245110,417441.380199,46.473163601,8.690043033,28.690043033,0.238466955,20.000000000,0.006634412688,0.908989062477,90.898906248
2026-01-20T15:00:00Z,2461061.125000000,42166.882786,409283.184846,59.324442301,8.690118281,28.690118281,0.243220318,20.000000000,0.000000000000,0.908460797444,90.846079744
2026-01-20T16:00:00Z,2461061.166666667,42166.355200,399823.577129,72.633541434,8.690227853,28.690227853,0.248974814,20.000000000,0.000000000000,0.908460338399,90.846033840
2026-01-20T17:00:00Z,2461061.208333333,42165.695904,389586.184161,86.350272514,8.690364784,28.690364784,0.255517319,20.000000000,0.000000000000,0.908459764735,90.845976474
2026-01-20T18:00:00Z,2461061.250000000,42164.949164,379180.824263,100.449216542,8.690519881,28.690519881,0.262529193,20.000000000,0.000000000000,0.908459114960,90.845911496
2026-01-20T19:00:00Z,2461061.291666667,42164.166177,369278.510726,114.881755766,8.690682513,28.690682513,0.269569043,20.000000000,0.000000000000,0.908458433617,90.845843362
2026-01-20T20:00:00Z,2461061.333333333,42163.397404,360571.811283,129.519477731,8.690842199,28.690842199,0.276078355,20.000000000,0.000000000000,0.908457764614,90.845776461
2026-01-20T21:00:00Z,2461061.375000000,42162.693248,353717.877847,144.016114213,8.690988467,28.690988467,0.281427923,20.000000000,0.000000000000,0.908457151818,90.845715182
2026-01-20T22:00:00Z,2461061.416666667,42162.100290,349268.715716,157.223346151,8.691111641,28.691111641,0.285012924,20.000000000,0.000000000000,0.908456635774,90.845663577
2026-01-20T23:00:00Z,2461061.458333333,42161.658183,347599.082469,164.251355203,8.691203482,28.691203482,0.286381946,20.000000000,0.000000000000,0.908456251003,90.845625100
2026-01-21T00:00:00Z,2461061.500000000,42161.397069,348849.943653,157.777598487,8.691257725,28.691257725,0.285355066,20.000000000,0.000000000000,0.908456023748,90.845602375
2026-01-21T01:00:00Z,2461061.541666667,42161.335410,352905.303969,144.668316048,8.691270534,28.691270534,0.282075923,20.000000000,0.000000000000,0.908455970084,90.845597008
2026-01-21T02:00:00Z,2461061.583333333,42161.478441,359410.565995,130.134554523,8.691240821,28.691240821,0.276970363,20.000000000,0.000000000000,0.908456094568,90.845609457
2026-01-21T03:00:00Z,2461061.625000000,42161.817439,367825.911671,115.406428070,8.691170399,28.691170399,0.270633619,20.000000000,0.000000000000,0.908456389606,90.845638961
2026-01-21T04:00:00Z,2461061.666666667,42162.329997,377497.579412,100.847467162,8.691063924,28.691063924,0.263699807,20.000000000,0.000000000000,0.908456835687,90.845683569
2026-01-21T05:00:00Z,2461061.708333333,42162.981311,387728.741006,86.587191478,8.690928630,28.690928630,0.256741402,20.000000000,0.000000000000,0.908457402509,90.845740251
2026-01-21T06:00:00Z,2461061.750000000,42163.726437,397837.931699,72.665864377,8.690773853,28.690773853,0.250217478,20.000000000,0.000000000000,0.908458050949,90.845805095
2026-01-21T07:00:00Z,2461061.791666667,42164.513331,407200.941057,59.087350372,8.690610406,28.690610406,0.244464045,20.000000000,0.000000000000,0.908458735709,90.845873571
2026-01-21T08:00:00Z,2461061.833333333,42165.286480,415277.643176,45.853976814,8.690449820,28.690449820,0.239709455,20.000000000,0.009571633889,0.909221094902,90.922109490
2026-01-21T09:00:00Z,2461061.875000000,42165.990898,421627.577991,33.020811226,8.690303516,28.690303516,0.236099283,20.000000000,0.116159540769,0.917703703966,91.770370397
2026-01-21T10:00:00Z,2461061.916666667,42166.576358,425918.204570,20.893117573,8.690181922,28.690181922,0.233720847,20.000000000,0.254816112117,0.928738152738,92.873815274
2026-01-21T11:00:00Z,2461061.958333333,42167.005198,427928.885471,11.364363457,8.690092858,28.690092858,0.232622672,20.000000000,0.361479978045,0.937226566618,93.722656662
2026-01-21T12:00:00Z,2461062.000000000,42167.246378,427552.549686,12.762020672,8.690042769,28.690042769,0.232827430,20.000000000,0.347964193741,0.936151224519,93.615122452
2026-01-21T13:00:00Z,2461062.041666667,42167.278317,424796.505183,23.213771479,8.690036136,28.690036136,0.234338003,20.000000000,0.227154290058,0.926537505635,92.653750563
2026-01-21T14:00:00Z,2461062.083333333,42167.093709,419782.695077,35.567579640,8.690074476,28.690074476,0.237136911,20.000000000,0.090266233244,0.915644139569,91.564413957
2026-01-21T15:00:00Z,2461062.125000000,42166.700965,412747.388038,48.539335508,8.690156042,28.690156042,0.241178949,20.000000000,0.000118971778,0.908470106718,90.847010672
2026-01-21T16:00:00Z,2461062.166666667,42166.124433,404039.757718,61.914796267,8.690275781,28.690275781,0.246376730,20.000000000,0.000000000000,0.908460137607,90.846013761
2026-01-21T17:00:00Z,2461062.208333333,42165.403305,394118.069897,75.665266175,8.690425556,28.690425556,0.252579157,20.000000000,0.000000000000,0.908459510133,90.845951013
2026-01-21T18:00:00Z,2461062.250000000,42164.589187,383541.252539,89.804768211,8.690594650,28.690594650,0.259544513,20.000000000,0.000000000000,0.908458801717,90.845880172
2026-01-21T19:00:00Z,2461062.291666667,42163.742467,372952.497667,104.348054717,8.690770523,28.690770523,0.266913476,20.000000000,0.000000000000,0.908458064899,90.845806490
2026-01-21T20:00:00Z,2461062.333333333,42162.927686,363050.618540,119.284981491,8.690939769,28.690939769,0.274193355,20.000000000,0.000000000000,0.908457355842,90.845735584
2026-01-21T21:00:00Z,2461062.375000000,42162.208277,354545.092695,134.547329259,8.691089209,28.691089209,0.280771298,20.000000000,0.000000000000,0.908456729755,90.845672976
2026-01-21T22:00:00Z,2461062.416666667,42161.641141,348093.494411,149.920790915,8.691207022,28.691207022,0.285975183,20.000000000,0.000000000000,0.908456236171,90.845623617
2026-01-21T23:00:00Z,2461062.458333333,42161.271623,344226.415716,164.503438875,8.691283785,28.691283785,0.289187887,20.000000000,0.000000000000,0.908455914567,90.845591457
2026-01-22T00:00:00Z,2461062.500000000,42161.129468,343273.758157,170.161080812,8.691313316,28.691313316,0.289990452,20.000000000,0.000000000000,0.908455790844,90.845579084
2026-01-22T01:00:00Z,2461062.541666667,42161.226220,345312.524523,158.067519292,8.691293217,28.691293217,0.288278299,20.000000000,0.000000000000,0.908455875051,90.845587505
2026-01-22T02:00:00Z,2461062.583333333,42161.554356,350153.668931,142.861822291,8.691225050,28.691225050,0.284292597,20.000000000,0.000000000000,0.908456160639,90.845616064
2026-01-22T03:00:00Z,2461062.625000000,42162.088208,357372.830768,127.449987891,8.691114151,28.691114151,0.278549657,20.000000000,0.000000000000,0.908456625259,90.845662526
2026-01-22T04:00:00Z,2461062.666666667,42162.786490,366373.960124,112.261941043,8.690969099,28.690969099,0.271706156,20.000000000,0.000000000000,0.908457232963,90.845723296
2026-01-22T05:00:00Z,2461062.708333333,42163.596078,376465.872362,97.424239785,8.690800930,28.690800930,0.264422483,20.000000000,0.000000000000,0.908457937508,90.845793751
2026-01-22T06:00:00Z,2461062.750000000,42164.456624,386933.412040,82.968946629,8.690622185,28.690622185,0.257269129,20.000000000,0.000000000000,0.908458686363,90.845868636
2026-01-22T07:00:00Z,2461062.791666667,42165.308552,397093.065759,68.882618683,8.690445236,28.690445236,0.250686838,20.000000000,0.000000000000,0.908459427684,90.845942768
2026-01-22T08:00:00Z,2461062.833333333,42166.108178,406330.870997,55.128417174,8.690279157,28.690279157,0.244987516,20.000000000,0.000000000000,0.908460123463,90.846012346
2026-01-22T09:00:00Z,2461062.875000000,42166.802270,414125.072768,41.662259167,8.690135003,28.690135003,0.240376606,20.000000000,0.036533869505,0.911368000350,91.136800035
2026-01-22T10:00:00Z,2461062.916666667,42167.327702,420059.185841,28.453392148,8.690025880,28.690025880,0.236980822,20.000000000,0.166116085679,0.921680282631,92.168028263
2026-01-22T11:00:00Z,2461062.958333333,42167.651666,423828.401664,15.571533729,8.689958600,28.689958600,0.234873278,20.000000000,0.317412946027,0.933720386093,93.372038609
2026-01-22T12:00:00Z,2461063.000000000,42167.751170,425242.072581,4.812395731,8.689937936,28.689937936,0.234092463,20.000000000,0.378922438992,0.938615242591,93.861524259
2026-01-22T13:00:00Z,2461063.041666667,42167.611328,424224.762338,12.141706628,8.689966977,28.689966977,0.234653831,20.000000000,0.354159185420,0.936644523817,93.664452382
2026-01-22T14:00:00Z,2461063.083333333,42167.237334,420816.593273,24.859525749,8.690044648,28.690044648,0.236554289,20.000000000,0.207693884256,0.924988860088,92.498886009
2026-01-22T15:00:00Z,2461063.125000000,42166.656232,415173.198669,38.008938196,8.690165333,28.690165333,0.239769759,20.000000000,0.067156784390,0.913804767422,91.380476742
2026-01-22T16:00:00Z,2461063.166666667,42165.914316,407565.155332,51.424475783,8.690319421,28.690319421,0.244245583,20.000000000,0.000000000000,0.908459954781,90.845995478
2026-01-22T17:00:00Z,2461063.208333333,42165.069908,398376.146709,65.128269229,8.690494803,28.690494803,0.249879426,20.000000000,0.000000000000,0.908459220027,90.845922003
2026-01-22T18:00:00Z,2461063.250000000,42164.178496,388098.371099,79.168609111,8.690679954,28.690679954,0.256496876,20.000000000,0.000000000000,0.908458444337,90.845844434
2026-01-22T19:00:00Z,2461063.291666667,42163.300022,377322.383689,93.593799047,8.690862427,28.690862427,0.263822247,20.000000000,0.000000000000,0.908457679868,90.845767987
2026-01-22T20:00:00Z,2461063.333333333,42162.493817,366717.951923,108.439427964,8.691029894,28.691029894,0.271451286,20.000000000,0.000000000000,0.908456978257,90.845697826
2026-01-22T21:00:00Z,2461063.375000000,42161.812911,357001.242885,123.716456402,8.691171339,28.691171339,0.278839590,20.000000000,0.000000000000,0.908456385665,90.845638567
2026-01-22T22:00:00Z,2461063.416666667,42161.300638,348884.450130,139.398477853,8.691277757,28.691277757,0.285326843,20.000000000,0.000000000000,0.908455939820,90.845593982
2026-01-22T23:00:00Z,2461063.458333333,42160.988097,343007.769134,155.406754867,8.691342685,28.691342685,0.290215330,20.000000000,0.000000000000,0.908455667801,90.845566780
2026-01-23T00:00:00Z,2461063.500000000,42160.892551,339861.200419,171.529263853,8.691362534,28.691362534,0.292902281,20.000000000,0.000000000000,0.908455584642,90.845558464
2026-01-23T01:00:00Z,2461063.541666667,42161.016805,339712.828288,171.670083707,8.691336721,28.691336721,0.293030210,20.000000000,0.000000000000,0.908455692788,90.845569279
2026-01-23T02:00:00Z,2461063.583333333,42161.349499,342564.915881,155.544534624,8.691267607,28.691267607,0.290590511,20.000000000,0.000000000000,0.908455982345,90.845598235
2026-01-23T03:00:00Z,2461063.625000000,42161.866218,348153.364454,139.524388212,8.691160266,28.691160266,0.285926005,20.000000000,0.000000000000,0.908456432060,90.845643206
2026-01-23T04:00:00Z,2461063.666666667,42162.531304,355990.780440,123.825842429,8.691022107,28.691022107,0.279631069,20.000000000,0.000000000000,0.908457010881,90.845701088
2026-01-23T05:00:00Z,2461063.708333333,42163.300195,365437.917017,108.528966932,8.690862391,28.690862391,0.272402117,20.000000000,0.000000000000,0.908457680019,90.845768002
2026-01-23T06:00:00Z,2461063.750000000,42164.122185,375782.115994,93.660815516,8.690691651,28.690691651,0.264903618,20.000000000,0.000000000000,0.908458395335,90.845839533
2026-01-23T07:00:00Z,2461063.791666667,42164.943438,386305.839006,79.210049721,8.690521071,28.690521071,0.257687078,20.000000000,0.000000000000,0.908459109978,90.845910998
2026-01-23T08:00:00Z,2461063.833333333,42165.710150,396337.540617,65.139072509,8.690361825,28.690361825,0.251164717,20.000000000,0.000000000000,0.908459777131,90.845977713
2026-01-23T09:00:00Z,2461063.875000000,42166.371719,405284.842075,51.394456562,8.690224423,28.690224423,0.245619826,20.000000000,0.000000000000,0.908460352771,90.846035277
2026-01-23T10:00:00Z,2461063.916666667,42166.883802,412653.846004,37.915016492,8.690118070,28.690118070,0.241233621,20.000000000,0.068010251367,0.913872882171,91.387288217
2026-01-23T11:00:00Z,2461063.958333333,42167.211128,418059.189832,24.638835936,8.690050090,28.690050090,0.238114545,20.000000000,0.210291905787,0.925195581272,92.519558127
2026-01-23T12:00:00Z,2461064.000000000,42167.329897,421228.638646,11.523141431,8.690025424,28.690025424,0.236322891,20.000000000,0.360031114779,0.937111552251,93.711155225
2026-01-23T13:00:00Z,2461064.041666667,42167.229621,422004.829201,2.180234574,8.690046250,28.690046250,0.235888221,20.000000000,0.378922438992,0.938614788820,93.861478882
2026-01-23T14:00:00Z,2461064.083333333,42166.915904,420345.745500,14.838331543,8.690111403,28.690111403,0.236819266,20.000000000,0.325677624551,0.934377428160,93.437742816
2026-01-23T15:00:00Z,2461064.125000000,42166.402531,416324.723695,27.987525407,8.690218023,28.690218023,0.239106569,20.000000000,0.171416312739,0.922101256331,92.210125633
2026-01-23T16:00:00Z,2461064.166666667,42165.712516,410130.069413,41.297777041,8.690361334,28.690361334,0.242718085,20.000000000,0.039339895167,0.911590348578,91.159034858
2026-01-23T17:00:00Z,2461064.208333333,42164.892371,402064.095897,54.821578256,8.690531678,28.690531678,0.247587383,20.000000000,0.000000000000,0.908459065540,90.845906554
2026-01-23T18:00:00Z,2461064.250000000,42164.009113,392540.633350,68.620901757,8.690715137,28.690715137,0.253594160,20.000000000,0.000000000000,0.908458296939,90.845829694
2026-01-23T19:00:00Z,2461064.291666667,42163.127982,382079.104326,82.754739243,8.690898163,28.690898163,0.260537751,20.000000000,0.000000000000,0.908457530150,90.845753015
2026-01-23T20:00:00Z,2461064.333333333,42162.288562,371292.408778,97.271840516,8.691072531,28.691072531,0.268106884,20.000000000,0.000000000000,0.908456799627,90.845679963
2026-01-23T21:00:00Z,2461064.375000000,42161.552756,360865.260148,112.200164644,8.691225383,28.691225383,0.275853852,20.000000000,0.000000000000,0.908456159247,90.845615925
2026-01-23T22:00:00Z,2461064.416666667,42160.986003,351516.869732,127.532665455,8.691343120,28.691343120,0.283190086,20.000000000,0.000000000000,0.908455665979,90.845566598
2026-01-23T23:00:00Z,2461064.458333333,42160.646738,343945.665767,143.202143763,8.691413600,28.691413600,0.289423943,20.000000000,0.000000000000,0.908455370695,90.845537069
2026-01-24T00:00:00Z,2461064.500000000,42160.576236,338757.448860,158.993641842,8.691428247,28.691428247,0.293856634,20.000000000,0.000000000000,0.908455309332,90.845530933
2026-01-24T01:00:00Z,2461064.541666667,42160.790094,336387.001438,173.235114822,8.691383819,28.691383819,0.295927398,20.000000000,0.000000000000,0.908455495467,90.845549547
2026-01-24T02:00:00Z,2461064.583333333,42161.273668,337031.918332,166.497081631,8.691283360,28.691283360,0.295361130,20.000000000,0.000000000000,0.908455916347,90.845591635
2026-01-24T03:00:00Z,2461064.625000000,42161.982846,340619.695906,150.927874743,8.691136038,28.691136038,0.292250038,20.000000000,0.000000000000,0.908456533562,90.845653356
2026-01-24T04:00:00Z,2461064.666666667,42162.850186,346820.130427,135.173437124,8.690955867,28.690955867,0.287025161,20.000000000,0.000000000000,0.908457288396,90.845728840
2026-01-24T05:00:00Z,2461064.708333333,42163.791426,355098.397550,119.693129263,8.690760354,28.690760354,0.280333804,20.000000000,0.000000000000,0.908458107504,90.845810750
2026-01-24T06:00:00Z,2461064.750000000,42164.089514,364782.001862,104.618852619,8.690698437,28.690698437,0.272891928,20.000000000,0.000000000000,0.908458366904,90.845836690
2026-01-24T07:00:00Z,2461064.791666667,42164.880454,375172.477134,89.958563282,8.690534153,28.690534153,0.265334078,20.000000000,0.000000000000,0.908459055171,90.845905517
2026-01-24T08:00:00Z,2461064.833333333,42165.695081,385559.428686,75.715515133,8.690364955,28.690364955,0.258185942,20.000000000,0.000000000000,0.908459764019,90.845976402
2026-01-24T09:00:00Z,2461064.875000000,42166.400993,395294.480149,61.860519697,8.690218343,28.690218343,0.251827467,20.000000000,0.000000000000,0.908460378242,90.846037824
2026-01-24T10:00:00Z,2461064.916666667,42166.939774,403815.791585,48.357513045,8.690106445,28.690106445,0.246513377,20.000000000,0.000389244738,0.908491822140,90.849182214
2026-01-24T11:00:00Z,2461064.958333333,42167.265134,410663.069266,35.190741426,8.690038874,28.690038874,0.242403059,20.000000000,0.093990591837,0.915940663759,91.594066376
2026-01-24T12:00:00Z,2461065.000000000,42167.386062,415485.679829,22.447857831,8.690013760,28.690013760,0.239589431,20.000000000,0.236265256760,0.927262627072,92.726262707
2026-01-24T13:00:00Z,2461065.041666667,42167.278508,418045.211188,10.937623046,8.690036097,28.690036097,0.238122507,20.000000000,0.365231513631,0.937525342131,93.752534213
2026-01-24T14:00:00Z,2461065.083333333,42166.906445,418216.930614,8.790656323,8.690113367,28.690113367,0.238024734,20.000000000,0.378778702543,0.938603069453,93.860306945
2026-01-24T15:00:00Z,2461065.125000000,42166.267853,415990.246063,19.376373338,8.690245994,28.690245994,0.239298824,20.000000000,0.272903876802,0.930177262888,93.017726289
2026-01-24T16:00:00Z,2461065.166666667,42165.406454,411468.455175,31.930447058,8.690424902,28.690424902,0.241928590,20.000000000,0.127718252875,0.918623008508,91.862300851
2026-01-24T17:00:00Z,2461065.208333333,42164.407954,404868.048565,44.964634686,8.690632294,28.690632294,0.245872682,20.000000000,0.014345239198,0.909600201875,90.960020187
2026-01-24T18:00:00Z,2461065.250000000,42163.381484,396517.110549,58.319686095,8.690845505,28.690845505,0.251050972,20.000000000,0.000000000000,0.908457750759,90.845775076
2026-01-24T19:00:00Z,2461065.291666667,42162.416676,386851.513857,71.993086657,8.691045918,28.691045918,0.257323594,20.000000000,0.000000000000,0.908456911123,90.845691112
2026-01-24T20:00:00Z,2461065.333333333,42161.552863,376407.319410,86.011065430,8.691225361,28.691225361,0.264463616,20.000000000,0.000000000000,0.908456159340,90.845615934
2026-01-24T21:00:00Z,2461065.375000000,42160.853249,365807.588569,100.392502653,8.691370699,28.691370699,0.272126836,20.000000000,0.000000000000,0.908455550435,90.845555044
2026-01-24T22:00:00Z,2461065.416666667,42160.373627,355736.722448,115.124598013,8.691470338,28.691470338,0.279830776,20.000000000,0.000000000000,0.908455132985,90.845513299
2026-01-24T23:00:00Z,2461065.458333333,42160.153755,346899.746044,130.124109874,8.691516017,28.691516017,0.286959286,20.000000000,0.000000000000,0.908454941611,90.845494161
2026-01-25T00:00:00Z,2461065.500000000,42160.211915,339964.024485,145.133392792,8.691503934,28.691503934,0.292813691,20.000000000,0.000000000000,0.908454992233,90.845499223
2026-01-25T01:00:00Z,2461065.541666667,42160.542355,335486.779429,159.228615829,8.691435285,28.691435285,0.296721476,20.000000000,0.000000000000,0.908455279843,90.845527984
2026-01-25T02:00:00Z,2461065.583333333,42161.116268,333840.381666,167.267744129,8.691316058,28.691316058,0.298184828,20.000000000,0.000000000000,0.908455779355,90.845577936
2026-01-25T03:00:00Z,2461065.625000000,42161.885407,335154.767744,159.576501659,8.691156280,28.691156280,0.297015417,20.000000000,0.000000000000,0.908456448759,90.845644876
2026-01-25T04:00:00Z,2461065.666666667,42162.769559,339296.020350,145.567701636,8.690972615,28.690972615,0.293390186,20.000000000,0.000000000000,0.908457218229,90.845721823
2026-01-25T05:00:00Z,2461065.708333333,42163.716063,345888.885914,130.616188892,8.690776008,28.690776008,0.287797932,20.000000000,0.000000000000,0.908458041922,90.845804192
2026-01-25T06:00:00Z,2461065.750000000,42164.698025,354375.085911,115.685039128,8.690572044,28.690572044,0.280905995,20.000000000,0.000000000000,0.908458896426,90.845889643
2026-01-25T07:00:00Z,2461065.791666667,42165.645900,364088.652372,101.042786884,8.690375170,28.690375170,0.273411611,20.000000000,0.000000000000,0.908459721225,90.845972122
2026-01-25T08:00:00Z,2461065.833333333,42166.463044,374328.669702,86.781148288,8.690205455,28.690205455,0.265932195,20.000000000,0.000000000000,0.908460432233,90.846043223
2026-01-25T09:00:00Z,2461065.875000000,42167.120037,384417.017359,72.925229583,8.690069008,28.690069008,0.258953225,20.000000000,0.000000000000,0.908461003869,90.846100387
2026-01-25T10:00:00Z,2461065.916666667,42167.577625,393738.743548,59.477859693,8.689973977,28.689973977,0.252822492,20.000000000,0.000000000000,0.908461401994,90.846140199
2026-01-25T11:00:00Z,2461065.958333333,42167.792874,401766.899067,46.457018922,8.689929275,28.689929275,0.247770530,20.000000000,0.006705951519,0.908995231935,90.899523193
2026-01-25T12:00:00Z,2461066.000000000,42167.757356,408075.812329,33.968028906,8.689936651,28.689936651,0.243939937,20.000000000,0.106335385448,0.916923459476,91.692345948
2026-01-25T13:00:00Z,2461066.041666667,42167.460784,412347.754704,22.459067574,8.689998242,28.689998242,0.241412693,20.000000000,0.236131523103,0.927252049898,92.725204990
2026-01-25T14:00:00Z,2461066.083333333,42166.878693,414375.526072,14.023384776,8.690119131,28.690119131,0.240231319,20.000000000,0.334654536280,0.935091755721,93.509175572
2026-01-25T15:00:00Z,2461066.125000000,42166.090224,414063.152909,14.959139076,8.690282886,28.690282886,0.240412552,20.000000000,0.324329250331,0.934269409531,93.426940953
2026-01-25T16:00:00Z,2461066.166666667,42165.187064,411425.628758,24.195524849,8.690470469,28.690470469,0.241953773,20.000000000,0.215527896647,0.925610487034,92.561048703
2026-01-25T17:00:00Z,2461066.208333333,42164.216716,406588.297793,35.882786389,8.690672016,28.690672016,0.244832404,20.000000000,0.087187429937,0.915396632821,91.539663282
2026-01-25T18:00:00Z,2461066.250000000,42163.255638,399785.987536,48.398073807,8.690871646,28.690871646,0.248998223,20.000000000,0.000321584126,0.908483232095,90.848323209
2026-01-25T19:00:00Z,2461066.291666667,42162.378388,391360.964229,61.382199379,8.691053872,28.691053872,0.254358568,20.000000000,0.000000000000,0.908456877801,90.845687780
2026-01-25T20:00:00Z,2461066.333333333,42161.650780,381758.660304,74.743386758,8.691205020,28.691205020,0.260756445,20.000000000,0.000000000000,0.908456244560,90.845624456
2026-01-25T21:00:00Z,2461066.375000000,42161.124328,371519.041392,88.453811820,8.691314384,28.691314384,0.267943333,20.000000000,0.000000000000,0.908455786370,90.845578637
2026-01-25T22:00:00Z,2461066.416666667,42160.832573,361260.493691,102.483454609,8.691374994,28.691374994,0.275552054,20.000000000,0.000000000000,0.908455532439,90.845553244
2026-01-25T23:00:00Z,2461066.458333333,42160.789556,351652.294973,116.752587461,8.691383930,28.691383930,0.283081026,20.000000000,0.000000000000,0.908455494999,90.845549500
2026-01-26T00:00:00Z,2461066.500000000,42160.990371,343371.974558,131.053780177,8.691342212,28.691342212,0.289907504,20.000000000,0.000000000000,0.908455669780,90.845566978
2026-01-26T01:00:00Z,2461066.541666667,42161.413417,337046.469349,144.834572278,8.691254329,28.691254329,0.295348378,20.000000000,0.000000000000,0.908456037976,90.845603798
2026-01-26T02:00:00Z,2461066.583333333,42162.023794,333181.881718,156.362695756,8.691127532,28.691127532,0.298774165,20.000000000,0.000000000000,0.908456569199,90.845656920
2026-01-26T03:00:00Z,2461066.625000000,42162.777187,332094.689501,160.367083944,8.690971031,28.690971031,0.299752283,20.000000000,0.000000000000,0.908457224867,90.845722487
2026-01-26T04:00:00Z,2461066.666666667,42163.623641,333862.971479,153.127373600,8.690795205,28.690795205,0.298164652,20.000000000,0.000000000000,0.908457961493,90.845796149
2026-01-26T05:00:00Z,2461066.708333333,42164.510814,338313.892724,140.572814671,8.690610929,28.690610929,0.294241907,20.000000000,0.000000000000,0.908458733518,90.845873352
2026-01-26T06:00:00Z,2461066.750000000,42165.386496,345052.071549,126.598379613,8.690429047,28.690429047,0.288495900,20.000000000,0.000000000000,0.908459495507,90.845949551
2026-01-26T07:00:00Z,2461066.791666667,42166.193108,353518.868392,112.378200364,8.690261518,28.690261518,0.281586351,20.000000000,0.000000000000,0.908460197362,90.846019736
2026-01-26T08:00:00Z,2461066.833333333,42166.759117,363064.084045,98.314089842,8.690143965,28.690143965,0.274183186,20.000000000,0.000000000000,0.908460689842,90.846068984
2026-01-26T09:00:00Z,2461066.875000000,42167.298198,373013.419991,84.566764158,8.690032008,28.690032008,0.266869882,20.000000000,0.000000000000,0.908461158879,90.846115888
2026-01-26T10:00:00Z,2461066.916666667,42167.857117,382720.982575,71.208934842,8.689915933,28.689915933,0.260100788,20.000000000,0.000000000000,0.908461645161,90.846164516
2026-01-26T11:00:00Z,2461066.958333333,42168.118864,391605.549644,58.292661559,8.689861575,28.689861575,0.254199702,20.000000000,0.000000000000,0.908461872887,90.846187289
2026-01-26T12:00:00Z,2461067.000000000,42168.018629,399172.597717,45.911130328,8.689882391,28.689882391,0.249380850,20.000000000,0.009283650047,0.909200555078,90.920055508
2026-01-26T13:00:00Z,2461067.041666667,42167.761693,405026.388312,34.320651577,8.689935750,28.689935750,0.245776560,20.000000000,0.102735380186,0.916636983933,91.663698393
2026-01-26T14:00:00Z,2461067.083333333,42167.194175,408875.645476,24.313846629,8.690053611,28.690053611,0.243462745,20.000000000,0.214124912113,0.925500587474,92.550058747
2026-01-26T15:00:00Z,2461067.125000000,42166.429640,410536.332461,18.335672877,8.690212393,28.690212393,0.242477892,20.000000000,0.285252417020,0.931160069267,93.116006927
2026-01-26T16:00:00Z,2461067.166666667,42165.711255,409931.887177,20.185712910,8.690361596,28.690361596,0.242835428,20.000000000,0.263261408378,0.929409455326,92.940945533
2026-01-26T17:00:00Z,2461067.208333333,42164.928788,407092.602408,28.375870360,8.690524114,28.690524114,0.244529105,20.000000000,0.167001673705,0.921748668167,92.174866817
2026-01-26T18:00:00Z,2461067.250000000,42164.139461,402155.356481,39.182070208,8.690688062,28.690688062,0.247531198,20.000000000,0.056756983746,0.912974987628,91.297498763
2026-01-26T19:00:00Z,2461067.291666667,42163.399883,395362.154026,51.076218196,8.690841684,28.690841684,0.251784362,20.000000000,0.000000000000,0.908457766771,90.845776677
2026-01-26T20:00:00Z,2461067.333333333,42162.761497,387057.639539,63.573910594,8.690974290,28.690974290,0.257186557,20.000000000,0.000000000000,0.908457211213,90.845721121
2026-01-26T21:00:00Z,2461067.375000000,42162.266777,377684.138842,76.502790573,8.691077057,28.691077057,0.263569550,20.000000000,0.000000000000,0.908456780667,90.845678067
2026-01-26T22:00:00Z,2461067.416666667,42161.946479,367772.134249,89.779046238,8.691143593,28.691143593,0.270673192,20.000000000,0.000000000000,0.908456501911,90.845650191
2026-01-26T23:00:00Z,2461067.458333333,42161.818123,357923.166190,103.319225611,8.691170257,28.691170257,0.278121361,20.000000000,0.000000000000,0.908456390201,90.845639020
2026-01-27T00:00:00Z,2461067.500000000,42161.885670,348781.540709,116.972279368,8.691156225,28.691156225,0.285411031,20.000000000,0.000000000000,0.908456448989,90.845644899
2026-01-27T01:00:00Z,2461067.541666667,42162.140245,340991.748043,130.408468668,8.691103342,28.691103342,0.291931164,20.000000000,0.000000000000,0.908456670546,90.845667055
2026-01-27T02:00:00Z,2461067.583333333,42162.561613,335141.313524,142.838532415,8.691015811,28.691015811,0.297027341,20.000000000,0.000000000000,0.908457037259,90.845703726
2026-01-27T03:00:00Z,2461067.625000000,42163.120104,331694.529351,152.227128175,8.690899799,28.690899799,0.300113911,20.000000000,0.000000000000,0.908457523294,90.845752329
2026-01-27T04:00:00Z,2461067.666666667,42163.778710,330929.714679,154.479624041,8.690762995,28.690762995,0.300807514,20.000000000,0.000000000000,0.908458096438,90.845809644
2026-01-27T05:00:00Z,2461067.708333333,42164.495210,332897.051114,147.999333027,8.690614170,28.690614170,0.299029802,20.000000000,0.000000000000,0.908458719940,90.845871994
2026-01-27T06:00:00Z,2461067.750000000,42165.223799,337410.804803,136.709532514,8.690462839,28.690462839,0.295029459,20.000000000,0.000000000000,0.908459353936,90.845935394
2026-01-27T07:00:00Z,2461067.791666667,42165.918441,344078.930097,123.694935486,8.690318564,28.690318564,0.289311846,20.000000000,0.000000000000,0.908459958370,90.845995837
2026-01-27T08:00:00Z,2461067.833333333,42166.532546,352359.977524,110.202199380,8.690191021,28.690191021,0.282512479,20.000000000,0.000000000000,0.908460492707,90.846049271
2026-01-27T09:00:00Z,2461067.875000000,42167.019622,361630.162565,96.732011170,8.690089862,28.690089862,0.275270374,20.000000000,0.000000000000,0.908460916501,90.846091650
2026-01-27T10:00:00Z,2461067.916666667,42167.340096,371245.595205,83.509851595,8.690023306,28.690023306,0.268140692,20.000000000,0.000000000000,0.908461195333,90.846119533
2026-01-27T11:00:00Z,2461067.958333333,42167.472313,380591.143858,70.656458820,8.689995848,28.689995848,0.261556357,20.000000000,0.000000000000,0.908461310367,90.846131037
2026-01-27T12:00:00Z,2461068.000000000,42167.407900,389113.962701,58.272520387,8.690009225,28.690009225,0.255827412,20.000000000,0.000000000000,0.908461254326,90.846125433
2026-01-27T13:00:00Z,2461068.041666667,42167.158692,396344.228124,46.517787581,8.690060980,28.690060980,0.251160479,20.000000000,0.006436650139,0.908973249844,90.897324984
2026-01-27T14:00:00Z,2461068.083333333,42166.746309,401906.744664,35.756976881,8.690146625,28.690146625,0.247684317,20.000000000,0.088409916656,0.915496116325,91.549611633
2026-01-27T15:00:00Z,2461068.125000000,42166.194183,405526.555465,26.927708924,8.690261295,28.690261295,0.245473423,20.000000000,0.183580571185,0.923069075977,92.306907598
2026-01-27T16:00:00Z,2461068.166666667,42165.532007,407031.348797,22.220850174,8.690398825,28.690398825,0.244565904,20.000000000,0.238975361421,0.927476677147,92.747667715
2026-01-27T17:00:00Z,2461068.208333333,42164.798259,406352.132999,24.081227137,8.690551225,28.690551225,0.244974697,20.000000000,0.216879924908,0.925717739701,92.571773970
2026-01-27T18:00:00Z,2461068.250000000,42164.041326,403523.077463,31.368759020,8.690708446,28.690708446,0.246692198,20.000000000,0.133773544171,0.919103685376,91.910368538
2026-01-27T19:00:00Z,2461068.291666667,42163.317975,398680.861027,41.370130678,8.690858697,28.690858697,0.249688440,20.000000000,0.038782326794,0.911543894999,91.154389500
2026-01-27T20:00:00Z,2461068.333333333,42162.681681,392063.314828,52.653176845,8.690990870,28.690990870,0.253902901,20.000000000,0.000000000000,0.908457141751,90.845714175
2026-01-27T21:00:00Z,2461068.375000000,42162.175374,384006.741402,64.654516863,8.691096044,28.691096044,0.259229894,20.000000000,0.000000000000,0.908456701119,90.845670112
2026-01-27T22:00:00Z,2461068.416666667,42161.833355,374940.743992,77.137668341,8.691167092,28.691167092,0.265498069,20.000000000,0.000000000000,0.908456403458,90.845640346
2026-01-27T23:00:00Z,2461068.458333333,42161.679039,365378.497755,89.971646818,8.691199149,28.691199149,0.272446417,20.000000000,0.000000000000,0.908456269154,90.845626915
2026-01-28T00:00:00Z,2461068.500000000,42161.723331,355899.657379,103.030048003,8.691189948,28.691189948,0.279702665,20.000000000,0.000000000000,0.908456307703,90.845630770
2026-01-28T01:00:00Z,2461068.541666667,42161.963810,347122.604317,116.110759212,8.691139993,28.691139993,0.286775052,20.000000000,0.000000000000,0.908456516994,90.845651699
2026-01-28T02:00:00Z,2461068.583333333,42162.384778,339663.358068,128.811430988,8.691052545,28.691052545,0.293072888,20.000000000,0.000000000000,0.908456883362,90.845688336
2026-01-28T03:00:00Z,2461068.625000000,42162.958203,334081.211866,140.251371547,8.690933430,28.690933430,0.297969872,20.000000000,0.000000000000,0.908457382399,90.845738240
2026-01-28T04:00:00Z,2461068.666666667,42163.645481,330816.455715,148.473028156,8.690790669,28.690790669,0.300910500,20.000000000,0.000000000000,0.908457980499,90.845798050
2026-01-28T05:00:00Z,2461068.708333333,42164.399947,330131.997711,150.293624384,8.690633957,28.690633957,0.301534379,20.000000000,0.000000000000,0.908458637043,90.845863704
2026-01-28T06:00:00Z,2461068.750000000,42165.169961,332074.440348,144.663924966,8.690474021,28.690474021,0.299770562,20.000000000,0.000000000000,0.908459307090,90.845930709
2026-01-28T07:00:00Z,2461068.791666667,42165.902381,336467.096026,134.418900796,8.690321900,28.690321900,0.295856953,20.000000000,0.000000000000,0.908459944396,90.845994440
2026-01-28T08:00:00Z,2461068.833333333,42166.546188,342937.399172,122.210900750,8.690188187,28.690188187,0.290274882,20.000000000,0.000000000000,0.908460504576,90.846050458
2026-01-28T09:00:00Z,2461068.875000000,42167.056031,350969.639531,109.326512138,8.690082301,28.690082301,0.283631638,20.000000000,0.000000000000,0.908460948179,90.846094818
2026-01-28T10:00:00Z,2461068.916666667,42167.395419,359967.683811,96.341473577,8.690011817,28.690011817,0.276541696,20.000000000,0.000000000000,0.908461243467,90.846124347
2026-01-28T11:00:00Z,2461068.958333333,42167.539363,369313.686679,83.534486234,8.689981923,28.689981923,0.269543367,20.000000000,0.000000000000,0.908461368704,90.846136870
2026-01-28T12:00:00Z,2461069.000000000,42167.476232,378414.737047,71.065163772,8.689995034,28.689995034,0.263060677,20.000000000,0.000000000000,0.908461313778,90.846131378
2026-01-28T13:00:00Z,2461069.041666667,42167.208717,386735.517315,59.068328932,8.690050591,28.690050591,0.257400776,20.000000000,0.000000000000,0.908461081025,90.846108103
2026-01-28T14:00:00Z,2461069.083333333,42166.753780,393818.884209,47.740457782,8.690145073,28.690145073,0.252771043,20.000000000,0.001872241629,0.908609673454,90.860967345
2026-01-28T15:00:00Z,2461069.125000000,42166.141602,399297.653962,37.485782367,8.690272215,28.690272215,0.249302746,20.000000000,0.071951959737,0.914185907575,91.418590757
2026-01-28T16:00:00Z,2461069.166666667,42165.413570,402900.717253,29.233446741,8.690423424,28.690423424,0.247073265,20.000000000,0.157323539454,0.920978928550,92.097892855
2026-01-28T17:00:00Z,2461069.208333333,42164.619442,404455.847218,24.876193937,8.690588366,28.690588366,0.246123265,20.000000000,0.207504923328,0.924971545176,92.497154518
2026-01-28T18:00:00Z,2461069.250000000,42163.813887,403890.740730,26.340769627,8.690755688,28.690755688,0.246467632,20.000000000,0.190384159451,0.923608417082,92.360841708
2026-01-28T19:00:00Z,2461069.291666667,42163.052638,401233.152340,32.866872646,8.690913813,28.690913813,0.248100133,20.000000000,0.117782217364,0.917830275633,91.783027563
2026-01-28T20:00:00Z,2461069.333333333,42162.388535,396610.450772,42.227155932,8.691051764,28.691051764,0.250991888,20.000000000,0.032320050250,0.911028834511,91.102883451
2026-01-28T21:00:00Z,2461069.375000000,42161.867756,390248.476432,53.025959691,8.691159946,28.691159946,0.255083677,20.000000000,0.000000000000,0.908456433397,90.845643340
2026-01-28T22:00:00Z,2461069.416666667,42161.526505,382469.108137,64.640536771,8.691230836,28.691230836,0.260272078,20.000000000,0.000000000000,0.908456136400,90.845613640
2026-01-28T23:00:00Z,2461069.458333333,42161.388417,373685.371390,76.787667894,8.691259522,28.691259522,0.266390000,20.000000000,0.000000000000,0.908456016218,90.845601622
2026-01-29T00:00:00Z,2461069.500000000,42161.462804,364392.202469,89.305197385,8.691244069,28.691244069,0.273183849,20.000000000,0.000000000000,0.908456080959,90.845608096
2026-01-29T01:00:00Z,2461069.541666667,42161.741606,355150.197791,102.043978431,8.691186152,28.691186152,0.280292916,20.000000000,0.000000000000,0.908456323608,90.845632361
2026-01-29T02:00:00Z,2461069.583333333,42162.203697,346559.309077,114.782996322,8.691090160,28.691090160,0.287241178,20.000000000,0.000000000000,0.908456725769,90.845672577
2026-01-29T03:00:00Z,2461069.625000000,42162.817643,339219.845963,127.106088257,8.690962627,28.690962627,0.293456069,20.000000000,0.000000000000,0.908457260075,90.845726008
2026-01-29T04:00:00Z,2461069.666666667,42163.542605,333680.694471,138.148685850,8.690812038,28.690812038,0.298327529,20.000000000,0.000000000000,0.908457890973,90.845789097
2026-01-29T05:00:00Z,2461069.708333333,42164.330735,330379.580566,146.113636004,8.690648333,28.690648333,0.301308410,20.000000000,0.000000000000,0.908458576815,90.845857681
2026-01-29T06:00:00Z,2461069.750000000,42165.129904,329586.235011,148.229508432,8.690482341,28.690482341,0.302033695,20.000000000,0.000000000000,0.908459272233,90.845927223
2026-01-29T07:00:00Z,2461069.791666667,42165.886704,331363.108474,143.399474287,8.690325156,28.690325156,0.300414080,20.000000000,0.000000000000,0.908459930755,90.845993076
2026-01-29T08:00:00Z,2461069.833333333,42166.549678,335555.891293,133.888755398,8.690187463,28.690187463,0.296660362,20.000000000,0.000000000000,0.908460507613,90.846050761
2026-01-29T09:00:00Z,2461069.875000000,42167.072664,341817.050987,122.194285642,8.690078847,28.690078847,0.291226303,20.000000000,0.000000000000,0.908460962651,90.846096265
2026-01-29T10:00:00Z,2461069.916666667,42167.418072,349654.643749,109.662706083,8.690007112,28.690007112,0.284698341,20.000000000,0.000000000000,0.908461263175,90.846126318
2026-01-29T11:00:00Z,2461069.958333333,42167.559840,358492.176910,96.930761043,8.689977670,28.689977670,0.277679914,20.000000000,0.000000000000,0.908461386520,90.846138652
2026-01-29T12:00:00Z,2461070.000000000,42167.485772,367725.917513,84.315523936,8.689993052,28.689993052,0.270707211,20.000000000,0.000000000000,0.908461322078,90.846132208
2026-01-29T13:00:00Z,2461070.041666667,42167.200751,376771.369543,71.999862316,8.690052245,28.690052245,0.264208080,20.000000000,0.000000000000,0.908461074095,90.846107409
2026-01-29T14:00:00Z,2461070.083333333,42166.726887,385096.463625,60.132409938,8.690150659,28.690150659,0.258496336,20.000000000,0.000000000000,0.908460661799,90.846066180
2026-01-29T15:00:00Z,2461070.125000000,42166.096000,392242.916767,48.914931225,8.690281687,28.690281687,0.253786642,20.000000000,0.000000000000,0.908460112867,90.846011287
2026-01-29T16:00:00Z,2461070.166666667,42165.349632,397838.889353,38.740309260,8.690436704,28.690436704,0.250216875,20.000000000,0.060614612317,0.913283021017,91.328302102
2026-01-29T17:00:00Z,2461070.208333333,42164.536497,401605.842654,30.477529942,8.690605594,28.690605594,0.247869894,20.000000000,0.143502451801,0.919878318143,91.987831814
2026-01-29T18:00:00Z,2461070.250000000,42163.709523,403361.958737,25.864454238,8.690777366,28.690777366,0.246790737,20.000000000,0.195929368271,0.924049599959,92.404959996
2026-01-29T19:00:00Z,2461070.291666667,42162.922671,403023.683583,26.784274434,8.690940810,28.690940810,0.246997881,20.000000000,0.185246549155,0.923198803471,92.319880347
2026-01-29T20:00:00Z,2461070.333333333,42162.227673,400606.290025,32.786196683,8.691085180,28.691085180,0.248488358,20.000000000,0.118633100197,0.917897268790,91.789726879
2026-01-29T21:00:00Z,2461070.375000000,42161.670834,396223.833683,41.794412617,8.691200854,28.691200854,0.251236796,20.000000000,0.035540907662,0.911284517581,91.128451758
2026-01-29T22:00:00Z,2461070.416666667,42161.290047,390088.428991,52.365804168,8.691279957,28.691279957,0.255188334,20.000000000,0.000000000000,0.908455930603,90.845593060
2026-01-29T23:00:00Z,2461070.458333333,42161.112200,382508.311640,63.824831290,8.691316903,28.691316903,0.260245403,20.000000000,0.000000000000,0.908455775814,90.845577581
2026-01-30T00:00:00Z,2461070.500000000,42161.151141,373883.591115,75.860270075,8.691308814,28.691308814,0.266248768,20.000000000,0.000000000000,0.908455809706,90.845580971
2026-01-30T01:00:00Z,2461070.541666667,42161.406391,364697.888568,88.298261741,8.691255788,28.691255788,0.272954868,20.000000000,0.000000000000,0.908456031861,90.845603186
2026-01-30T02:00:00Z,2461070.583333333,42161.862744,355503.275411,100.988686920,8.691160987,28.691160987,0.280014533,20.000000000,0.000000000000,0.908456429036,90.845642904
2026-01-30T03:00:00Z,2461070.625000000,42162.490861,346895.391515,113.720155467,8.691030508,28.691030508,0.286962888,20.000000000,0.000000000000,0.908456975685,90.845697568
2026-01-30T04:00:00Z,2461070.666666667,42163.248903,339476.000414,126.102875887,8.690873045,28.690873045,0.293234637,20.000000000,0.000000000000,0.908457635382,90.845763538
2026-01-30T05:00:00Z,2461070.708333333,42164.085164,333802.467161,137.331839766,8.690699340,28.690699340,0.298218697,20.000000000,0.000000000000,0.908458363119,90.845836312
2026-01-30T06:00:00Z,2461070.750000000,42164.941550,330328.297735,145.714850450,8.690521463,28.690521463,0.301355188,20.000000000,0.000000000000,0.908459108335,90.845910834
2026-01-30T07:00:00Z,2461070.791666667,42165.757405,329344.987264,148.485999817,8.690352010,28.690352010,0.302254939,20.000000000,0.000000000000,0.908459818249,90.845981825
2026-01-30T08:00:00Z,2461070.833333333,42166.464852,330939.787562,144.210821969,8.690205080,28.690205080,0.300798358,20.000000000,0.000000000000,0.908460433806,90.846043381
2026-01-30T09:00:00Z,2461070.875000000,42167.023919,334982.119513,134.963114505,8.690088970,28.690088970,0.297168499,20.000000000,0.000000000000,0.908460920240,90.846092024
2026-01-30T10:00:00Z,2461070.916666667,42167.410433,341143.310262,123.346137892,8.690008699,28.690008699,0.291801465,20.000000000,0.000000000000,0.908461256529,90.846125653
2026-01-30T11:00:00Z,2461070.958333333,42167.594411,348943.315488,110.802170503,8.689970491,28.689970491,0.285278709,20.000000000,0.000000000000,0.908461416598,90.846141660
2026-01-30T12:00:00Z,2461071.000000000,42167.552862,357811.277836,98.008791244,8.689979119,28.689979119,0.278208331,20.000000000,0.000000000000,0.908461380449,90.846138045
2026-01-30T13:00:00Z,2461071.041666667,42167.311558,367141.637099,85.298820876,8.690029233,28.690029233,0.271138026,20.000000000,0.000000000000,0.908461170503,90.846117050
2026-01-30T14:00:00Z,2461071.083333333,42166.907657,376341.821887,72.858764732,8.690113116,28.690113116,0.264509643,20.000000000,0.000000000000,0.908460819083,90.846081908
2026-01-30T15:00:00Z,2461071.125000000,42166.370999,384867.746544,60.831317325,8.690224572,28.690224572,0.258649955,20.000000000,0.000000000000,0.908460352145,90.846035215
2026-01-30T16:00:00Z,2461071.166666667,42165.720862,392247.139156,49.400099216,8.690359600,28.690359600,0.253783910,20.000000000,0.000000000000,0.908459786452,90.845978645
2026-01-30T17:00:00Z,2461071.208333333,42164.972527,398093.688698,38.920201256,8.690515029,28.690515029,0.250056723,20.000000000,0.059034821236,0.913156977097,91.315697710
2026-01-30T18:00:00Z,2461071.250000000,42164.149505,402114.878086,30.201055860,8.690685976,28.690685976,0.247556115,20.000000000,0.146552029012,0.920120659028,92.012065903
2026-01-30T19:00:00Z,2461071.291666667,42163.321991,404116.044641,24.984575127,8.690857863,28.690857863,0.246330220,20.000000000,0.206234247462,0.924869298946,92.486929895
2026-01-30T20:00:00Z,2461071.333333333,42162.572515,404001.150228,25.445055464,8.691013547,28.691013547,0.246400274,20.000000000,0.200834468818,0.924438945974,92.443894597
2026-01-30T21:00:00Z,2461071.375000000,42161.943140,401773.544497,31.349163108,8.691144286,28.691144286,0.247766432,20.000000000,0.133990968757,0.919119161509,91.911916151
2026-01-30T22:00:00Z,2461071.416666667,42161.467607,397536.895060,40.445790335,8.691243071,28.691243071,0.250406957,20.000000000,0.046135652863,0.912127443742,91.212744374
2026-01-30T23:00:00Z,2461071.458333333,42161.172303,391494.914118,51.155324279,8.691304418,28.691304418,0.254271538,20.000000000,0.000000000000,0.908455828125,90.845582813
2026-01-31T00:00:00Z,2461071.500000000,42161.076440,383949.960995,62.767233137,8.691324332,28.691324332,0.259268231,20.000000000,0.000000000000,0.908455744690,90.845574469
2026-01-31T01:00:00Z,2461071.541666667,42161.190724,375299.458978,74.970542861,8.691300591,28.691300591,0.265244302,20.000000000,0.000000000000,0.908455844157,90.845584416
2026-01-31T02:00:00Z,2461071.583333333,42161.514679,366028.326070,87.603107710,8.691233293,28.691233293,0.271962725,20.000000000,0.000000000000,0.908456126107,90.845612611
2026-01-31T03:00:00Z,2461071.625000000,42162.030991,356694.755897,100.534264947,8.691126037,28.691126037,0.279079183,20.000000000,0.000000000000,0.908456575462,90.845657546
2026-01-31T04:00:00Z,2461071.666666667,42162.689326,347906.025174,113.583177568,8.690989282,28.690989282,0.286129282,20.000000000,0.000000000000,0.908457148405,90.845714840
2026-01-31T05:00:00Z,2461071.708333333,42163.460544,340281.643061,126.408780323,8.690829083,28.690829083,0.292540376,20.000000000,0.000000000000,0.908457819561,90.845781956
2026-01-31T06:00:00Z,2461071.750000000,42164.311192,334401.787815,138.277742478,8.690652392,28.690652392,0.297684219,20.000000000,0.000000000000,0.908458559809,90.845855981
2026-01-31T07:00:00Z,2461071.791666667,42165.171284,330745.593243,147.524242870,8.690473747,28.690473747,0.300974970,20.000000000,0.000000000000,0.908459308241,90.845930824
2026-01-31T08:00:00Z,2461071.833333333,42165.968433,329629.772559,151.026411468,8.690308181,28.690308181,0.301993802,20.000000000,0.000000000000,0.908460001869,90.846000187
2026-01-31T09:00:00Z,2461071.875000000,42166.651808,331162.033004,146.767501684,8.690166252,28.690166252,0.300596488,20.000000000,0.000000000000,0.908460596474,90.846059647
2026-01-31T10:00:00Z,2461071.916666667,42167.179785,335223.918485,137.098420026,8.690056600,28.690056600,0.296954148,20.000000000,0.000000000000,0.908461055853,90.846105585
2026-01-31T11:00:00Z,2461071.958333333,42167.519761,341488.983765,125.018972053,8.689985994,28.689985994,0.291506085,20.000000000,0.000000000000,0.908461351650,90.846135165
2026-01-31T12:00:00Z,2461072.000000000,42167.648193,349469.981394,112.062935396,8.689959321,28.689959321,0.284848779,20.000000000,0.000000000000,0.908461463390,90.846146339
2026-01-31T13:00:00Z,2461072.041666667,42167.551944,358580.567881,98.903129956,8.689979310,28.689979310,0.277611465,20.000000000,0.000000000000,0.908461379651,90.846137965
2026-01-31T14:00:00Z,2461072.083333333,42167.235271,368196.507127,85.851214901,8.690045076,28.690045076,0.270361220,20.000000000,0.000000000000,0.908461104129,90.846110413
2026-01-31T15:00:00Z,2461072.125000000,42166.725862,377705.845572,73.069634671,8.690150872,28.690150872,0.263554402,20.000000000,0.000000000000,0.908460660908,90.846066091
2026-01-31T16:00:00Z,2461072.166666667,42166.061160,386545.717700,60.672464067,8.690288923,28.690288923,0.257527164,20.000000000,0.000000000000,0.908460082552,90.846008255
2026-01-31T17:00:00Z,2461072.208333333,42165.282595,394226.439329,48.803672144,8.690450627,28.690450627,0.252509724,20.000000000,0.000000000000,0.908459405098,90.845940510
2026-01-31T18:00:00Z,2461072.250000000,42164.435015,400345.910940,37.759822094,8.690626673,28.690626673,0.248649973,20.000000000,0.069432716312,0.913983947566,91.398394757
2026-01-31T19:00:00Z,2461072.291666667,42163.601812,404597.635234,28.291320656,8.690799739,28.690799739,0.246037012,20.000000000,0.167965233553,0.921824191090,92.182419109
2026-01-31T20:00:00Z,2461072.333333333,42162.885646,406774.778890,22.292079030,8.690948501,28.690948501,0.244720163,20.000000000,0.238133708357,0.927407397657,92.740739766
2026-01-31T21:00:00Z,2461072.375000000,42162.339802,406772.376321,22.618036413,8.691061887,28.691061887,0.244721608,20.000000000,0.234252511759,0.927098066809,92.709806681
2026-01-31T22:00:00Z,2461072.416666667,42161.983203,404588.581511,29.078674420,8.691135964,28.691135964,0.246042518,20.000000000,0.159070253585,0.921114942451,92.111494245
2026-01-31T23:00:00Z,2461072.458333333,42161.805703,400325.254865,38.799227911,8.691172837,28.691172837,0.248662803,20.000000000,0.060102475796,0.913239182450,91.323918245
2026-02-01T00:00:00Z,2461072.500000000,42161.781387,394187.967400,50.026080334,8.691177888,28.691177888,0.252534369,20.000000000,0.000000000000,0.908456358229,90.845635823
2026-02-01T01:00:00Z,2461072.541666667,42161.884249,386484.956507,62.077189704,8.691156520,28.691156520,0.257567652,20.000000000,0.000000000000,0.908456447752,90.845644775
2026-02-01T02:00:00Z,2461072.583333333,42162.099990,377623.961869,74.687005202,8.691111704,28.691111704,0.263611552,20.000000000,0.000000000000,0.908456635512,90.845663551
2026-02-01T03:00:00Z,2461072.625000000,42162.434444,368105.062488,87.732132846,8.691042228,28.691042228,0.270428383,20.000000000,0.000000000000,0.908456926585,90.845692659
2026-02-01T04:00:00Z,2461072.666666667,42162.933483,358506.696322,101.119159422,8.690938564,28.690938564,0.277668668,20.000000000,0.000000000000,0.908457360886,90.845736089
2026-02-01T05:00:00Z,2461072.708333333,42163.600096,349461.076377,114.712152886,8.690800096,28.690800096,0.284856037,20.000000000,0.000000000000,0.908457941003,90.845794100
2026-02-01T06:00:00Z,2461072.750000000,42164.406539,341615.572218,128.234915932,8.690632588,28.690632588,0.291398064,20.000000000,0.000000000000,0.908458642780,90.845864278
2026-02-01T07:00:00Z,2461072.791666667,42165.293076,335578.698763,141.041741350,8.690448450,28.690448450,0.296640199,20.000000000,0.000000000000,0.908459414218,90.845941422
2026-02-01T08:00:00Z,2461072.833333333,42166.170186,331854.457703,151.445267696,8.690266279,28.690266279,0.299969278,20.000000000,0.000000000000,0.908460177416,90.846017742
2026-02-01T09:00:00Z,2461072.875000000,42166.934866,330776.061213,155.521719584,8.690107465,28.690107465,0.300947247,20.000000000,0.000000000000,0.908460842757,90.846084276
2026-02-01T10:00:00Z,2461072.916666667,42167.505030,332455.817085,150.354828698,8.689989053,28.689989053,0.299426677,20.000000000,0.000000000000,0.908461338833,90.846133883
2026-02-01T11:00:00Z,2461072.958333333,42167.861163,336766.601230,139.441453804,8.689915093,28.689915093,0.295593828,20.000000000,0.000000000000,0.908461648682,90.846164868
2026-02-01T12:00:00Z,2461073.000000000,42167.975968,343361.557134,126.411814596,8.689891251,28.689891251,0.289916300,20.000000000,0.000000000000,0.908461748565,90.846174857
2026-02-01T13:00:00Z,2461073.041666667,42167.842110,351725.999077,112.753880972,8.689919050,28.689919050,0.283021706,20.000000000,0.000000000000,0.908461632105,90.846163211
2026-02-01T14:00:00Z,2461073.083333333,42167.476832,361243.778308,99.039407611,8.689994909,28.689994909,0.275564804,20.000000000,0.000000000000,0.908461314300,90.846131430
2026-02-01T15:00:00Z,2461073.125000000,42166.918094,371262.024797,85.510525786,8.690110948,28.690110948,0.268128826,20.000000000,0.000000000000,0.908460828164,90.846082816
2026-02-01T16:00:00Z,2461073.166666667,42166.218272,381143.914678,72.279455367,8.690256292,28.690256292,0.261177021,20.000000000,0.000000000000,0.908460219256,90.846021926
2026-02-01T17:00:00Z,2461073.208333333,42165.436895,390306.272740,59.414793351,8.690418579,28.690418579,0.255045904,20.000000000,0.000000000000,0.908459539361,90.845953936
2026-02-01T18:00:00Z,2461073.250000000,42164.633444,398243.662307,47.006341725,8.690585458,28.690585458,0.249962554,20.000000000,0.004405316381,0.908809404168,90.880940417
2026-02-01T19:00:00Z,2461073.291666667,42163.860478,404542.520771,35.273606961,8.690746010,28.690746010,0.246070532,20.000000000,0.093175679552,0.915872852583,91.587285258
2026-02-01T20:00:00Z,2461073.333333333,42163.138684,408888.627634,24.888758299,8.690895940,28.690895940,0.243455015,20.000000000,0.207361167092,0.924958816838,92.495881684
2026-02-01T21:00:00Z,2461073.375000000,42162.506974,411072.161046,18.046717679,8.691027161,28.691027161,0.242161823,20.000000000,0.288676265987,0.931429117050,93.142911705
2026-02-01T22:00:00Z,2461073.416666667,42162.013154,410989.594707,18.943698225,8.691129742,28.691129742,0.242210472,20.000000000,0.278058751268,0.930583772306,93.058377231
2026-02-01T23:00:00Z,2461073.458333333,42161.695161,408644.574391,26.845845540,8.691195800,28.691195800,0.243600413,20.000000000,0.184538066183,0.923141355896,92.314135590
2026-02-02T00:00:00Z,2461073.500000000,42161.577294,404148.592890,37.666883305,8.691220285,28.691220285,0.246310381,20.000000000,0.070291268805,0.914049782047,91.404978205
2026-02-02T01:00:00Z,2461073.541666667,42161.667726,397721.164714,49.665605533,8.691201499,28.691201499,0.250290939,20.000000000,0.000000000000,0.908456259308,90.845625931
2026-02-02T02:00:00Z,2461073.583333333,42161.957760,389688.945988,62.318349231,8.691141249,28.691141249,0.255449938,20.000000000,0.000000000000,0.908456511730,90.845651173
2026-02-02T03:00:00Z,2461073.625000000,42162.423032,380482.593926,75.456425662,8.691044598,28.691044598,0.261630978,20.000000000,0.000000000000,0.908456916654,90.845691665
2026-02-02T04:00:00Z,2461073.666666667,42163.026342,370629.286844,89.016511651,8.690919276,28.690919276,0.268586578,20.000000000,0.000000000000,0.908457441698,90.845744170
2026-02-02T05:00:00Z,2461073.708333333,42163.721557,360737.776113,102.952928171,8.690774866,28.690774866,0.275951339,20.000000000,0.000000000000,0.908458046703,90.845804670
2026-02-02T06:00:00Z,2461073.750000000,42164.457872,351471.962848,117.182548086,8.690621925,28.690621925,0.283226269,20.000000000,0.000000000000,0.908458687449,90.845868745
2026-02-02T07:00:00Z,2461073.791666667,42165.183899,343509.133562,131.506677158,8.690471127,28.690471127,0.289791746,20.000000000,0.000000000000,0.908459319217,90.845931922
2026-02-02T08:00:00Z,2461073.833333333,42165.849962,337481.459117,145.400856206,8.690332787,28.690332787,0.294967692,20.000000000,0.000000000000,0.908459898785,90.845989878
2026-02-02T09:00:00Z,2461073.875000000,42166.406228,333905.132287,157.175253942,8.690217255,28.690217255,0.298127003,20.000000000,0.000000000000,0.908460382798,90.846038280
2026-02-02T10:00:00Z,2461073.916666667,42166.828670,333110.148679,161.315156100,8.690129520,28.690129520,0.298838504,20.000000000,0.000000000000,0.908460750359,90.846075036
2026-02-02T11:00:00Z,2461073.958333333,42167.098360,335188.989685,153.742764400,8.690073510,28.690073510,0.296985092,20.000000000,0.000000000000,0.908460985008,90.846098501
2026-02-02T12:00:00Z,2461074.000000000,42167.184182,339981.288300,140.882606226,8.690055686,28.690055686,0.292798822,20.000000000,0.000000000000,0.908461059679,90.846105968
2026-02-02T13:00:00Z,2461074.041666667,42167.081873,347099.612694,126.679918874,8.690076934,28.690076934,0.286794048,20.000000000,0.000000000000,0.908460970664,90.846097066
2026-02-02T14:00:00Z,2461074.083333333,42166.804327,355987.216997,112.253328579,8.690134576,28.690134576,0.279633868,20.000000000,0.000000000000,0.908460729178,90.846072918
2026-02-02T15:00:00Z,2461074.125000000,42166.364705,365989.799196,97.973146592,8.690225879,28.690225879,0.271991354,20.000000000,0.000000000000,0.908460346669,90.846034667
2026-02-02T16:00:00Z,2461074.166666667,42165.792724,376423.505178,83.978407468,8.690344675,28.690344675,0.264452244,20.000000000,0.000000000000,0.908459848981,90.845984898
2026-02-02T17:00:00Z,2461074.208333333,42165.128061,386628.605358,70.318063796,8.690482724,28.690482724,0.257471954,20.000000000,0.000000000000,0.908459270629,90.845927063
2026-02-02T18:00:00Z,2461074.250000000,42164.414254,396007.030572,57.008633460,8.690630985,28.690630985,0.251374342,20.000000000,0.000000000000,0.908458649493,90.845864949
2026-02-02T19:00:00Z,2461074.291666667,42163.696743,404045.793722,44.078335554,8.690780021,28.690780021,0.246373049,20.000000000,0.019668348184,0.910023182526,91.002318253
2026-02-02T20:00:00Z,2461074.333333333,42163.020525,410330.311445,31.648747850,8.690920484,28.690920484,0.242599637,20.000000000,0.130751209311,0.918862287274,91.886228727
2026-02-02T21:00:00Z,2461074.375000000,42162.428029,414551.396040,20.246808321,8.691043560,28.691043560,0.240129402,20.000000000,0.262541606788,0.929349318247,92.934931825
2026-02-02T22:00:00Z,2461074.416666667,42161.957088,416508.702217,12.552992546,8.691141389,28.691141389,0.239000951,20.000000000,0.350094136065,0.936316117295,93.631611730
2026-02-02T23:00:00Z,2461074.458333333,42161.638948,416112.412514,15.514378634,8.691207478,28.691207478,0.239228568,20.000000000,0.318078029459,0.933768079601,93.376807960
2026-02-03T00:00:00Z,2461074.500000000,42161.496302,413384.147630,25.725939102,8.691237110,28.691237110,0.240807445,20.000000000,0.197552342417,0.924176826021,92.417682602
2026-02-03T01:00:00Z,2461074.541666667,42161.541424,408457.487752,37.815648153,8.691227737,28.691227737,0.243711991,20.000000000,0.068927672402,0.913941239274,91.394123927
2026-02-03T02:00:00Z,2461074.583333333,42161.774628,401577.983943,50.606218968,8.691179292,28.691179292,0.247887090,20.000000000,0.000000000000,0.908456352347,90.845635235
2026-02-03T03:00:00Z,2461074.625000000,42162.183318,393101.990978,63.851545675,8.691094394,28.691094394,0.253232020,20.000000000,0.000000000000,0.908456708033,90.845670803
2026-02-03T04:00:00Z,2461074.666666667,42162.736520,383492.922022,77.501804911,8.690979478,28.690979478,0.259577223,20.000000000,0.000000000000,0.908457189476,90.845718948
2026-02-03T05:00:00Z,2461074.708333333,42163.372844,373312.562802,91.556172173,8.690847300,28.690847300,0.266656032,20.000000000,0.000000000000,0.908457743241,90.845774324
2026-02-03T06:00:00Z,2461074.750000000,42164.088953,363204.224266,106.013871515,8.690698553,28.690698553,0.274077393,20.000000000,0.000000000000,0.908458366416,90.845836642
2026-02-03T07:00:00Z,2461074.791666667,42164.823496,353862.618790,120.841534434,8.690545983,28.690545983,0.281312809,20.000000000,0.000000000000,0.908459005608,90.845900561
2026-02-03T08:00:00Z,2461074.833333333,42165.515896,345987.331599,135.923520981,8.690402171,28.690402171,0.287716042,20.000000000,0.000000000000,0.908459608104,90.845960810
2026-02-03T09:00:00Z,2461074.875000000,42166.137627,340218.874273,150.909572635,8.690273041,28.690273041,0.292594349,20.000000000,0.000000000000,0.908460149087,90.846014909
2026-02-03T10:00:00Z,2461074.916666667,42166.644171,337063.155342,164.281250373,8.690167838,28.690167838,0.295333757,20.000000000,0.000000000000,0.908460589830,90.846058983
2026-02-03T11:00:00Z,2461074.958333333,42166.991366,336819.635968,167.031104476,8.690095731,28.690095731,0.295547284,20.000000000,0.000000000000,0.908460891916,90.846089192
2026-02-03T12:00:00Z,2461075.000000000,42167.162478,339533.413284,155.231615998,8.690060194,28.690060194,0.293185053,20.000000000,0.000000000000,0.908461040795,90.846104080
2026-02-03T13:00:00Z,2461075.041666667,42167.152676,344987.446413,140.415529911,8.690062230,28.690062230,0.288549943,20.000000000,0.000000000000,0.908461032267,90.846103227
2026-02-03T14:00:00Z,2461075.083333333,42166.967034,352737.955418,125.256081331,8.690100784,28.690100784,0.282209749,20.000000000,0.000000000000,0.908460870745,90.846087075
2026-02-03T15:00:00Z,2461075.125000000,42166.619201,362180.175717,110.263075271,8.690173024,28.690173024,0.274852341,20.000000000,0.000000000000,0.908460568103,90.846056810
2026-02-03T16:00:00Z,2461075.166666667,42166.130033,372624.213842,95.591893022,8.690274618,28.690274618,0.267148629,20.000000000,0.000000000000,0.908460142479,90.846014248
2026-02-03T17:00:00Z,2461075.208333333,42165.526350,383363.674278,81.285929554,8.690400000,28.690400000,0.259664738,20.000000000,0.000000000000,0.908459617200,90.845961720
2026-02-03T18:00:00Z,2461075.250000000,42164.839877,393728.165669,67.338494051,8.690542581,28.690542581,0.252829284,20.000000000,0.000000000000,0.908459019862,90.845901986
2026-02-03T19:00:00Z,2461075.291666667,42164.106333,403118.599175,53.720729601,8.690694943,28.690694943,0.246939724,20.000000000,0.000000000000,0.908458381540,90.845838154
2026-02-03T20:00:00Z,2461075.333333333,42163.364535,411028.505845,40.403515145,8.690849026,28.690849026,0.242187543,20.000000000,0.046477310479,0.912156282862,91.215628286
2026-02-03T21:00:00Z,2461075.375000000,42162.655335,417055.741724,27.397989015,8.690996343,28.690996343,0.238687459,20.000000000,0.178174092326,0.922635762585,92.263576259
2026-02-03T22:00:00Z,2461075.416666667,42162.020221,420908.370106,14.959643522,8.691128274,28.691128274,0.236502710,20.000000000,0.324333968906,0.934266243272,93.426624327
2026-02-03T23:00:00Z,2461075.458333333,42161.499460,422407.404168,6.479022413,8.691236454,28.691236454,0.235663407,20.000000000,0.378922438992,0.938609802469,93.860980247
2026-02-04T00:00:00Z,2461075.500000000,42161.129748,421488.061000,14.218879514,8.691313258,28.691313258,0.236177435,20.000000000,0.332538229339,0.934918342570,93.491834257
2026-02-04T01:00:00Z,2461075.541666667,42160.941473,418200.387697,26.612471287,8.691352371,28.691352371,0.238034150,20.000000000,0.187240186858,0.923355727863,92.335572786
2026-02-04T02:00:00Z,2461075.583333333,42160.955814,412709.526138,39.634843325,8.691349391,28.691349391,0.241201075,20.000000000,0.052882985173,0.912663933951,91.266393395
2026-02-04T03:00:00Z,2461075.625000000,42161.181997,405295.360387,52.992236633,8.691302404,28.691302404,0.245613451,20.000000000,0.000000000000,0.908455836562,90.845583656
2026-02-04T04:00:00Z,2461075.666666667,42161.615108,396350.695684,66.671188361,8.691212430,28.691212430,0.251156380,20.000000000,0.000000000000,0.908456213514,90.845621351
2026-02-04T05:00:00Z,2461075.708333333,42162.234849,386376.320967,80.705444380,8.691083689,28.691083689,0.257640071,20.000000000,0.000000000000,0.908456752880,90.845675288
2026-02-04T06:00:00Z,2461075.750000000,42163.005565,375970.251297,95.134144442,8.690923591,28.690923591,0.264771059,20.000000000,0.000000000000,0.908457423616,90.845742362
2026-02-04T07:00:00Z,2461075.791666667,42163.877750,365807.284034,109.984035278,8.690742423,28.690742423,0.272127062,20.000000000,0.000000000000,0.908458182625,90.845818262
2026-02-04T08:00:00Z,2461075.833333333,42164.791072,356604.319149,125.254147785,8.690552718,28.690552718,0.279149959,20.000000000,0.000000000000,0.908458977393,90.845897739
2026-02-04T09:00:00Z,2461075.875000000,42165.678802,349067.886535,140.896279563,8.690368336,28.690368336,0.285176902,20.000000000,0.000000000000,0.908459749854,90.845974985
2026-02-04T10:00:00Z,2461075.916666667,42166.478296,343824.508509,156.767233695,8.690202288,28.690202288,0.289525931,20.000000000,0.000000000000,0.908460445504,90.846044550
2026-02-04T11:00:00Z,2461075.958333333,42167.141617,341342.850413,172.089578031,8.690064526,28.690064526,0.291630884,20.000000000,0.000000000000,0.908461022644,90.846102264
2026-02-04T12:00:00Z,2461076.000000000,42167.629541,341864.302074,169.249671957,8.689963195,28.689963195,0.291186050,20.000000000,0.000000000000,0.908461447163,90.846144716
2026-02-04T13:00:00Z,2461076.041666667,42167.909894,345363.488022,153.601327855,8.689904973,28.689904973,0.288235759,20.000000000,0.000000000000,0.908461691079,90.846169108
2026-02-04T14:00:00Z,2461076.083333333,42167.958220,351552.662736,137.746063179,8.689894937,28.689894937,0.283161253,20.000000000,0.000000000000,0.908461733124,90.846173312
2026-02-04T15:00:00Z,2461076.125000000,42167.760751,359928.203820,122.155357705,8.689935946,28.689935946,0.276572030,20.000000000,0.000000000000,0.908461561320,90.846156132
2026-02-04T16:00:00Z,2461076.166666667,42167.319064,369842.942260,106.942657730,8.690027674,28.690027674,0.269157640,20.000000000,0.000000000000,0.908461177034,90.846117703
2026-02-04T17:00:00Z,2461076.208333333,42166.665577,380583.342517,92.141410544,8.690163392,28.690163392,0.261561718,20.000000000,0.000000000000,0.908460608455,90.846060845
2026-02-04T18:00:00Z,2461076.250000000,42165.861715,391435.778511,77.741220962,8.690330346,28.690330346,0.254309952,20.000000000,0.000000000000,0.908459909011,90.845990901
2026-02-04T19:00:00Z,2461076.291666667,42164.960745,401735.265748,63.704430103,8.690517476,28.690517476,0.247790040,20.000000000,0.000000000000,0.908459125038,90.845912504
2026-02-04T20:00:00Z,2461076.333333333,42164.020188,410897.151636,49.977429226,8.690712837,28.690712837,0.242264965,20.000000000,0.000000000000,0.908458306577,90.845830658
2026-02-04T21:00:00Z,2461076.375000000,42163.099483,418435.656374,36.498475815,8.690904083,28.690904083,0.237900312,20.000000000,0.081246817459,0.914922921654,91.492292165
2026-02-04T22:00:00Z,2461076.416666667,42162.257436,423973.718150,23.203029895,8.691078997,28.691078997,0.234792775,20.000000000,0.227295646805,0.926544385403,92.654438540
2026-02-04T23:00:00Z,2461076.458333333,42161.549488,427247.739599,10.031663685,8.691226062,28.691226062,0.232993536,20.000000000,0.372349396684,0.938086779922,93.808677992
2026-02-05T00:00:00Z,2461076.500000000,42161.024586,428109.672071,3.198733862,8.691335105,28.691335105,0.232524437,20.000000000,0.378922438992,0.938609389167,93.860938917
2026-02-05T01:00:00Z,2461076.541666667,42160.721645,426527.874105,16.296105870,8.691398039,28.691398039,0.233386769,20.000000000,0.309129828061,0.933055205988,93.305520599
2026-02-05T02:00:00Z,2461076.583333333,42160.665904,422587.432299,29.530382029,8.691409618,28.691409618,0.235563011,20.000000000,0.154012249065,0.920711292744,92.071129274
2026-02-05T03:00:00Z,2461076.625000000,42160.823871,416491.504904,42.917965170,8.691376802,28.691376802,0.239010820,20.000000000,0.027379685958,0.910634331046,91.063433105
2026-02-05T04:00:00Z,2461076.666666667,42161.042530,408563.980374,56.513658818,8.691331377,28.691331377,0.243648467,20.000000000,0.000000000000,0.908455715177,90.845571518
2026-02-05T05:00:00Z,2461076.708333333,42161.475680,399228.436216,70.393029606,8.691241394,28.691241394,0.249345970,20.000000000,0.000000000000,0.908456092166,90.845609217
2026-02-05T06:00:00Z,2461076.750000000,42162.247967,389011.244005,84.624840131,8.691080964,28.691080964,0.255894964,20.000000000,0.000000000000,0.908456764297,90.845676430
2026-02-05T07:00:00Z,2461076.791666667,42163.154619,378546.715404,99.246375766,8.690892630,28.690892630,0.262968962,20.000000000,0.000000000000,0.908457553332,90.845755333
2026-02-05T08:00:00Z,2461076.833333333,42164.108814,368532.217004,114.283003082,8.690694428,28.690694428,0.270114936,20.000000000,0.000000000000,0.908458383699,90.845838370
2026-02-05T09:00:00Z,2461076.875000000,42165.050785,359691.594585,129.730389965,8.690498774,28.690498774,0.276753963,20.000000000,0.000000000000,0.908459203387,90.845920339
2026-02-05T10:00:00Z,2461076.916666667,42165.928191,352717.792654,145.539633956,8.690316539,28.690316539,0.282225881,20.000000000,0.000000000000,0.908459966854,90.845996685
2026-02-05T11:00:00Z,2461076.958333333,42166.700647,348200.243593,161.584381094,8.690156108,28.690156108,0.285887509,20.000000000,0.000000000000,0.908460638969,90.846063897
2026-02-05T12:00:00Z,2461077.000000000,42167.314336,346549.191044,176.681526722,8.690028656,28.690028656,0.287249565,20.000000000,0.000000000000,0.908461172920,90.846117292
2026-02-05T13:00:00Z,2461077.041666667,42167.720419,347930.850692,165.328841978,8.689944322,28.689944322,0.286108866,20.000000000,0.000000000000,0.908461526230,90.846152623
2026-02-05T14:00:00Z,2461077.083333333,42167.879513,352239.532587,149.279683564,8.689911282,28.689911282,0.282609082,20.000000000,0.000000000000,0.908461664647,90.846166465
2026-02-05T15:00:00Z,2461077.125000000,42167.766583,359115.547700,133.413581101,8.689934735,28.689934735,0.277197900,20.000000000,0.000000000000,0.908461566395,90.846156639
2026-02-05T16:00:00Z,2461077.166666667,42167.376507,368002.174872,117.896258540,8.690015744,28.690015744,0.270503991,20.000000000,0.000000000000,0.908461227012,90.846122701
2026-02-05T17:00:00Z,2461077.208333333,42166.733186,378223.009605,102.789339279,8.690149351,28.690149351,0.263194028,20.000000000,0.000000000000,0.908460667280,90.846066728
2026-02-05T18:00:00Z,2461077.250000000,42165.886434,389057.554891,88.104526150,8.690325212,28.690325212,0.255864504,20.000000000,0.000000000000,0.908459930520,90.845993052
2026-02-05T19:00:00Z,2461077.291666667,42164.899232,399801.200379,73.821888587,8.690530252,28.690530252,0.248988749,20.000000000,0.000000000000,0.908459071511,90.845907151
2026-02-05T20:00:00Z,2461077.333333333,42163.849883,409809.362431,59.901778239,8.690748211,28.690748211,0.242908032,20.000000000,0.000000000000,0.908458158375,90.845815837
2026-02-05T21:00:00Z,2461077.375000000,42162.823435,418524.892059,46.297256674,8.690961424,28.690961424,0.237849588,20.000000000,0.007437157237,0.909049095284,90.904909528
2026-02-05T22:00:00Z,2461077.416666667,42161.901820,425493.624169,32.971269073,8.691152870,28.691152870,0.233954067,20.000000000,0.116688574553,0.917742244765,91.774224477
2026-02-05T23:00:00Z,2461077.458333333,42161.154730,430372.376869,19.953251163,8.691308068,28.691308068,0.231301921,20.000000000,0.266046302476,0.929627104895,92.962710490
2026-02-06T00:00:00Z,2461077.500000000,42160.632911,432932.680161,7.913790158,8.691416473,28.691416473,0.229934027,20.000000000,0.378922438992,0.938609048268,93.860904827
2026-02-06T01:00:00Z,2461077.541666667,42160.364945,433062.360843,8.589748022,8.691472142,28.691472142,0.229865173,20.000000000,0.378922438992,0.938608815036,93.860881504
2026-02-06T02:00:00Z,2461077.583333333,42160.357617,430766.167250,20.778345540,8.691473664,28.691473664,0.231090473,20.000000000,0.256203461268,0.928843142699,92.884314270
2026-02-06T03:00:00Z,2461077.625000000,42160.598620,426166.030084,33.815792241,8.691423596,28.691423596,0.233584932,20.000000000,0.107915619019,0.917042980917,91.704298092
2026-02-06T04:00:00Z,2461077.666666667,42161.063132,419501.026626,47.147637541,8.691327097,28.691327097,0.237296134,20.000000000,0.003868325461,0.908763564668,90.876356467
2026-02-06T05:00:00Z,2461077.708333333,42161.717482,411124.839400,60.750003279,8.691191163,28.691191163,0.242130794,20.000000000,0.000000000000,0.908456302612,90.845630261
2026-02-06T06:00:00Z,2461077.750000000,42162.514977,401501.579388,74.656194315,8.691025499,28.691025499,0.247934263,20.000000000,0.000000000000,0.908456996672,90.845699667
2026-02-06T07:00:00Z,2461077.791666667,42163.402090,391196.581310,88.904950638,8.690841225,28.690841225,0.254465451,20.000000000,0.000000000000,0.908457768692,90.845776869
2026-02-06T08:00:00Z,2461077.833333333,42164.319874,380859.241797,103.521692566,8.690650589,28.690650589,0.261372239,20.000000000,0.000000000000,0.908458567364,90.845856736
2026-02-06T09:00:00Z,2461077.875000000,42165.206648,371193.577282,118.500574438,8.690466401,28.690466401,0.268178268,20.000000000,0.000000000000,0.908459339013,90.845933901
2026-02-06T10:00:00Z,2461077.916666667,42166.000844,362912.696242,133.774212435,8.690301450,28.690301450,0.274297561,20.000000000,0.000000000000,0.908460030071,90.846003007
2026-02-06T11:00:00Z,2461077.958333333,42166.645580,356676.193864,149.126960027,8.690167545,28.690167545,0.279093707,20.000000000,0.000000000000,0.908460591056,90.846059106
2026-02-06T12:00:00Z,2461078.000000000,42167.095248,353015.779066,163.676510781,8.690074156,28.690074156,0.281987648,20.000000000,0.000000000000,0.908460982300,90.846098230
2026-02-06T13:00:00Z,2461078.041666667,42167.318310,352262.827816,170.007879998,8.690027831,28.690027831,0.282590393,20.000000000,0.000000000000,0.908461176378,90.846117638
2026-02-06T14:00:00Z,2461078.083333333,42167.299910,354497.368008,158.584724471,8.690031652,28.690031652,0.280809097,20.000000000,0.000000000000,0.908461160368,90.846116037
2026-02-06T15:00:00Z,2461078.125000000,42167.044306,359535.322763,143.546508294,8.690084736,28.690084736,0.276874255,20.000000000,0.000000000000,0.908460937978,90.846093798
2026-02-06T16:00:00Z,2461078.166666667,42166.579651,366958.554270,128.224279574,8.690181238,28.690181238,0.271273303,20.000000000,0.000000000000,0.908460533692,90.846053369
2026-02-06T17:00:00Z,2461078.208333333,42165.932951,376177.102527,113.105248103,8.690315551,28.690315551,0.264625466,20.000000000,0.000000000000,0.908459970995,90.845997100
2026-02-06T18:00:00Z,2461078.250000000,42165.129565,386504.520093,98.332185239,8.690482412,28.690482412,0.257554614,20.000000000,0.000000000000,0.908459271938,90.845927194
2026-02-06T19:00:00Z,2461078.291666667,42164.225008,397228.468346,83.948072572,8.690670293,28.690670293,0.250601386,20.000000000,0.000000000000,0.908458484812,90.845848481
2026-02-06T20:00:00Z,2461078.333333333,42163.287589,407666.217068,69.953080970,8.690865009,28.690865009,0.244185033,20.000000000,0.000000000000,0.908457669048,90.845766905
2026-02-06T21:00:00Z,2461078.375000000,42162.384304,417203.028747,56.332958351,8.691052643,28.691052643,0.238603194,20.000000000,0.000000000000,0.908456882950,90.845688295
2026-02-06T22:00:00Z,2461078.416666667,42161.579824,425315.992786,43.088625854,8.691219760,28.691219760,0.234051778,20.000000000,0.026196613800,0.910540843094,91.054084309
2026-02-06T23:00:00Z,2461078.458333333,42160.931029,431587.429268,30.304002909,8.691354540,28.691354540,0.230650731,20.000000000,0.145423294254,0.920028036192,92.002803619
2026-02-07T00:00:00Z,2461078.500000000,42160.482427,435711.730327,18.446597313,8.691447735,28.691447735,0.228467457,20.000000000,0.283956314468,0.931051753218,93.105175322
2026-02-07T01:00:00Z,2461078.541666667,42160.262987,437498.472377,10.533094359,8.691493324,28.691493324,0.227534392,20.000000000,0.368581780185,0.937785842811,93.778584281
2026-02-07T02:00:00Z,2461078.583333333,42160.284638,436873.593663,15.015869751,8.691488826,28.691488826,0.227859846,20.000000000,0.323708312765,0.934214944579,93.421494458
2026-02-07T03:00:00Z,2461078.625000000,42160.542395,433879.601535,26.183039622,8.691435277,28.691435277,0.229432204,20.000000000,0.192226334863,0.923752165571,92.375216557
2026-02-07T04:00:00Z,2461078.666666667,42161.011356,428675.141011,38.720935355,8.691337853,28.691337853,0.232217711,20.000000000,0.060793909098,0.913293513616,91.329351362
2026-02-07T05:00:00Z,2461078.708333333,42161.638470,421533.702284,51.780383814,8.691207577,28.691207577,0.236151863,20.000000000,0.000000000000,0.908456233846,90.845623385
2026-02-07T06:00:00Z,2461078.750000000,42162.401986,412840.656217,65.204517431,8.691048970,28.691048970,0.241124462,20.000000000,0.000000000000,0.908456898338,90.845689834
2026-02-07T07:00:00Z,2461078.791666667,42163.279672,403087.142174,78.967214784,8.690866654,28.690866654,0.246958995,20.000000000,0.000000000000,0.908457662159,90.845766216
2026-02-07T08:00:00Z,2461078.833333333,42164.198033,392858.151875,93.066743176,8.690675896,28.690675896,0.253389197,20.000000000,0.000000000000,0.908458461338,90.845846134
2026-02-07T09:00:00Z,2461078.875000000,42165.079580,382811.626351,107.484989668,8.690492794,28.690492794,0.260039200,20.000000000,0.000000000000,0.908459228443,90.845922844
2026-02-07T10:00:00Z,2461078.916666667,42165.884875,373644.725723,122.148327269,8.690325536,28.690325536,0.266418978,20.000000000,0.000000000000,0.908459929163,90.845992916
2026-02-07T11:00:00Z,2461078.958333333,42166.556216,366043.720365,136.849360720,8.690186105,28.690186105,0.271951288,20.000000000,0.000000000000,0.908460513301,90.846051330
2026-02-07T12:00:00Z,2461079.000000000,42167.035527,360618.798049,150.978750175,8.690086559,28.690086559,0.276042383,20.000000000,0.000000000000,0.908460930339,90.846093034
2026-02-07T13:00:00Z,2461079.041666667,42167.285192,357832.442366,162.150565805,8.690034709,28.690034709,0.278191876,20.000000000,0.000000000000,0.908461147563,90.846114756
2026-02-07T14:00:00Z,2461079.083333333,42167.283353,357934.450525,162.442996514,8.690035091,28.690035091,0.278112593,20.000000000,0.000000000000,0.908461145963,90.846114596
2026-02-07T15:00:00Z,2461079.125000000,42167.033558,360923.850776,151.532748026,8.690086968,28.690086968,0.275809070,20.000000000,0.000000000000,0.908460928627,90.846092863
2026-02-07T16:00:00Z,2461079.166666667,42166.556397,366549.451119,137.499840665,8.690186067,28.690186067,0.271576072,20.000000000,0.000000000000,0.908460513459,90.846051346
2026-02-07T17:00:00Z,2461079.208333333,42165.885757,374349.084020,122.875042177,8.690325352,28.690325352,0.265917693,20.000000000,0.000000000000,0.908459929931,90.845992993
2026-02-07T18:00:00Z,2461079.250000000,42165.066573,383714.504800,108.298100122,8.690495495,28.690495495,0.259427325,20.000000000,0.000000000000,0.908459217125,90.845921713
2026-02-07T19:00:00Z,2461079.291666667,42164.181520,393963.568410,93.987531771,8.690679326,28.690679326,0.252678212,20.000000000,0.000000000000,0.908458446968,90.845844697
2026-02-07T20:00:00Z,2461079.333333333,42163.333143,404404.753928,80.027424018,8.690855547,28.690855547,0.246154360,20.000000000,0.000000000000,0.908457708691,90.845770869
2026-02-07T21:00:00Z,2461079.375000000,42162.611975,414386.519029,66.452505494,8.691005350,28.691005350,0.240224946,20.000000000,0.000000000000,0.908457081088,90.845708109
2026-02-07T22:00:00Z,2461079.416666667,42162.081404,423330.806483,53.295186748,8.691115564,28.691115564,0.235149357,20.000000000,0.000000000000,0.908456619338,90.845661934
2026-02-07T23:00:00Z,2461079.458333333,42161.765618,430753.600177,40.645668846,8.691181164,28.691181164,0.231097215,20.000000000,0.044514112375,0.911998665016,91.199866502
2026-02-08T00:00:00Z,2461079.500000000,42161.649825,436276.396608,28.811675129,8.691205218,28.691205218,0.228171754,20.000000000,0.162078231392,0.921354019575,92.135401958
2026-02-08T01:00:00Z,2461079.541666667,42161.692393,439631.988577,18.956465936,8.691196375,28.691196375,0.226430171,20.000000000,0.277908025414,0.930571498761,93.057149876
2026-02-08T02:00:00Z,2461079.583333333,42161.844183,440667.013220,15.188439335,8.691164843,28.691164843,0.225898336,20.000000000,0.321764503105,0.934061618473,93.406161847
2026-02-08T03:00:00Z,2461079.625000000,42162.100597,439342.866178,21.003429361,8.691111578,28.691111578,0.226579181,20.000000000,0.253511487423,0.928630439218,92.863043922
2026-02-08T04:00:00Z,2461079.666666667,42162.543212,435735.810518,31.523108473,8.691019634,28.691019634,0.228454831,20.000000000,0.132107753906,0.918969822272,91.896982227
2026-02-08T05:00:00Z,2461079.708333333,42163.145912,430035.779417,43.556851093,8.690894438,28.690894438,0.231482967,20.000000000,0.023035465372,0.910290649844,91.029064984
2026-02-08T06:00:00Z,2461079.750000000,42163.840919,422544.420780,56.266418136,8.690750073,28.690750073,0.235586989,20.000000000,0.000000000000,0.908458150574,90.845815057
2026-02-08T07:00:00Z,2461079.791666667,42164.567840,413671.091061,69.416874220,8.690599084,28.690599084,0.240640408,20.000000000,0.000000000000,0.908458783141,90.845878314
2026-02-08T08:00:00Z,2461079.833333333,42165.281132,403924.758111,82.927987764,8.690450931,28.690450931,0.246446875,20.000000000,0.000000000000,0.908459403825,90.845940382
2026-02-08T09:00:00Z,2461079.875000000,42165.942083,393899.494324,96.751010489,8.690313654,28.690313654,0.252719314,20.000000000,0.000000000000,0.908459978941,90.845997894
2026-02-08T10:00:00Z,2461079.916666667,42166.519527,384250.116908,110.809715777,8.690193725,28.690193725,0.259065703,20.000000000,0.000000000000,0.908460481378,90.846048138
2026-02-08T11:00:00Z,2461079.958333333,42166.984951,375654.503452,124.934254157,8.690097063,28.690097063,0.264993608,20.000000000,0.000000000000,0.908460886335,90.846088633
2026-02-08T12:00:00Z,2461080.000000000,42167.309092,368760.939846,138.713338193,8.690029745,28.690029745,0.269947396,20.000000000,0.000000000000,0.908461168357,90.846116836
2026-02-08T13:00:00Z,2461080.041666667,42167.451660,364123.171619,151.012983936,8.690000137,28.690000137,0.273385691,20.000000000,0.000000000000,0.908461292398,90.846129240
2026-02-08T14:00:00Z,2461080.083333333,42167.391369,362132.870656,158.417756796,8.690012658,28.690012658,0.274888245,20.000000000,0.000000000000,0.908461239942,90.846123994
2026-02-08T15:00:00Z,2461080.125000000,42167.136969,362964.617703,155.647392727,8.690065492,28.690065492,0.274258323,20.000000000,0.000000000000,0.908461018600,90.846101860
2026-02-08T16:00:00Z,2461080.166666667,42166.710405,366549.445536,145.125316989,8.690154082,28.690154082,0.271576076,20.000000000,0.000000000000,0.908460647459,90.846064746
2026-02-08T17:00:00Z,2461080.208333333,42166.142797,372585.939692,131.905517803,8.690271967,28.690271967,0.267176073,20.000000000,0.000000000000,0.908460153586,90.846015359
2026-02-08T18:00:00Z,2461080.250000000,42165.471379,380585.110701,117.958467535,8.690411417,28.690411417,0.261560503,20.000000000,0.000000000000,0.908459569367,90.845956937
2026-02-08T19:00:00Z,2461080.291666667,42164.739017,389935.015811,103.949358819,8.690563530,28.690563530,0.255288734,20.000000000,0.000000000000,0.908458932097,90.845893210
2026-02-08T20:00:00Z,2461080.333333333,42163.994606,399968.513069,90.142255433,8.690718150,28.690718150,0.248884592,20.000000000,0.000000000000,0.908458284314,90.845828431
2026-02-08T21:00:00Z,2461080.375000000,42163.287243,410021.627737,76.658382614,8.690865081,28.690865081,0.242782279,20.000000000,0.000000000000,0.908457668748,90.845766875
2026-02-08T22:00:00Z,2461080.416666667,42162.662766,419477.341126,63.572313844,8.690994799,28.690994799,0.237309533,20.000000000,0.000000000000,0.908457125290,90.845712529
2026-02-08T23:00:00Z,2461080.458333333,42162.161205,427794.992293,50.976374531,8.691098987,28.691098987,0.232695480,20.000000000,0.000000000000,0.908456688788,90.845668879
2026-02-09T00:00:00Z,2461080.500000000,42161.814683,434528.238293,39.077484134,8.691170971,28.691170971,0.229089720,20.000000000,0.057668699697,0.913045516517,91.304551652
2026-02-09T01:00:00Z,2461080.541666667,42161.645708,439335.105061,28.453698328,8.691206073,28.691206073,0.226583184,20.000000000,0.166127310890,0.921676231501,92.167623150
2026-02-09T02:00:00Z,2461080.583333333,42161.665877,441983.101972,20.832588304,8.691201884,28.691201884,0.225225678,20.000000000,0.255552290825,0.928792462850,92.879246285
2026-02-09T03:00:00Z,2461080.625000000,42161.874990,442351.485769,19.831433701,8.691158443,28.691158443,0.225038112,20.000000000,0.267496458908,0.929743131541,92.974313154
2026-02-09T04:00:00Z,2461080.666666667,42162.260680,440431.932023,26.192099994,8.691078323,28.691078323,0.226018911,20.000000000,0.192116353154,0.923744908988,92.374490899
2026-02-09T05:00:00Z,2461080.708333333,42162.798669,436328.203767,36.278512849,8.690966569,28.690966569,0.228144662,20.000000000,0.083357824596,0.915090648477,91.509064848
2026-02-09T06:00:00Z,2461080.750000000,42163.453792,430254.853133,47.881014690,8.690830486,28.690830486,0.231365102,20.000000000,0.001475303977,0.908575214645,90.857521465
2026-02-09T07:00:00Z,2461080.791666667,42164.174161,422534.418910,60.239805461,8.690680855,28.690680855,0.235592566,20.000000000,0.000000000000,0.908458440564,90.845844056
2026-02-09T08:00:00Z,2461080.833333333,42164.902748,413592.087948,73.084106265,8.690529522,28.690529522,0.240686374,20.000000000,0.000000000000,0.908459074570,90.845907457
2026-02-09T09:00:00Z,2461080.875000000,42165.601775,403946.063947,86.292041977,8.690384334,28.690384334,0.246433876,20.000000000,0.000000000000,0.908459682830,90.845968283
2026-02-09T10:00:00Z,2461080.916666667,42166.233516,394190.658439,99.769251594,8.690253126,28.690253126,0.252532645,20.000000000,0.000000000000,0.908460232521,90.846023252
2026-02-09T11:00:00Z,2461080.958333333,42166.755103,384969.098822,113.376627245,8.690144799,28.690144799,0.258581859,20.000000000,0.000000000000,0.908460686349,90.846068635
2026-02-09T12:00:00Z,2461081.000000000,42167.124892,376933.127473,126.836474478,8.690068000,28.690068000,0.264094696,20.000000000,0.000000000000,0.908461008092,90.846100809
2026-02-09T13:00:00Z,2461081.041666667,42167.313355,370689.834090,139.517517218,8.690028860,28.690028860,0.268542708,20.000000000,0.000000000000,0.908461172066,90.846117207
2026-02-09T14:00:00Z,2461081.083333333,42167.301799,366738.282777,149.842249602,8.690031260,28.690031260,0.271436238,20.000000000,0.000000000000,0.908461162012,90.846116201
2026-02-09T15:00:00Z,2461081.125000000,42167.099879,365406.947613,154.290725987,8.690073194,28.690073194,0.272425204,20.000000000,0.000000000000,0.908460986330,90.846098633
2026-02-09T16:00:00Z,2461081.166666667,42166.717221,366808.069900,149.987988332,8.690152666,28.690152666,0.271384595,20.000000000,0.000000000000,0.908460653390,90.846065339
2026-02-09T17:00:00Z,2461081.208333333,42166.172624,370820.948611,139.759995944,8.690265773,28.690265773,0.268447756,20.000000000,0.000000000000,0.908460179538,90.846017954
2026-02-09T18:00:00Z,2461081.250000000,42165.499850,377110.399468,127.161593453,8.690405504,28.690405504,0.263970550,20.000000000,0.000000000000,0.908459594141,90.845959414
2026-02-09T19:00:00Z,2461081.291666667,42164.751927,385174.302174,113.794339982,8.690560848,28.690560848,0.258444097,20.000000000,0.000000000000,0.908458943330,90.845894333
2026-02-09T20:00:00Z,2461081.333333333,42163.981803,394406.404051,100.300464904,8.690720810,28.690720810,0.252394505,20.000000000,0.000000000000,0.908458273173,90.845827317
2026-02-09T21:00:00Z,2461081.375000000,42163.240735,404159.245373,86.966576664,8.690874742,28.690874742,0.246303889,20.000000000,0.000000000000,0.908457628274,90.845762827
2026-02-09T22:00:00Z,2461081.416666667,42162.577510,413797.214101,73.943193916,8.691012509,28.691012509,0.240567061,20.000000000,0.000000000000,0.908457051094,90.845705109
2026-02-09T23:00:00Z,2461081.458333333,42162.035768,422735.866921,61.343344906,8.691125044,28.691125044,0.235480297,20.000000000,0.000000000000,0.908456579620,90.845657962
2026-02-10T00:00:00Z,2461081.500000000,42161.651616,430468.198983,49.321251395,8.691204846,28.691204846,0.231250433,20.000000000,0.000000000000,0.908456245287,90.845624529
2026-02-10T01:00:00Z,2461081.541666667,42161.451446,436580.712977,38.201740012,8.691246429,28.691246429,0.228012707,20.000000000,0.065423600566,0.913662315786,91.366231579
2026-02-10T02:00:00Z,2461081.583333333,42161.450018,440762.467184,28.796709620,8.691246725,28.691246725,0.225849414,20.000000000,0.162247627167,0.921367325765,92.136732577
2026-02-10T03:00:00Z,2461081.625000000,42161.645957,442809.769216,23.071525722,8.691206022,28.691206022,0.224805209,20.000000000,0.228859829322,0.926668326918,92.666832692
2026-02-10T04:00:00Z,2461081.666666667,42162.017481,442628.199627,23.734616011,8.691128843,28.691128843,0.224897426,20.000000000,0.220989925428,0.926042383207,92.604238321
2026-02-10T05:00:00Z,2461081.708333333,42162.544285,440232.860808,30.366397967,8.691019411,28.691019411,0.226121116,20.000000000,0.144731188536,0.919974364216,91.997436422
2026-02-10T06:00:00Z,2461081.750000000,42163.201462,435748.092617,40.164582989,8.690882899,28.690882899,0.228448392,20.000000000,0.048441574009,0.912312452074,91.231245207
2026-02-10T07:00:00Z,2461081.791666667,42163.923213,429405.883206,51.434057291,8.690732980,28.690732980,0.231822532,20.000000000,0.000000000000,0.908458222188,90.845822219
2026-02-10T08:00:00Z,2461081.833333333,42164.659472,421542.564892,63.492169585,8.690580052,28.690580052,0.236146898,20.000000000,0.000000000000,0.908458862878,90.845886288
2026-02-10T09:00:00Z,2461081.875000000,42165.377222,412592.633194,76.054790905,8.690430973,28.690430973,0.241269411,20.000000000,0.000000000000,0.908459487438,90.845948744
2026-02-10T10:00:00Z,2461081.916666667,42166.042350,403077.502569,88.970873729,8.690292829,28.690292829,0.246964901,20.000000000,0.000000000000,0.908460066185,90.846006619
2026-02-10T11:00:00Z,2461081.958333333,42166.617385,393586.702526,102.107651802,8.690173401,28.690173401,0.252920157,20.000000000,0.000000000000,0.908460566524,90.846056652
2026-02-10T12:00:00Z,2461082.000000000,42167.193104,384748.563407,115.269145527,8.690053834,28.690053834,0.258730078,20.000000000,0.000000000000,0.908461067441,90.846106744
2026-02-10T13:00:00Z,2461082.041666667,42167.475335,377189.128801,128.078600074,8.689995220,28.689995220,0.263915452,20.000000000,0.000000000000,0.908461312997,90.846131300
2026-02-10T14:00:00Z,2461082.083333333,42167.536997,371478.235067,139.719932446,8.689982414,28.689982414,0.267972766,20.000000000,0.000000000000,0.908461366646,90.846136665
2026-02-10T15:00:00Z,2461082.125000000,42167.371148,368068.606900,148.357395601,8.690016857,28.690016857,0.270455168,20.000000000,0.000000000000,0.908461222349,90.846122235
2026-02-10T16:00:00Z,2461082.166666667,42166.990954,367238.847862,150.815019472,8.690095816,28.690095816,0.271066254,20.000000000,0.000000000000,0.908460891558,90.846089156
2026-02-10T17:00:00Z,2461082.208333333,42166.434719,369054.397318,145.673583421,8.690211338,28.690211338,0.269732743,20.000000000,0.000000000000,0.908460407587,90.846040759
2026-02-10T18:00:00Z,2461082.250000000,42165.756226,373358.079929,135.628401400,8.690352256,28.690352256,0.266623523,20.000000000,0.000000000000,0.908459817222,90.845981722
2026-02-10T19:00:00Z,2461082.291666667,42164.987657,379793.338369,123.456325093,8.690511886,28.690511886,0.262105794,20.000000000,0.000000000000,0.908459148455,90.845914846
2026-02-10T20:00:00Z,2461082.333333333,42164.174110,387852.837171,110.521036550,8.690680865,28.690680865,0.256659255,20.000000000,0.000000000000,0.908458440520,90.845844052
2026-02-10T21:00:00Z,2461082.375000000,42163.370043,396938.928079,97.429552342,8.690847882,28.690847882,0.250784184,20.000000000,0.000000000000,0.908457740803,90.845774080
2026-02-10T22:00:00Z,2461082.416666667,42162.629749,406422.627576,84.476208297,8.691001657,28.691001657,0.244932205,20.000000000,0.000000000000,0.908457096556,90.845709656
2026-02-10T23:00:00Z,2461082.458333333,42162.003808,415692.562535,71.831214207,8.691131684,28.691131684,0.239470191,20.000000000,0.000000000000,0.908456551805,90.845655181
2026-02-11T00:00:00Z,2461082.500000000,42161.535583,424190.947429,59.638313740,8.691228950,28.691228950,0.234672537,20.000000000,0.000000000000,0.908456144301,90.845614430
2026-02-11T01:00:00Z,2461082.541666667,42161.258024,431437.575449,48.103674956,8.691286610,28.691286610,0.230730845,20.000000000,0.000912913614,0.908528550089,90.852855009
2026-02-11T02:00:00Z,2461082.583333333,42161.191063,437044.543232,37.648046073,8.691300520,28.691300520,0.227770718,20.000000000,0.070465249015,0.914063290801,91.406329080
2026-02-11T03:00:00Z,2461082.625000000,42161.339876,440724.613179,29.243346585,8.691269606,28.691269606,0.225868813,20.000000000,0.157222902574,0.920967375027,92.096737503
2026-02-11T04:00:00Z,2461082.666666667,42161.694224,442295.563894,24.884915920,8.691195995,28.691195995,0.225066565,20.000000000,0.207410266362,0.924961466940,92.496146694
2026-02-11T05:00:00Z,2461082.708333333,42162.223153,441682.135722,26.567620169,8.691086119,28.691086119,0.225379149,20.000000000,0.187756445170,0.923397925874,92.339792587
2026-02-11T06:00:00Z,2461082.750000000,42162.885809,438916.524018,33.400498159,8.690948468,28.690948468,0.226799270,20.000000000,0.112204884434,0.917386300395,91.738630040
2026-02-11T07:00:00Z,2461082.791666667,42163.639368,434137.762699,43.052812161,8.690791938,28.690791938,0.229295771,20.000000000,0.026440279997,0.910562025809,91.056202581
2026-02-11T08:00:00Z,2461082.833333333,42164.437024,427589.873473,54.116024205,8.690626256,28.690626256,0.232807107,20.000000000,0.000000000000,0.908458669307,90.845866931
2026-02-11T09:00:00Z,2461082.875000000,42165.229198,419618.125453,65.970584056,8.690461718,28.690461718,0.237229914,20.000000000,0.000000000000,0.908459358634,90.845935863
2026-02-11T10:00:00Z,2461082.916666667,42165.964849,410662.126583,78.333043707,8.690308926,28.690308926,0.242403616,20.000000000,0.000000000000,0.908459998751,90.845999875
2026-02-11T11:00:00Z,2461082.958333333,42166.593589,401243.782856,91.036329471,8.690178343,28.690178343,0.248093560,20.000000000,0.000000000000,0.908460545819,90.846054582
2026-02-11T12:00:00Z,2461083.000000000,42167.068974,391947.533824,103.921314787,8.690079613,28.690079613,0.253977905,20.000000000,0.000000000000,0.908460959440,90.846095944
2026-02-11T13:00:00Z,2461083.041666667,42167.353327,383390.106316,116.749109827,8.690020558,28.690020558,0.259646836,20.000000000,0.000000000000,0.908461206844,90.846120684
2026-02-11T14:00:00Z,2461083.083333333,42167.425461,376178.006641,129.067545486,8.690005578,28.690005578,0.264624830,20.000000000,0.000000000000,0.908461269604,90.846126960
2026-02-11T15:00:00Z,2461083.125000000,42167.278937,370853.750743,139.928072144,8.690036008,28.690036008,0.268424012,20.000000000,0.000000000000,0.908461142121,90.846114212
2026-02-11T16:00:00Z,2461083.166666667,42166.922450,367836.764389,147.360124257,8.690110043,28.690110043,0.270625634,20.000000000,0.000000000000,0.908460831955,90.846083195
2026-02-11T17:00:00Z,2461083.208333333,42166.380281,367370.042243,148.527812032,8.690222644,28.690222644,0.270969450,20.000000000,0.000000000000,0.908460360221,90.846036022
2026-02-11T18:00:00Z,2461083.250000000,42165.692079,369486.093355,142.806397661,8.690365578,28.690365578,0.269417594,20.000000000,0.000000000000,0.908459761407,90.845976141
2026-02-11T19:00:00Z,2461083.291666667,42164.918614,374002.707986,132.773373014,8.690526227,28.690526227,0.266163969,20.000000000,0.000000000000,0.908459088377,90.845908838
2026-02-11T20:00:00Z,2461083.333333333,42164.111957,380548.678964,120.801794625,8.690693775,28.690693775,0.261585544,20.000000000,0.000000000000,0.908458386435,90.845838643
2026-02-11T21:00:00Z,2461083.375000000,42163.321810,388612.551446,108.102476667,8.690857901,28.690857901,0.256157498,20.000000000,0.000000000000,0.908457698829,90.845769883
2026-02-11T22:00:00Z,2461083.416666667,42162.597321,397601.598162,95.245652464,8.691008394,28.691008394,0.250366207,20.000000000,0.000000000000,0.908457068335,90.845706833
2026-02-11T23:00:00Z,2461083.458333333,42161.984824,406898.335820,82.522387829,8.691135627,28.691135627,0.244645851,20.000000000,0.000000000000,0.908456535283,90.845653528
2026-02-12T00:00:00Z,2461083.500000000,42161.525038,415906.980480,70.111768407,8.691231141,28.691231141,0.239346733,20.000000000,0.000000000000,0.908456135123,90.845613512
2026-02-12T01:00:00Z,2461083.541666667,42161.249920,424087.403177,58.176296107,8.691288293,28.691288293,0.234729834,20.000000000,0.000000000000,0.908455895678,90.845589568
2026-02-12T02:00:00Z,2461083.583333333,42161.179611,430977.679752,46.957310792,8.691302899,28.691302899,0.230977059,20.000000000,0.004600795408,0.908821954151,90.882195415
2026-02-12T03:00:00Z,2461083.625000000,42161.297979,436207.273979,36.944163745,8.691278310,28.691278310,0.228207910,20.000000000,0.077019617486,0.914584963925,91.458496393
2026-02-12T04:00:00Z,2461083.666666667,42161.576962,439506.774204,29.216609075,8.691220354,28.691220354,0.226494681,20.000000000,0.157522217999,0.920991400135,92.099140014
2026-02-12T05:00:00Z,2461083.708333333,42162.046904,440711.214969,25.769463838,8.691122731,28.691122731,0.225875680,20.000000000,0.197042539025,0.924136736355,92.413673635
2026-02-12T06:00:00Z,2461083.750000000,42162.715875,439757.428798,28.173046974,8.690983767,28.690983767,0.226365582,20.000000000,0.169312372276,0.921930621996,92.193062200
2026-02-12T07:00:00Z,2461083.791666667,42163.485837,436688.431191,35.274334384,8.690823829,28.690823829,0.227956462,20.000000000,0.093169293737,0.915872018393,91.587201839
2026-02-12T08:00:00Z,2461083.833333333,42164.299128,431653.823519,44.960123355,8.690654898,28.690654898,0.230615254,20.000000000,0.014371100021,0.909602165114,90.960216511
2026-02-12T09:00:00Z,2461083.875000000,42165.113293,424906.716271,55.985597888,8.690485791,28.690485791,0.234277221,20.000000000,0.000000000000,0.908459257779,90.845925778
2026-02-12T10:00:00Z,2461083.916666667,42165.878673,416799.922538,67.784733035,8.690326824,28.690326824,0.238833959,20.000000000,0.000000000000,0.908459923767,90.845992377
2026-02-12T11:00:00Z,2461083.958333333,42166.537702,407778.731406,80.086096014,8.690189950,28.690189950,0.244117657,20.000000000,0.000000000000,0.908460497192,90.846049719
2026-02-12T12:00:00Z,2461084.000000000,42167.036714,398368.242895,92.719873835,8.690086313,28.690086313,0.249884384,20.000000000,0.000000000000,0.908460931372,90.846093137
2026-02-12T13:00:00Z,2461084.041666667,42167.338257,389152.978106,105.514905483,8.690023688,28.690023688,0.255801763,20.000000000,0.000000000000,0.908461193732,90.846119373
2026-02-12T14:00:00Z,2461084.083333333,42167.427642,380745.294606,118.208202856,8.690005125,28.690005125,0.261450461,20.000000000,0.000000000000,0.908461271502,90.846127150
2026-02-12T15:00:00Z,2461084.125000000,42167.297849,373742.373674,130.298545124,8.690032080,28.690032080,0.266349370,20.000000000,0.000000000000,0.908461158576,90.846115858
2026-02-12T16:00:00Z,2461084.166666667,42166.951299,368671.821662,140.739346522,8.690104052,28.690104052,0.270012651,20.000000000,0.000000000000,0.908460857055,90.846085705
2026-02-12T17:00:00Z,2461084.208333333,42166.404878,365932.923442,147.430867469,8.690217536,28.690217536,0.272033630,20.000000000,0.000000000000,0.908460381623,90.846038162
2026-02-12T18:00:00Z,2461084.250000000,42165.693615,365744.985302,147.679162989,8.690365259,28.690365259,0.272173415,20.000000000,0.000000000000,0.908459762743,90.845976274
2026-02-12T19:00:00Z,2461084.291666667,42164.870517,368116.184772,141.350186361,8.690536217,28.690536217,0.270420212,20.000000000,0.000000000000,0.908459046524,90.845904652
2026-02-12T20:00:00Z,2461084.333333333,42163.993956,372842.356812,131.078882747,8.690718285,28.690718285,0.266992325,20.000000000,0.000000000000,0.908458283749,90.845828375
2026-02-12T21:00:00Z,2461084.375000000,42163.125849,379535.914612,119.048908963,8.690898606,28.690898606,0.262283571,20.000000000,0.000000000000,0.908457528294,90.845752829
2026-02-12T22:00:00Z,2461084.416666667,42162.327442,387676.321143,106.363239143,8.691064455,28.691064455,0.256776117,20.000000000,0.000000000000,0.908456833464,90.845683346
2026-02-12T23:00:00Z,2461084.458333333,42161.654327,396668.794840,93.548755677,8.691204283,28.691204283,0.250954970,20.000000000,0.000000000000,0.908456247647,90.845624765
2026-02-13T00:00:00Z,2461084.500000000,42161.152176,405899.408317,80.879407129,8.691308599,28.691308599,0.245247934,20.000000000,0.000000000000,0.908455810608,90.845581061
2026-02-13T01:00:00Z,2461084.541666667,42160.853670,414779.683998,68.528840810,8.691370611,28.691370611,0.239997238,20.000000000,0.000000000000,0.908455550802,90.845555080
2026-02-13T02:00:00Z,2461084.583333333,42160.776795,422778.835018,56.662545396,8.691386581,28.691386581,0.235456365,20.000000000,0.000000000000,0.908455483893,90.845548389
2026-02-13T03:00:00Z,2461084.625000000,42160.927260,429445.099029,45.537256537,8.691355323,28.691355323,0.231801362,20.000000000,0.011205459036,0.909347316949,90.934731695
2026-02-13T04:00:00Z,2461084.666666667,42161.295729,434418.677979,35.684963398,8.691278777,28.691278777,0.229147497,20.000000000,0.089126676303,0.915548411095,91.554841109
2026-02-13T05:00:00Z,2461084.708333333,42161.851958,437439.017699,28.291314941,8.691163228,28.691163228,0.227565318,20.000000000,0.167969836784,0.921823034556,92.182303456
2026-02-13T06:00:00Z,2461084.750000000,42162.555941,438349.050579,25.466489037,8.691016989,28.691016989,0.227092879,20.000000000,0.200583566983,0.924418965417,92.441896542
2026-02-13T07:00:00Z,2461084.791666667,42163.358900,437097.267137,28.564184303,8.690850197,28.690850197,0.227743244,20.000000000,0.164871108073,0.921577757018,92.157775702
2026-02-13T08:00:00Z,2461084.833333333,42164.190664,433737.247782,36.125205724,8.690677427,28.690677427,0.229507505,20.000000000,0.084834210276,0.915209346880,91.520934688
2026-02-13T09:00:00Z,2461084.875000000,42164.969128,428428.063990,46.071956683,8.690515735,28.690515735,0.232351633,20.000000000,0.008499530356,0.909135503467,90.913550347
2026-02-13T10:00:00Z,2461084.916666667,42165.635754,421432.894462,57.262921356,8.690377277,28.690377277,0.236208352,20.000000000,0.000000000000,0.908459712397,90.845971240
2026-02-13T11:00:00Z,2461084.958333333,42166.178791,413115.060222,69.187854143,8.690264492,28.690264492,0.240964299,20.000000000,0.000000000000,0.908460184904,90.846018490
2026-02-13T12:00:00Z,2461085.000000000,42166.665125,403929.887780,81.601391438,8.690163486,28.690163486,0.246443745,20.000000000,0.000000000000,0.908460608061,90.846060806
2026-02-13T13:00:00Z,2461085.041666667,42167.093261,394411.949423,94.345551363,8.690074569,28.690074569,0.252390957,20.000000000,0.000000000000,0.908460980571,90.846098057
2026-02-13T14:00:00Z,2461085.083333333,42167.281930,385153.825405,107.253080256,8.690035386,28.690035386,0.258457838,20.000000000,0.000000000000,0.908461144725,90.846114472
2026-02-13T15:00:00Z,2461085.125000000,42167.134041,376773.883839,120.055195867,8.690066100,28.690066100,0.264206317,20.000000000,0.000000000000,0.908461016052,90.846101605
2026-02-13T16:00:00Z,2461085.166666667,42166.780682,369871.467561,132.222663971,8.690139486,28.690139486,0.269136882,20.000000000,0.000000000000,0.908460708606,90.846070861
2026-02-13T17:00:00Z,2461085.208333333,42166.246103,364970.619208,142.615968725,8.690250512,28.690250512,0.272750896,20.000000000,0.000000000000,0.908460243473,90.846024347
2026-02-13T18:00:00Z,2461085.250000000,42165.565147,362460.108450,148.905950739,8.690391942,28.690391942,0.274640067,20.000000000,0.000000000000,0.908459650959,90.845965096
2026-02-13T19:00:00Z,2461085.291666667,42164.782863,362541.848078,148.282381836,8.690554423,28.690554423,0.274578146,20.000000000,0.000000000000,0.908458970250,90.845897025
2026-02-13T20:00:00Z,2461085.333333333,42163.951827,365201.466625,141.083507826,8.690727036,28.690727036,0.272578486,20.000000000,0.000000000000,0.908458247087,90.845824709
2026-02-13T21:00:00Z,2461085.375000000,42163.128859,370210.120901,130.242185517,8.690897981,28.690897981,0.268890684,20.000000000,0.000000000000,0.908457530914,90.845753091
2026-02-13T22:00:00Z,2461085.416666667,42162.371289,377156.980886,117.864316119,8.691055347,28.691055347,0.263937947,20.000000000,0.000000000000,0.908456871623,90.845687162
2026-02-13T23:00:00Z,2461085.458333333,42161.732958,385502.492342,104.952164264,8.691187948,28.691187948,0.258224075,20.000000000,0.000000000000,0.908456316081,90.845631608
2026-02-14T00:00:00Z,2461085.500000000,42161.260241,394638.507523,91.974445833,8.691286149,28.691286149,0.252246061,20.000000000,0.000000000000,0.908455904661,90.845590466
2026-02-14T01:00:00Z,2461085.541666667,42160.988424,403943.504242,79.172593329,8.691342617,28.691342617,0.246435438,20.000000000,0.000000000000,0.908455668085,90.845566809
2026-02-14T02:00:00Z,2461085.583333333,42160.938771,412826.460932,66.700430610,8.691352932,28.691352932,0.241132753,20.000000000,0.000000000000,0.908455624870,90.845562487
2026-02-14T03:00:00Z,2461085.625000000,42161.116619,420758.051609,54.711120081,8.691315985,28.691315985,0.236587202,20.000000000,0.000000000000,0.908455779660,90.845577966
2026-02-14T04:00:00Z,2461085.666666667,42161.510692,427290.919706,43.459205729,8.691234121,28.691234121,0.232969991,20.000000000,0.023686185889,0.910341009421,91.034100942
2026-02-14T05:00:00Z,2461085.708333333,42162.093761,432071.887172,33.507354743,8.691112998,28.691112998,0.230392114,20.000000000,0.111097783063,0.917297510762,91.729751076
2026-02-14T06:00:00Z,2461085.750000000,42162.820846,434848.792960,26.187752170,8.690961962,28.690961962,0.228920843,20.000000000,0.192165430794,0.923749301963,92.374930196
2026-02-14T07:00:00Z,2461085.791666667,42163.612069,435474.387074,23.919664670,8.690797609,28.690797609,0.228591978,20.000000000,0.218794363984,0.925869053697,92.586905370
2026-02-14T08:00:00Z,2461085.833333333,42164.400552,433908.274272,27.937394345,8.690633831,28.690633831,0.229417043,20.000000000,0.171993480352,0.922145443858,92.214544386
2026-02-14T09:00:00Z,2461085.875000000,42165.138145,430216.244601,36.253364157,8.690480630,28.690480630,0.231385865,20.000000000,0.083595038023,0.915111561164,91.511156116
2026-02-14T10:00:00Z,2461085.916666667,42165.796734,424569.636232,46.709227338,8.690343842,28.690343842,0.234463223,20.000000000,0.005611477724,0.908906399678,90.890639968
2026-02-14T11:00:00Z,2461085.958333333,42166.362772,417244.059680,58.268613773,8.690226281,28.690226281,0.238579730,20.000000000,0.000000000000,0.908460344987,90.846034499
2026-02-14T12:00:00Z,2461086.000000000,42166.846159,408615.343714,70.500490501,8.690125888,28.690125888,0.243617840,20.000000000,0.000000000000,0.908460765575,90.846076558
2026-02-14T13:00:00Z,2461086.041666667,42167.288979,399151.082885,83.208248139,8.690033922,28.690033922,0.249394292,20.000000000,0.000000000000,0.908461150858,90.846115086
2026-02-14T14:00:00Z,2461086.083333333,42167.459444,389412.990220,96.248503364,8.689998520,28.689998520,0.255630963,20.000000000,0.000000000000,0.908461299171,90.846129917
2026-02-14T15:00:00Z,2461086.125000000,42167.294536,380014.673996,109.468733612,8.690032768,28.690032768,0.261953132,20.000000000,0.000000000000,0.908461155693,90.846115569
2026-02-14T16:00:00Z,2461086.166666667,42166.935737,371585.503368,122.618206558,8.690107284,28.690107284,0.267895408,20.000000000,0.000000000000,0.908460843515,90.846084352
2026-02-14T17:00:00Z,2461086.208333333,42166.415023,364735.940176,135.158245277,8.690215429,28.690215429,0.272926391,20.000000000,0.000000000000,0.908460390450,90.846039045
2026-02-14T18:00:00Z,2461086.250000000,42165.773022,359993.236036,145.840612316,8.690348767,28.690348767,0.276522067,20.000000000,0.000000000000,0.908459831838,90.845983184
2026-02-14T19:00:00Z,2461086.291666667,42165.055413,357738.784919,151.902901471,8.690497813,28.690497813,0.278264708,20.000000000,0.000000000000,0.908459207415,90.845920741
2026-02-14T20:00:00Z,2461086.333333333,42164.309263,358155.658795,150.118030650,8.690652793,28.690652793,0.277940821,20.000000000,0.000000000000,0.908458558130,90.845855813
2026-02-14T21:00:00Z,2461086.375000000,42163.580283,361200.993037,141.596018644,8.690804211,28.690804211,0.275597446,20.000000000,0.000000000000,0.908457923762,90.845792376
2026-02-14T22:00:00Z,2461086.416666667,42162.911080,366612.050769,129.834095031,8.690943218,28.690943218,0.271529699,20.000000000,0.000000000000,0.908457341390,90.845734139
2026-02-14T23:00:00Z,2461086.458333333,42162.340127,373943.968593,116.856011544,8.691061820,28.691061820,0.266205779,20.000000000,0.000000000000,0.908456844503,90.845684450
2026-02-15T00:00:00Z,2461086.500000000,42161.901039,382627.527460,103.526022929,8.691153032,28.691153032,0.260164317,20.000000000,0.000000000000,0.908456462364,90.845646236
2026-02-15T01:00:00Z,2461086.541666667,42161.621667,392031.938760,90.228314613,8.691211067,28.691211067,0.253923222,20.000000000,0.000000000000,0.908456219222,90.845621922
2026-02-15T02:00:00Z,2461086.583333333,42161.522715,401520.779083,77.153410030,8.691231623,28.691231623,0.247922407,20.000000000,0.000000000000,0.908456133102,90.845613310
2026-02-15T03:00:00Z,2461086.625000000,42161.653008,410495.218811,64.420004228,8.691204557,28.691204557,0.242502178,20.000000000,0.000000000000,0.908456246499,90.845624650
2026-02-15T04:00:00Z,2461086.666666667,42162.016501,418423.940375,52.152839466,8.691129047,28.691129047,0.237906974,20.000000000,0.000000000000,0.908456562852,90.845656285
2026-02-15T05:00:00Z,2461086.708333333,42162.525689,424862.258667,40.584158476,8.691023274,28.691023274,0.234301736,20.000000000,0.045009815079,0.912038773274,91.203877327
2026-02-15T06:00:00Z,2461086.750000000,42163.142110,429463.242249,30.291921254,8.690895228,28.690895228,0.231791569,20.000000000,0.145551075418,0.920040129008,92.004012901
2026-02-15T07:00:00Z,2461086.791666667,42163.932357,431983.687684,22.834860565,8.690731080,28.690731080,0.230439154,20.000000000,0.231667699910,0.926893759943,92.689375994
2026-02-15T08:00:00Z,2461086.833333333,42164.797093,432287.283685,21.286608866,8.690551467,28.690551467,0.230277316,20.000000000,0.250123331369,0.928363164917,92.836316492
2026-02-15T09:00:00Z,2461086.875000000,42165.605047,430346.167730,26.688342878,8.690383655,28.690383655,0.231316008,20.000000000,0.186349266250,0.923288889110,92.328888911
2026-02-15T10:00:00Z,2461086.916666667,42166.266701,426241.394313,36.106818609,8.690246234,28.690246234,0.233543631,20.000000000,0.085007654195,0.915224955578,91.522495558
2026-02-15T11:00:00Z,2461086.958333333,42166.765793,420162.628037,47.301651254,8.690142579,28.690142579,0.236922478,20.000000000,0.003302452449,0.908723496466,90.872349647
2026-02-15T12:00:00Z,2461087.000000000,42167.131278,412406.793270,59.399789121,8.690066673,28.690066673,0.241378133,20.000000000,0.000000000000,0.908461013649,90.846101365
2026-02-15T13:00:00Z,2461087.041666667,42167.304622,403374.072489,72.076805437,8.690030673,28.690030673,0.246783326,20.000000000,0.000000000000,0.908461164469,90.846116447
2026-02-15T14:00:00Z,2461087.083333333,42167.320973,393560.696463,85.192854499,8.690027278,28.690027278,0.252936870,20.000000000,0.000000000000,0.908461178694,90.846117869
2026-02-15T15:00:00Z,2461087.125000000,42167.180272,383544.932647,98.656648305,8.690056498,28.690056498,0.259542023,20.000000000,0.000000000000,0.908461056277,90.846105628
2026-02-15T16:00:00Z,2461087.166666667,42166.878775,373963.133001,112.351267883,8.690119114,28.690119114,0.266192137,20.000000000,0.000000000000,0.908460793954,90.846079395
2026-02-15T17:00:00Z,2461087.208333333,42166.420413,365472.606170,126.049492901,8.690214309,28.690214309,0.272376262,20.000000000,0.000000000000,0.908460395140,90.846039514
2026-02-15T18:00:00Z,2461087.250000000,42165.830818,358699.729620,139.228870624,8.690336763,28.690336763,0.277519241,20.000000000,0.000000000000,0.908459882127,90.845988213
2026-02-15T19:00:00Z,2461087.291666667,42165.165664,354176.190550,150.516185590,8.690474914,28.690474914,0.281063745,20.000000000,0.000000000000,0.908459303350,90.845930335
2026-02-15T20:00:00Z,2461087.333333333,42164.468472,352272.799349,156.343714474,8.690619724,28.690619724,0.282582394,20.000000000,0.000000000000,0.908458696673,90.845869667
2026-02-15T21:00:00Z,2461087.375000000,42163.784147,353145.970342,152.689934803,8.690761866,28.690761866,0.281883689,20.000000000,0.000000000000,0.908458101170,90.845810117
2026-02-15T22:00:00Z,2461087.416666667,42163.159584,356713.057605,142.281822544,8.690891598,28.690891598,0.279064864,20.000000000,0.000000000000,0.908457557652,90.845755765
2026-02-15T23:00:00Z,2461087.458333333,42162.640254,362664.728377,129.321533559,8.690999475,28.690999475,0.274485111,20.000000000,0.000000000000,0.908457105698,90.845710570
2026-02-16T00:00:00Z,2461087.500000000,42162.265862,370510.155915,115.585654415,8.691077247,28.691077247,0.268672938,20.000000000,0.000000000000,0.908456779870,90.845677987
2026-02-16T01:00:00Z,2461087.541666667,42162.065847,379640.888427,101.731580116,8.691118796,28.691118796,0.262211047,20.000000000,0.000000000000,0.908456605798,90.845660580
2026-02-16T02:00:00Z,2461087.583333333,42162.055735,389397.003546,88.031560447,8.691120897,28.691120897,0.255641458,20.000000000,0.000000000000,0.908456596997,90.845659700
2026-02-16T03:00:00Z,2461087.625000000,42162.240565,399123.870785,74.610084653,8.691082502,28.691082502,0.249411296,20.000000000,0.000000000000,0.908456757855,90.845675785
2026-02-16T04:00:00Z,2461087.666666667,42162.612639,408214.080684,61.538506823,8.691005212,28.691005212,0.243857311,20.000000000,0.000000000000,0.908457081666,90.845708167
2026-02-16T05:00:00Z,2461087.708333333,42163.132595,416135.520787,48.898278996,8.690897205,28.690897205,0.239215283,20.000000000,0.000000000000,0.908457534165,90.845753416
2026-02-16T06:00:00Z,2461087.750000000,42163.753244,422448.901930,36.875610822,8.690768285,28.690768285,0.235640257,20.000000000,0.077661296421,0.914638163883,91.463816388
2026-02-16T07:00:00Z,2461087.791666667,42164.453601,426817.374753,26.033896094,8.690622812,28.690622812,0.233228468,20.000000000,0.193952037249,0.923892896458,92.389289646
2026-02-16T08:00:00Z,2461087.833333333,42165.172110,429011.293016,18.282701051,8.690473575,28.690473575,0.232035755,20.000000000,0.285882156793,0.931209088156,93.120908816
2026-02-16T09:00:00Z,2461087.875000000,42165.841417,428910.844075,18.003120867,8.690334562,28.690334562,0.232090097,20.000000000,0.289181445645,0.931472219612,93.147221961
2026-02-16T10:00:00Z,2461087.916666667,42166.405764,426507.199292,25.453622644,8.690217352,28.690217352,0.233398083,20.000000000,0.200723837088,0.924433477829,92.443347783
2026-02-16T11:00:00Z,2461087.958333333,42166.829209,421902.891765,36.221685808,8.690129408,28.690129408,0.235945215,20.000000000,0.083896776839,0.915137044199,91.513704420
2026-02-16T12:00:00Z,2461088.000000000,42167.096613,415311.507309,48.257799947,8.690073873,28.690073873,0.239689910,20.000000000,0.000576462331,0.908506856903,90.850685690
2026-02-16T13:00:00Z,2461088.041666667,42167.205996,407056.203051,60.961812938,8.690051156,28.690051156,0.244550971,20.000000000,0.000000000000,0.908461078658,90.846107866
2026-02-16T14:00:00Z,2461088.083333333,42167.144193,397565.898435,74.145928687,8.690063991,28.690063991,0.250388689,20.000000000,0.000000000000,0.908461024886,90.846102489
2026-02-16T15:00:00Z,2461088.125000000,42166.922294,387367.440837,87.742264592,8.690110076,28.690110076,0.256980868,20.000000000,0.000000000000,0.908460831819,90.846083182
2026-02-16T16:00:00Z,2461088.166666667,42166.552359,377070.306247,101.706956831,8.690186906,28.690186906,0.263998618,20.000000000,0.000000000000,0.908460509945,90.846050995
2026-02-16T17:00:00Z,2461088.208333333,42166.058263,367340.714098,115.965040405,8.690289524,28.690289524,0.270991084,20.000000000,0.000000000000,0.908460080032,90.846008003
2026-02-16T18:00:00Z,2461088.250000000,42165.469682,358860.371645,130.339809277,8.690411769,28.690411769,0.277395010,20.000000000,0.000000000000,0.908459567891,90.845956789
2026-02-16T19:00:00Z,2461088.291666667,42164.823596,352269.397100,144.369729184,8.690545962,28.690545962,0.282585123,20.000000000,0.000000000000,0.908459005694,90.845900569
2026-02-16T20:00:00Z,2461088.333333333,42164.165431,348097.392783,156.580440011,8.690682668,28.690682668,0.285971980,20.000000000,0.000000000000,0.908458432968,90.845843297
2026-02-16T21:00:00Z,2461088.375000000,42163.543915,346693.349436,161.849242384,8.690811766,28.690811766,0.287130123,20.000000000,0.000000000000,0.908457892113,90.845789211
2026-02-16T22:00:00Z,2461088.416666667,42163.006037,348172.718052,155.060807702,8.690923493,28.690923493,0.285910111,20.000000000,0.000000000000,0.908457424027,90.845742403
2026-02-16T23:00:00Z,2461088.458333333,42162.591987,352398.349792,142.362268098,8.691009502,28.691009502,0.282481716,20.000000000,0.000000000000,0.908457063692,90.845706369
2026-02-17T00:00:00Z,2461088.500000000,42162.330955,359001.983868,128.159411381,8.691063725,28.691063725,0.277285587,20.000000000,0.000000000000,0.908456836520,90.845683652
2026-02-17T01:00:00Z,2461088.541666667,42162.238657,367438.768698,113.683193362,8.691082898,28.691082898,0.270918767,20.000000000,0.000000000000,0.908456756194,90.845675619
2026-02-17T02:00:00Z,2461088.583333333,42162.316918,377057.694283,99.330972931,8.691066641,28.691066641,0.264007448,20.000000000,0.000000000000,0.908456824304,90.845682430
2026-02-17T03:00:00Z,2461088.625000000,42162.557637,387170.596081,85.252337664,8.691016637,28.691016637,0.257111522,20.000000000,0.000000000000,0.908457033798,90.845703380
2026-02-17T04:00:00Z,2461088.666666667,42162.952960,397107.995435,71.501907240,8.690934519,28.690934519,0.250677413,20.000000000,0.000000000000,0.908457377837,90.845737784
2026-02-17T05:00:00Z,2461088.708333333,42163.474737,406258.953271,58.099094969,8.690826135,28.690826135,0.245030885,20.000000000,0.000000000000,0.908457831912,90.845783191
2026-02-17T06:00:00Z,2461088.750000000,42164.077354,414097.009502,45.070818619,8.690700963,28.690700963,0.240392896,20.000000000,0.013744271068,0.909552090662,90.955209066
2026-02-17T07:00:00Z,2461088.791666667,42164.729789,420195.034177,32.527094816,8.690565446,28.690565446,0.236904206,20.000000000,0.121363439125,0.918116719690,91.811671969
2026-02-17T08:00:00Z,2461088.833333333,42165.383606,424232.663511,20.941643617,8.690429647,28.690429647,0.234649460,20.000000000,0.254240069172,0.928691274863,92.869127486
2026-02-17T09:00:00Z,2461088.875000000,42165.985089,426000.351265,12.732991809,8.690304722,28.690304722,0.233675777,20.000000000,0.348262925712,0.936173899423,93.617389942
2026-02-17T10:00:00Z,2461088.916666667,42166.486559,425401.130737,14.970853196,8.690200572,28.690200572,0.234004935,20.000000000,0.324197047333,0.934259234003,93.425923400
2026-02-17T11:00:00Z,2461088.958333333,42166.853066,422451.310986,25.026366202,8.690124453,28.690124453,0.235638914,20.000000000,0.205733656591,0.924832535789,92.483253579
2026-02-17T12:00:00Z,2461089.000000000,42167.053551,417280.578833,37.107934475,8.690082816,28.690082816,0.238558850,20.000000000,0.075468518582,0.914466539911,91.446653991
2026-02-17T13:00:00Z,2461089.041666667,42167.071308,410131.687308,49.910663731,8.690079128,28.690079128,0.242717128,20.000000000,0.000000000000,0.908460961471,90.846096147
2026-02-17T14:00:00Z,2461089.083333333,42166.919359,401358.939541,63.166723340,8.690110685,28.690110685,0.248022377,20.000000000,0.000000000000,0.908460829265,90.846082927
2026-02-17T15:00:00Z,2461089.125000000,42166.626891,391424.107526,76.821115003,8.690171427,28.690171427,0.254317535,20.000000000,0.000000000000,0.908460574794,90.846057479
2026-02-17T16:00:00Z,2461089.166666667,42166.202426,380887.476637,90.871892447,8.690259583,28.690259583,0.261352863,20.000000000,0.000000000000,0.908460205469,90.846020547
2026-02-17T17:00:00Z,2461089.208333333,42165.664966,370390.971706,105.319323049,8.690371210,28.690371210,0.268759392,20.000000000,0.000000000000,0.908459737815,90.845973781
2026-02-17T18:00:00Z,2461089.250000000,42165.051308,360628.813702,120.133106402,8.690498666,28.690498666,0.276034717,20.000000000,0.000000000000,0.908459203842,90.845920384
2026-02-17T19:00:00Z,2461089.291666667,42164.405249,352301.807135,135.204950670,8.690632856,28.690632856,0.282559126,20.000000000,0.000000000000,0.908458641657,90.845864166
2026-02-17T20:00:00Z,2461089.333333333,42163.774077,346054.415363,150.207595217,8.690763957,28.690763957,0.287660267,20.000000000,0.000000000000,0.908458092407,90.845809241
2026-02-17T21:00:00Z,2461089.375000000,42163.204509,342400.186104,163.756713127,8.690882267,28.690882267,0.290730317,20.000000000,0.000000000000,0.908457596748,90.845759675
2026-02-17T22:00:00Z,2461089.416666667,42162.738543,341649.777456,167.389550147,8.690979058,28.690979058,0.291368890,20.000000000,0.000000000000,0.908457191236,90.845719124
2026-02-17T23:00:00Z,2461089.458333333,42162.409769,343861.556492,155.954481578,8.691047353,28.691047353,0.289494737,20.000000000,0.000000000000,0.908456905111,90.845690511
2026-02-18T00:00:00Z,2461089.500000000,42162.240582,348831.489103,141.183812604,8.691082498,28.691082498,0.285370163,20.000000000,0.000000000000,0.908456757869,90.845675787
2026-02-18T01:00:00Z,2461089.541666667,42162.240609,356126.029742,126.018561267,8.691082493,28.691082493,0.279524870,20.000000000,0.000000000000,0.908456757893,90.845675789
2026-02-18T02:00:00Z,2461089.583333333,42162.406480,365146.341052,111.003240080,8.691048037,28.691048037,0.272619637,20.000000000,0.000000000000,0.908456902249,90.845690225
2026-02-18T03:00:00Z,2461089.625000000,42162.722836,375204.005772,96.303032187,8.690982321,28.690982321,0.265311781,20.000000000,0.000000000000,0.908457177568,90.845717757
2026-02-18T04:00:00Z,2461089.666666667,42163.164288,385590.599397,81.966352289,8.690890621,28.690890621,0.258165070,20.000000000,0.000000000000,0.908457561746,90.845756175
2026-02-18T05:00:00Z,2461089.708333333,42163.705606,395631.631990,67.989504756,8.690778180,28.690778180,0.251612862,20.000000000,0.000000000000,0.908458032821,90.845803282
2026-02-18T06:00:00Z,2461089.750000000,42164.310827,404722.562203,54.345896320,8.690652468,28.690652468,0.245961067,20.000000000,0.000000000000,0.908458559492,90.845855949
2026-02-18T07:00:00Z,2461089.791666667,42164.939555,412351.767271,41.006808783,8.690521877,28.690521877,0.241410344,20.000000000,0.041623558114,0.911771404110,91.177140411
2026-02-18T08:00:00Z,2461089.833333333,42165.548710,418112.176934,27.980942254,8.690395356,28.690395356,0.238084369,20.000000000,0.171493624828,0.922106665707,92.210666571
2026-02-18T09:00:00Z,2461089.875000000,42166.092696,421707.409827,15.501479885,8.690282373,28.690282373,0.236054588,20.000000000,0.318212946866,0.933782691717,93.378269172
2026-02-18T10:00:00Z,2461089.916666667,42166.528855,422954.439898,6.569516644,8.690191787,28.690191787,0.235358606,20.000000000,0.378922438992,0.938614179102,93.861417910
2026-02-18T11:00:00Z,2461089.958333333,42166.822701,421784.608944,13.706917641,8.690130760,28.690130760,0.236011383,20.000000000,0.338069072667,0.935363427176,93.536342718
2026-02-18T12:00:00Z,2461090.000000000,42166.952246,418243.951233,26.032552694,8.690103855,28.690103855,0.238009356,20.000000000,0.193961002161,0.923895784009,92.389578401
2026-02-18T13:00:00Z,2461090.041666667,42166.910277,412493.169818,39.023342413,8.690112572,28.690112572,0.241327588,20.000000000,0.058130305291,0.913086684078,91.308668408
2026-02-18T14:00:00Z,2461090.083333333,42166.687467,404807.040862,52.351060696,8.690158846,28.690158846,0.245909737,20.000000000,0.000000000000,0.908460627501,90.846062750
2026-02-18T15:00:00Z,2461090.125000000,42166.295867,395572.590715,65.997940056,8.690240176,28.690240176,0.251650417,20.000000000,0.000000000000,0.908460286773,90.846028677
2026-02-18T16:00:00Z,2461090.166666667,42165.803447,385284.488976,79.997533219,8.690342448,28.690342448,0.258370185,20.000000000,0.000000000000,0.908459858311,90.845985831
2026-02-18T17:00:00Z,2461090.208333333,42165.232707,374534.912012,94.389978771,8.690460989,28.690460989,0.265785755,20.000000000,0.000000000000,0.908459361688,90.845936169
2026-02-18T18:00:00Z,2461090.250000000,42164.612723,363993.560899,109.204362655,8.690589762,28.690589762,0.273483039,20.000000000,0.000000000000,0.908458822198,90.845882220
2026-02-18T19:00:00Z,2461090.291666667,42163.979943,354374.376033,124.443172097,8.690721196,28.690721196,0.280906558,20.000000000,0.000000000000,0.908458271555,90.845827155
2026-02-18T20:00:00Z,2461090.333333333,42163.368881,346384.652053,140.062880789,8.690848123,28.690848123,0.287386015,20.000000000,0.000000000000,0.908457739792,90.845773979
2026-02-18T21:00:00Z,2461090.375000000,42162.811770,340656.624217,155.929191159,8.690963847,28.690963847,0.292218357,20.000000000,0.000000000000,0.908457254964,90.845725496
2026-02-18T22:00:00Z,2461090.416666667,42162.338571,337669.432731,171.370681797,8.691062143,28.691062143,0.294803488,20.000000000,0.000000000000,0.908456843149,90.845684315
2026-02-18T23:00:00Z,2461090.458333333,42161.976775,337678.423131,170.017930992,8.691137299,28.691137299,0.294795639,20.000000000,0.000000000000,0.908456528278,90.845652828
2026-02-19T00:00:00Z,2461090.500000000,42161.750557,340673.070622,154.417663456,8.691184292,28.691184292,0.292204249,20.000000000,0.000000000000,0.908456331398,90.845633140
2026-02-19T01:00:00Z,2461090.541666667,42161.679096,346378.518496,138.543349632,8.691199137,28.691199137,0.287391104,20.000000000,0.000000000000,0.908456269204,90.845626920
2026-02-19T02:00:00Z,2461090.583333333,42161.774173,354300.189990,122.926918284,8.691179387,28.691179387,0.280965377,20.000000000,0.000000000000,0.908456351951,90.845635195
2026-02-19T03:00:00Z,2461090.625000000,42162.037528,363795.745581,107.690242870,8.691124679,28.691124679,0.273631748,20.000000000,0.000000000000,0.908456581152,90.845658115
2026-02-19T04:00:00Z,2461090.666666667,42162.458595,374153.070437,92.870968552,8.691037211,28.691037211,0.266057004,20.000000000,0.000000000000,0.908456947604,90.845694760
2026-02-19T05:00:00Z,2461090.708333333,42163.012997,384657.815703,78.461103596,8.690922048,28.690922048,0.258791117,20.000000000,0.000000000000,0.908457430084,90.845743008
2026-02-19T06:00:00Z,2461090.750000000,42163.648689,394643.111008,64.424299897,8.690790002,28.690790002,0.252243118,20.000000000,0.000000000000,0.908457983291,90.845798329
2026-02-19T07:00:00Z,2461090.791666667,42164.330561,403521.822755,50.707777876,8.690648369,28.690648369,0.246692965,20.000000000,0.000000000000,0.908458576664,90.845857666
2026-02-19T08:00:00Z,2461090.833333333,42165.010048,410806.028557,37.249441964,8.690507236,28.690507236,0.242318703,20.000000000,0.074149660796,0.914359810461,91.435981046
2026-02-19T09:00:00Z,2461090.875000000,42165.634932,416116.171583,23.983861515,8.690377448,28.690377448,0.239226407,20.000000000,0.218029211397,0.925809925047,92.580992505
2026-02-19T10:00:00Z,2461090.916666667,42166.152022,419185.452506,10.847942625,8.690270051,28.690270051,0.237474778,20.000000000,0.365993438929,0.937584994084,93.758499408
2026-02-19T11:00:00Z,2461090.958333333,42166.518380,419861.480661,2.320693160,8.690193963,28.690193963,0.237092413,20.000000000,0.378922438992,0.938614169987,93.861416999
2026-02-19T12:00:00Z,2461091.000000000,42166.712635,418106.719710,15.361314027,8.690153619,28.690153619,0.238087477,20.000000000,0.319800028885,0.933909527098,93.390952710
2026-02-19T13:00:00Z,2461091.041666667,42166.724965,413998.510825,28.532999926,8.690151058,28.690151058,0.240450091,20.000000000,0.165215536636,0.921608094793,92.160809479
2026-02-19T14:00:00Z,2461091.083333333,42166.554200,407728.824835,41.853784884,8.690186523,28.690186523,0.244147538,20.000000000,0.035085838465,0.911252553859,91.125255386
2026-02-19T15:00:00Z,2461091.125000000,42166.211889,399603.370029,55.389288575,8.690257618,28.690257618,0.249112016,20.000000000,0.000000000000,0.908460213703,90.846021370
2026-02-19T16:00:00Z,2461091.166666667,42165.721164,390039.142268,69.205181334,8.690359538,28.690359538,0.255220581,20.000000000,0.000000000000,0.908459786715,90.845978671
2026-02-19T17:00:00Z,2461091.208333333,42165.122110,379558.651763,83.362614691,8.690483960,28.690483960,0.262267859,20.000000000,0.000000000000,0.908459265451,90.845926545
2026-02-19T18:00:00Z,2461091.250000000,42164.456882,368777.844692,97.912304093,8.690622131,28.690622131,0.269935022,20.000000000,0.000000000000,0.908458686587,90.845868659
2026-02-19T19:00:00Z,2461091.291666667,42163.766038,358383.594790,112.885764981,8.690765627,28.690765627,0.277764046,20.000000000,0.000000000000,0.908458085411,90.845808541
2026-02-19T20:00:00Z,2461091.333333333,42163.097405,349096.152375,128.283337665,8.690904514,28.690904514,0.285153811,20.000000000,0.000000000000,0.908457503541,90.845750354
2026-02-19T21:00:00Z,2461091.375000000,42162.497841,341613.254755,144.058376229,8.691029058,28.691029058,0.291400041,20.000000000,0.000000000000,0.908456981760,90.845698176
2026-02-19T22:00:00Z,2461091.416666667,42162.009270,336537.648898,160.080802708,8.691130549,28.691130549,0.295794928,20.000000000,0.000000000000,0.908456556559,90.845655656
2026-02-19T23:00:00Z,2461091.458333333,42161.665451,334298.357718,175.433406795,8.691201972,28.691201972,0.297776322,20.000000000,0.000000000000,0.908456257329,90.845625733
2026-02-20T00:00:00Z,2461091.500000000,42161.489481,335084.815422,166.643072280,8.691238527,28.691238527,0.297077423,20.000000000,0.000000000000,0.908456104177,90.845610418
2026-02-20T01:00:00Z,2461091.541666667,42161.492251,338815.031545,150.621966557,8.691237952,28.691237952,0.293806692,20.000000000,0.000000000000,0.908456106587,90.845610659
2026-02-20T02:00:00Z,2461091.583333333,42161.671963,345149.523145,134.730470562,8.691200619,28.691200619,0.288414444,20.000000000,0.000000000000,0.908456262995,90.845626300
2026-02-20T03:00:00Z,2461091.625000000,42162.014647,353545.842695,119.182807799,8.691129432,28.691129432,0.281564866,20.000000000,0.000000000000,0.908456561239,90.845656124
2026-02-20T04:00:00Z,2461091.666666667,42162.495851,363334.978508,104.053561450,8.691029472,28.691029472,0.273978759,20.000000000,0.000000000000,0.908456980028,90.845698003
2026-02-20T05:00:00Z,2461091.708333333,42163.091838,373798.420236,89.361466134,8.690905671,28.690905671,0.266309434,20.000000000,0.000000000000,0.908457498696,90.845749870
2026-02-20T06:00:00Z,2461091.750000000,42163.749093,384231.443674,75.089474427,8.690769147,28.690769147,0.259078293,20.000000000,0.000000000000,0.908458070665,90.845807066
2026-02-20T07:00:00Z,2461091.791666667,42164.429845,393988.040379,61.199115092,8.690627747,28.690627747,0.252662517,20.000000000,0.000000000000,0.908458663060,90.845866306
2026-02-20T08:00:00Z,2461091.833333333,42165.087548,402508.764102,47.644116935,8.690491139,28.690491139,0.247313861,20.000000000,0.002164259168,0.908631461649,90.863146165
2026-02-20T09:00:00Z,2461091.875000000,42165.675010,409336.274160,34.388417378,8.690369124,28.690369124,0.243188773,20.000000000,0.102051860875,0.916580775610,91.658077561
2026-02-20T10:00:00Z,2461091.916666667,42166.149147,414122.958675,21.461262124,8.690270648,28.690270648,0.240377833,20.000000000,0.248034778566,0.928198139644,92.819813964
2026-02-20T11:00:00Z,2461091.958333333,42166.474567,416634.100202,9.422617656,8.690203062,28.690203062,0.238929017,20.000000000,0.376187508707,0.938396493029,93.839649303
2026-02-20T12:00:00Z,2461092.000000000,42166.626656,416748.840639,7.686591042,8.690171475,28.690171475,0.238863234,20.000000000,0.378922438992,0.938614264197,93.861426420
2026-02-20T13:00:00Z,2461092.041666667,42166.593766,414460.232497,19.246088576,8.690178306,28.690178306,0.240182220,20.000000000,0.274452810181,0.930300806666,93.030080667
2026-02-20T14:00:00Z,2461092.083333333,42166.378249,409874.960911,32.072604200,8.690223066,28.690223066,0.242869155,20.000000000,0.126194547855,0.918502601494,91.850260149
2026-02-20T15:00:00Z,2461092.125000000,42165.996197,403212.778490,45.240004606,8.690302415,28.690302415,0.246882045,20.000000000,0.012800892824,0.909478688711,90.947868871
2026-02-20T16:00:00Z,2461092.166666667,42165.475931,394805.168974,58.687778764,8.690410472,28.690410472,0.252139578,20.000000000,0.000000000000,0.908459573328,90.845957333
2026-02-20T17:00:00Z,2461092.208333333,42164.855442,385092.101041,72.442783809,8.690539348,28.690539348,0.258499265,20.000000000,0.000000000000,0.908459033407,90.845903341
2026-02-20T18:00:00Z,2461092.250000000,42164.179128,374614.839750,86.544333007,8.690679823,28.690679823,0.265729047,20.000000000,0.000000000000,0.908458444887,90.845844489
2026-02-20T19:00:00Z,2461092.291666667,42163.492040,364001.643355,101.021383935,8.690822541,28.690822541,0.273476967,20.000000000,0.000000000000,0.908457846970,90.845784697
2026-02-20T20:00:00Z,2461092.333333333,42162.840242,353942.144432,115.873070306,8.690957933,28.690957933,0.281249602,20.000000000,0.000000000000,0.908457279742,90.845727974
2026-02-20T21:00:00Z,2461092.375000000,42162.272532,345146.066792,131.037231683,8.691075861,28.691075861,0.288417332,20.000000000,0.000000000000,0.908456785675,90.845678568
2026-02-20T22:00:00Z,2461092.416666667,42161.830623,338283.934823,146.307275030,8.691167660,28.691167660,0.294267965,20.000000000,0.000000000000,0.908456401080,90.845640108
2026-02-20T23:00:00Z,2461092.458333333,42161.544858,333913.391623,160.909127297,8.691227023,28.691227023,0.298119629,20.000000000,0.000000000000,0.908456152373,90.845615237
2026-02-21T00:00:00Z,2461092.500000000,42161.431948,332403.538791,169.403329867,8.691250479,28.691250479,0.299473769,20.000000000,0.000000000000,0.908456054104,90.845605410
2026-02-21T01:00:00Z,2461092.541666667,42161.494902,333877.206473,160.309248423,8.691237401,28.691237401,0.298151939,20.000000000,0.000000000000,0.908456108895,90.845610890
2026-02-21T02:00:00Z,2461092.583333333,42161.724795,338190.426419,145.660755644,8.691189644,28.691189644,0.294349329,20.000000000,0.000000000000,0.908456308977,90.845630898
2026-02-21T03:00:00Z,2461092.625000000,42162.108557,344956.749516,130.429886409,8.691109924,28.691109924,0.288575621,20.000000000,0.000000000000,0.908456642969,90.845664297
2026-02-21T04:00:00Z,2461092.666666667,42162.625954,353607.655341,115.338712503,8.691002446,28.691002446,0.281515647,20.000000000,0.000000000000,0.908457093253,90.845709325
2026-02-21T05:00:00Z,2461092.708333333,42163.239021,363468.979144,100.586153897,8.690875098,28.690875098,0.273877751,20.000000000,0.000000000000,0.908457626782,90.845762678
2026-02-21T06:00:00Z,2461092.750000000,42163.900805,373833.942224,86.235913910,8.690737634,28.690737634,0.266284129,20.000000000,0.000000000000,0.908458202688,90.845820269
2026-02-21T07:00:00Z,2461092.791666667,42164.573486,384021.136095,72.297039477,8.690597912,28.690597912,0.259220177,20.000000000,0.000000000000,0.908458788054,90.845878805
2026-02-21T08:00:00Z,2461092.833333333,42165.214150,393414.281769,58.759061224,8.690464843,28.690464843,0.253031004,20.000000000,0.000000000000,0.908459345541,90.845934554
2026-02-21T09:00:00Z,2461092.875000000,42165.775351,401486.466161,45.623416236,8.690348283,28.690348283,0.247943596,20.000000000,0.010748870020,0.909315201762,90.931520176
2026-02-21T10:00:00Z,2461092.916666667,42166.210617,407813.291484,32.965328254,8.690257882,28.690257882,0.244096969,20.000000000,0.116740752120,0.917750146476,91.775014648
2026-02-21T11:00:00Z,2461092.958333333,42166.500576,412079.135169,21.169185737,8.690197661,28.690197661,0.241570062,20.000000000,0.251520437631,0.928475825358,92.847582536
2026-02-21T12:00:00Z,2461093.000000000,42166.598576,414079.506132,12.346367988,8.690177307,28.690177307,0.240403058,20.000000000,0.352147926907,0.936483591791,93.648359179
2026-02-21T13:00:00Z,2461093.041666667,42166.287783,413721.456112,13.892965293,8.690241855,28.690241855,0.240611113,20.000000000,0.336068439348,0.935203756409,93.520375641
2026-02-21T14:00:00Z,2461093.083333333,42165.763991,411023.978197,23.872353596,8.690350643,28.690350643,0.242190210,20.000000000,0.219348493847,0.925915022507,92.591502251
2026-02-21T15:00:00Z,2461093.125000000,42165.233336,406117.133504,35.910434067,8.690460858,28.690460858,0.245116452,20.000000000,0.086915988066,0.915375916802,91.537591680
2026-02-21T16:00:00Z,2461093.166666667,42164.722119,399240.946052,48.630313475,8.690567039,28.690567039,0.249338157,20.000000000,0.000030055812,0.908461309158,90.846130916
2026-02-21T17:00:00Z,2461093.208333333,42164.261097,390743.733233,61.764833828,8.690662797,28.690662797,0.254760363,20.000000000,0.000000000000,0.908458516217,90.845851622
2026-02-21T18:00:00Z,2461093.250000000,42163.866396,381077.839998,75.257639449,8.690744781,28.690744781,0.261222306,20.000000000,0.000000000000,0.908458172744,90.845817274
2026-02-21T19:00:00Z,2461093.291666667,42163.542159,370790.921624,89.099063563,8.690812130,28.690812130,0.268469495,20.000000000,0.000000000000,0.908457890585,90.845789058
2026-02-21T20:00:00Z,2461093.333333333,42163.285870,360509.540841,103.272431925,8.690865366,28.690865366,0.276126042,20.000000000,0.000000000000,0.908457667552,90.845766755
2026-02-21T21:00:00Z,2461093.375000000,42163.094621,350911.020769,117.712744056,8.690905093,28.690905093,0.283679019,20.000000000,0.000000000000,0.908457501118,90.845750112
2026-02-21T22:00:00Z,2461093.416666667,42162.970435,342679.761520,132.235366044,8.690930889,28.690930889,0.290493122,20.000000000,0.000000000000,0.908457393045,90.845739304
2026-02-21T23:00:00Z,2461093.458333333,42162.923035,336446.969266,146.327384419,8.690940735,28.690940735,0.295874651,20.000000000,0.000000000000,0.908457351794,90.845735179
2026-02-22T00:00:00Z,2461093.500000000,42162.969169,332718.918167,158.257549686,8.690931152,28.690931152,0.299189900,20.000000000,0.000000000000,0.908457391943,90.845739194
2026-02-22T01:00:00Z,2461093.541666667,42163.128519,331807.191852,162.078876106,8.690898051,28.690898051,0.300012009,20.000000000,0.000000000000,0.908457530618,90.845753062
2026-02-22T02:00:00Z,2461093.583333333,42163.417156,333780.077844,153.851110954,8.690838096,28.690838096,0.298238701,20.000000000,0.000000000000,0.908457781803,90.845778180
2026-02-22T03:00:00Z,2461093.625000000,42163.840195,338451.528390,140.689571638,8.690750224,28.690750224,0.294122248,20.000000000,0.000000000000,0.908458149944,90.845814994
2026-02-22T04:00:00Z,2461093.666666667,42164.308299,345411.839743,126.389163200,8.690652993,28.690652993,0.288195411,20.000000000,0.000000000000,0.908458557291,90.845855729
2026-02-22T05:00:00Z,2461093.708333333,42164.499362,354089.260501,111.966300623,8.690613307,28.690613307,0.281132748,20.000000000,0.000000000000,0.908458723553,90.845872355
2026-02-22T06:00:00Z,2461093.750000000,42165.010983,363822.525567,97.757007177,8.690507041,28.690507041,0.273611606,20.000000000,0.000000000000,0.908459168753,90.845916875
2026-02-22T07:00:00Z,2461093.791666667,42165.545087,373929.813850,83.891403001,8.690396108,28.690396108,0.266215856,20.000000000,0.000000000000,0.908459633504,90.845963350
2026-02-22T08:00:00Z,2461093.833333333,42166.036908,383760.614028,70.423744961,8.690293960,28.690293960,0.259396154,20.000000000,0.000000000000,0.908460061450,90.846006145
2026-02-22T09:00:00Z,2461093.875000000,42166.442761,392731.534574,57.391722467,8.690209668,28.690209668,0.253470891,20.000000000,0.000000000000,0.908460414585,90.846041458
2026-02-22T10:00:00Z,2461093.916666667,42166.725182,400347.890739,44.873303201,8.690151013,28.690151013,0.248648743,20.000000000,0.014866116344,0.909643668266,90.964366827
2026-02-22T11:00:00Z,2461093.958333333,42166.857608,406215.357360,33.105852083,8.690123510,28.690123510,0.245057182,20.000000000,0.115267237638,0.917633450860,91.763345086
2026-02-22T12:00:00Z,2461094.000000000,42166.827696,410045.490705,22.882150473,8.690129722,28.690129722,0.242768150,20.000000000,0.231097220563,0.926850882005,92.685088201
2026-02-22T13:00:00Z,2461094.041666667,42166.638716,411657.865726,16.882864332,8.690168971,28.690168971,0.241817274,20.000000000,0.302312761092,0.932517870227,93.251787023
2026-02-22T14:00:00Z,2461094.083333333,42166.308796,410980.551487,19.364879954,8.690237491,28.690237491,0.242215802,20.000000000,0.273040521897,0.930188172384,93.018817238
2026-02-22T15:00:00Z,2461094.125000000,42165.868218,408049.848755,28.180622636,8.690328995,28.690328995,0.243955459,20.000000000,0.169217982337,0.921925853844,92.192585384
2026-02-22T16:00:00Z,2461094.166666667,42165.355295,403009.619942,39.356627690,8.690435528,28.690435528,0.247006500,20.000000000,0.055249585181,0.912856090650,91.285609065
2026-02-22T17:00:00Z,2461094.208333333,42164.811612,396110.047159,51.491604753,8.690548451,28.690548451,0.251308966,20.000000000,0.000000000000,0.908458995267,90.845899527
2026-02-22T18:00:00Z,2461094.250000000,42164.277475,387705.133880,64.174321138,8.690659395,28.690659395,0.256757035,20.000000000,0.000000000000,0.908458530468,90.845853047
2026-02-22T19:00:00Z,2461094.291666667,42163.788187,378247.607118,77.265968461,8.690761026,28.690761026,0.263176912,20.000000000,0.000000000000,0.908458104685,90.845810469
2026-02-22T20:00:00Z,2461094.333333333,42163.363524,368278.959704,90.700513648,8.690849236,28.690849236,0.270300689,20.000000000,0.000000000000,0.908457735130,90.845773513
2026-02-22T21:00:00Z,2461094.375000000,42163.028593,358411.745210,104.406158236,8.690918808,28.690918808,0.277742229,20.000000000,0.000000000000,0.908457443657,90.845744366
2026-02-22T22:00:00Z,2461094.416666667,42162.809347,349300.187447,118.241401057,8.690964351,28.690964351,0.284987244,20.000000000,0.000000000000,0.908457252855,90.845725285
2026-02-22T23:00:00Z,2461094.458333333,42162.720063,341595.925842,131.884135926,8.690982897,28.690982897,0.291414824,20.000000000,0.000000000000,0.908457175154,90.845717515
2026-02-23T00:00:00Z,2461094.500000000,42162.762418,335888.990604,144.533697764,8.690974099,28.690974099,0.296366163,20.000000000,0.000000000000,0.908457212014,90.845721201
2026-02-23T01:00:00Z,2461094.541666667,42162.926804,332639.981284,154.005862528,8.690939952,28.690939952,0.299260899,20.000000000,0.000000000000,0.908457355074,90.845735507
2026-02-23T02:00:00Z,2461094.583333333,42163.195277,332116.858351,155.738805579,8.690884184,28.690884184,0.299732275,20.000000000,0.000000000000,0.908457588714,90.845758871
2026-02-23T03:00:00Z,2461094.625000000,42163.545088,334353.917466,148.401413438,8.690811522,28.690811522,0.297726840,20.000000000,0.000000000000,0.908457893134,90.845789313
2026-02-23T04:00:00Z,2461094.666666667,42163.951559,339146.647436,136.544542745,8.690727092,28.690727092,0.293519407,20.000000000,0.000000000000,0.908458246854,90.845824685
2026-02-23T05:00:00Z,2461094.708333333,42164.398277,346084.343492,123.201115036,8.690634304,28.690634304,0.287635391,20.000000000,0.000000000000,0.908458635590,90.845863559
2026-02-23T06:00:00Z,2461094.750000000,42164.860879,354609.356547,109.500698278,8.690538218,28.690538218,0.280720415,20.000000000,0.000000000000,0.908459038138,90.845903814
2026-02-23T07:00:00Z,2461094.791666667,42165.304301,364085.794416,95.883706673,8.690446119,28.690446119,0.273413758,20.000000000,0.000000000000,0.908459423985,90.845942399
2026-02-23T08:00:00Z,2461094.833333333,42165.702692,373861.836294,82.545159096,8.690363374,28.690363374,0.266264261,20.000000000,0.000000000000,0.908459770641,90.845977064
2026-02-23T09:00:00Z,2461094.875000000,42166.030051,383318.149650,69.588590677,8.690295384,28.690295384,0.259695577,20.000000000,0.000000000000,0.908460055484,90.846005548
2026-02-23T10:00:00Z,2461094.916666667,42166.261213,391900.838032,57.103869452,8.690247373,28.690247373,0.254008167,20.000000000,0.000000000000,0.908460256620,90.846025662
2026-02-23T11:00:00Z,2461094.958333333,42166.374803,399141.546956,45.245004474,8.690223782,28.690223782,0.249400250,20.000000000,0.012772964332,0.909476795660,90.947679566
2026-02-23T12:00:00Z,2461095.000000000,42166.357226,404668.508233,34.384490116,8.690227433,28.690227433,0.245993921,20.000000000,0.102090170888,0.916584417830,91.658441783
2026-02-23T13:00:00Z,2461095.041666667,42166.212247,408211.918118,25.527626867,8.690257543,28.690257543,0.243858602,20.000000000,0.199858168293,0.924364421715,92.436442172
2026-02-23T14:00:00Z,2461095.083333333,42165.948236,409606.169647,21.107939016,8.690312376,28.690312376,0.243028531,20.000000000,0.252253157054,0.928533652723,92.853365272
2026-02-23T15:00:00Z,2461095.125000000,42165.578545,408790.346062,23.655844611,8.690389159,28.690389159,0.243513547,20.000000000,0.221913611980,0.926118986759,92.611898676
2026-02-23T16:00:00Z,2461095.166666667,42165.130603,405808.068466,31.539785322,8.690482196,28.690482196,0.245303135,20.000000000,0.131921356605,0.918957240843,91.895724084
2026-02-23T17:00:00Z,2461095.208333333,42164.634513,400806.738281,41.917377649,8.690585236,28.690585236,0.248364086,20.000000000,0.034611908664,0.911213169336,91.121316934
2026-02-23T18:00:00Z,2461095.250000000,42164.127552,394036.098068,53.453246119,8.690690536,28.690690536,0.252631701,20.000000000,0.000000000000,0.908458400006,90.845840001
2026-02-23T19:00:00Z,2461095.291666667,42163.648798,385845.358911,65.648769790,8.690789980,28.690789980,0.257994612,20.000000000,0.000000000000,0.908457983385,90.845798339
2026-02-23T20:00:00Z,2461095.333333333,42163.227541,376677.895187,78.298425994,8.690877482,28.690877482,0.264273645,20.000000000,0.000000000000,0.908457616791,90.845761679
2026-02-23T21:00:00Z,2461095.375000000,42162.891599,367060.469984,91.286169296,8.690947265,28.690947265,0.271197983,20.000000000,0.000000000000,0.908457324436,90.845732444
2026-02-23T22:00:00Z,2461095.416666667,42162.667487,357585.209557,104.491781735,8.690993818,28.690993818,0.278384218,20.000000000,0.000000000000,0.908457129399,90.845712940
2026-02-23T23:00:00Z,2461095.458333333,42162.573430,348880.156084,117.711792640,8.691013357,28.691013357,0.285330355,20.000000000,0.000000000000,0.908457047543,90.845704754
2026-02-24T00:00:00Z,2461095.500000000,42162.616895,341566.118024,130.527977510,8.691004328,28.691004328,0.291440255,20.000000000,0.000000000000,0.908457085370,90.845708537
2026-02-24T01:00:00Z,2461095.541666667,42162.793578,336200.266036,141.998033002,8.690967626,28.690967626,0.296091766,20.000000000,0.000000000000,0.908457239132,90.845723913
2026-02-24T02:00:00Z,2461095.583333333,42163.088078,333212.606594,149.970083027,8.690906452,28.690906452,0.298746615,20.000000000,0.000000000000,0.908457495424,90.845749542
2026-02-24T03:00:00Z,2461095.625000000,42163.476092,332847.975397,151.034960695,8.690825854,28.690825854,0.299073892,20.000000000,0.000000000000,0.908457833091,90.845783309
2026-02-24T04:00:00Z,2461095.666666667,42163.929644,335129.451713,144.548426392,8.690731644,28.690731644,0.297037854,20.000000000,0.000000000000,0.908458227784,90.845822778
2026-02-24T05:00:00Z,2461095.708333333,42164.421287,339855.135789,133.755258946,8.690629524,28.690629524,0.292907508,20.000000000,0.000000000000,0.908458655613,90.845865561
2026-02-24T06:00:00Z,2461095.750000000,42164.912359,346629.340200,121.238524420,8.690527526,28.690527526,0.287183145,20.000000000,0.000000000000,0.908459082934,90.845908293
2026-02-24T07:00:00Z,2461095.791666667,42165.370796,354917.991989,108.171970278,8.690432308,28.690432308,0.280476299,20.000000000,0.000000000000,0.908459481846,90.845948185
2026-02-24T08:00:00Z,2461095.833333333,42165.773349,364112.483050,95.070510684,8.690348699,28.690348699,0.273393717,20.000000000,0.000000000000,0.908459832122,90.845983212
2026-02-24T09:00:00Z,2461095.875000000,42166.103038,373588.211500,82.182653925,8.690280225,28.690280225,0.266459281,20.000000000,0.000000000000,0.908460118990,90.846011899
2026-02-24T10:00:00Z,2461095.916666667,42166.345161,382750.370545,69.653310603,8.690229938,28.690229938,0.260080817,20.000000000,0.000000000000,0.908460329663,90.846032966
2026-02-24T11:00:00Z,2461095.958333333,42166.484207,391065.596008,57.612623207,8.690201060,28.690201060,0.254550684,20.000000000,0.000000000000,0.908460450647,90.846045065
2026-02-24T12:00:00Z,2461096.000000000,42166.503509,398081.674434,46.264250583,8.690197051,28.690197051,0.250064270,20.000000000,0.007586628017,0.909064192116,90.906419212
2026-02-24T13:00:00Z,2461096.041666667,42166.367699,403438.794136,36.045645922,8.690225258,28.690225258,0.246743735,20.000000000,0.085599975805,0.915272178912,91.527217891
2026-02-24T14:00:00Z,2461096.083333333,42166.101202,406874.833009,27.988796331,8.690280606,28.690280606,0.244659983,20.000000000,0.171402602399,0.922099903109,92.209990311
2026-02-24T15:00:00Z,2461096.125000000,42165.734926,408228.338688,24.172399272,8.690356679,28.690356679,0.243848793,20.000000000,0.215799666027,0.925632590472,92.563259047
2026-02-24T16:00:00Z,2461096.166666667,42165.271277,407439.195791,26.427864366,8.690452978,28.690452978,0.244321091,20.000000000,0.189369098364,0.923528909287,92.352890929
2026-02-24T17:00:00Z,2461096.208333333,42164.769593,404548.628498,33.568700148,8.690557179,28.690557179,0.246066817,20.000000000,0.110456172613,0.917248781636,91.724878164
2026-02-24T18:00:00Z,2461096.250000000,42164.270873,399698.791650,43.304011457,8.690660767,28.690660767,0.249052544,20.000000000,0.024724100274,0.910426006109,91.042600611
2026-02-24T19:00:00Z,2461096.291666667,42163.779685,393131.257541,54.344374864,8.690762792,28.690762792,0.253213169,20.000000000,0.000000000000,0.908458097286,90.845809729
2026-02-24T20:00:00Z,2461096.333333333,42163.327009,385184.216481,66.134765748,8.690856821,28.690856821,0.258437445,20.000000000,0.000000000000,0.908457703354,90.845770335
2026-02-24T21:00:00Z,2461096.375000000,42162.944845,376286.978236,78.422510431,8.690936204,28.690936204,0.264548195,20.000000000,0.000000000000,0.908457370774,90.845737077
2026-02-24T22:00:00Z,2461096.416666667,42162.663319,366949.694523,91.056690687,8.690994684,28.690994684,0.271279853,20.000000000,0.000000000000,0.908457125771,90.845712577
2026-02-24T23:00:00Z,2461096.458333333,42162.507364,357745.558208,103.887220139,8.691027080,28.691027080,0.278259440,20.000000000,0.000000000000,0.908456990047,90.845699005
2026-02-25T00:00:00Z,2461096.500000000,42162.493225,349282.352119,116.679080416,8.691030017,28.691030017,0.285001796,20.000000000,0.000000000000,0.908456977742,90.845697774
2026-02-25T01:00:00Z,2461096.541666667,42162.625598,342161.021539,128.977974153,8.691002520,28.691002520,0.290933534,20.000000000,0.000000000000,0.908457092943,90.845709294
2026-02-25T02:00:00Z,2461096.583333333,42162.896120,336921.818770,139.824667212,8.690946326,28.690946326,0.295457649,20.000000000,0.000000000000,0.908457328371,90.845732837
2026-02-25T03:00:00Z,2461096.625000000,42163.283693,333983.785710,147.229636630,8.690865818,28.690865818,0.298056794,20.000000000,0.000000000000,0.908457665658,90.845766566
2026-02-25T04:00:00Z,2461096.666666667,42163.743570,333589.295345,148.351706006,8.690770294,28.690770294,0.298409268,20.000000000,0.000000000000,0.908458065858,90.845806586
2026-02-25T05:00:00Z,2461096.708333333,42164.232303,335768.653298,142.593217130,8.690668778,28.690668778,0.296472379,20.000000000,0.000000000000,0.908458491160,90.845849116
2026-02-25T06:00:00Z,2461096.750000000,42164.757478,340335.581982,132.549078212,8.690559695,28.690559695,0.292494012,20.000000000,0.000000000000,0.908458948161,90.845894816
2026-02-25T07:00:00Z,2461096.791666667,42165.255043,346915.278491,120.595511841,8.690456350,28.690456350,0.286946438,20.000000000,0.000000000000,0.908459381123,90.845938112
2026-02-25T08:00:00Z,2461096.833333333,42165.696333,354996.236252,107.943882270,8.690364695,28.690364695,0.280414479,20.000000000,0.000000000000,0.908459765108,90.845976511
2026-02-25T09:00:00Z,2461096.875000000,42166.052848,363990.752704,95.162399017,8.690290649,28.690290649,0.273485149,20.000000000,0.000000000000,0.908460075320,90.846007532
2026-02-25T10:00:00Z,2461096.916666667,42166.296356,373291.408131,82.537040133,8.690240075,28.690240075,0.266671144,20.000000000,0.000000000000,0.908460287198,90.846028720
2026-02-25T11:00:00Z,2461096.958333333,42166.407785,382316.085704,70.238736986,8.690216932,28.690216932,0.260376253,20.000000000,0.000000000000,0.908460384153,90.846038415
2026-02-25T12:00:00Z,2461097.000000000,42166.386824,390539.562306,58.417734416,8.690221285,28.690221285,0.254893551,20.000000000,0.000000000000,0.908460365914,90.846036591
2026-02-25T13:00:00Z,2461097.041666667,42166.228149,397513.252863,47.294943959,8.690254241,28.690254241,0.250421850,20.000000000,0.003326697714,0.908724958043,90.872495804
2026-02-25T14:00:00Z,2461097.083333333,42165.932115,402877.340674,37.316101799,8.690315724,28.690315724,0.247087602,20.000000000,0.073526730315,0.914311041558,91.431104156
2026-02-25T15:00:00Z,2461097.125000000,42165.526922,406367.348518,29.469860628,8.690399881,28.690399881,0.244965524,20.000000000,0.154676089371,0.920768349799,92.076834980
2026-02-25T16:00:00Z,2461097.166666667,42165.039816,407816.763553,25.637908323,8.690501053,28.690501053,0.244094891,20.000000000,0.198571520999,0.924261013405,92.426101340
2026-02-25T17:00:00Z,2461097.208333333,42164.499484,407158.444928,27.492318122,8.690613282,28.690613282,0.244489561,20.000000000,0.177086375606,0.922550809675,92.255080967
2026-02-25T18:00:00Z,2461097.250000000,42163.941220,404425.097088,34.137260092,8.690729239,28.690729239,0.246141978,20.000000000,0.104612486684,0.916783035040,91.678303504
2026-02-25T19:00:00Z,2461097.291666667,42163.405402,399749.023228,43.491715298,8.690840537,28.690840537,0.249021248,20.000000000,0.023466998855,0.910325216008,91.032521601
2026-02-25T20:00:00Z,2461097.333333333,42162.928412,393361.045789,54.257835430,8.690939618,28.690939618,0.253065249,20.000000000,0.000000000000,0.908457356473,90.845735647
2026-02-25T21:00:00Z,2461097.375000000,42162.541340,385587.985400,65.839984504,8.691020022,28.691020022,0.258166820,20.000000000,0.000000000000,0.908457019615,90.845701962
2026-02-25T22:00:00Z,2461097.416666667,42162.271610,376847.557305,77.958084113,8.691076053,28.691076053,0.264154664,20.000000000,0.000000000000,0.908456784873,90.845678487
2026-02-25T23:00:00Z,2461097.458333333,42162.139808,367638.672586,90.445556299,8.691103432,28.691103432,0.270771454,20.000000000,0.000000000000,0.908456670166,90.845667017
2026-02-26T00:00:00Z,2461097.500000000,42162.157334,358524.471266,103.144316350,8.691099791,28.691099791,0.277654902,20.000000000,0.000000000000,0.908456685420,90.845668542
2026-02-26T01:00:00Z,2461097.541666667,42162.324595,350105.018744,115.817907112,8.691065046,28.691065046,0.284332102,20.000000000,0.000000000000,0.908456830986,90.845683099
2026-02-26T02:00:00Z,2461097.583333333,42162.630227,342977.280403,128.021150586,8.691001558,28.691001558,0.290241129,20.000000000,0.000000000000,0.908457096972,90.845709697
2026-02-26T03:00:00Z,2461097.625000000,42163.051712,337682.651189,138.831632038,8.690914006,28.690914006,0.294791948,20.000000000,0.000000000000,0.908457463777,90.845746378
2026-02-26T04:00:00Z,2461097.666666667,42163.548288,334647.292617,146.362512320,8.690810857,28.690810857,0.297465830,20.000000000,0.000000000000,0.908457895919,90.845789592
2026-02-26T05:00:00Z,2461097.708333333,42164.074786,334126.466157,147.873803359,8.690701496,28.690701496,0.297929515,20.000000000,0.000000000000,0.908458354088,90.845835409
2026-02-26T06:00:00Z,2461097.750000000,42164.637580,336167.235835,142.576398859,8.690584599,28.690584599,0.296120859,20.000000000,0.000000000000,0.908458843828,90.845884383
2026-02-26T07:00:00Z,2461097.791666667,42165.181055,340601.277515,132.847377463,8.690471717,28.690471717,0.292265842,20.000000000,0.000000000000,0.908459316742,90.845931674
2026-02-26T08:00:00Z,2461097.833333333,42165.659348,347070.155085,121.070792931,8.690372377,28.690372377,0.286818390,20.000000000,0.000000000000,0.908459732926,90.845973293
2026-02-26T09:00:00Z,2461097.875000000,42166.043050,355074.714669,108.511118724,8.690292684,28.690292684,0.280352502,20.000000000,0.000000000000,0.908460066794,90.846006679
2026-02-26T10:00:00Z,2461097.916666667,42166.308329,364034.630551,95.769622958,8.690237588,28.690237588,0.273452185,20.000000000,0.000000000000,0.908460297616,90.846029762
2026-02-26T11:00:00Z,2461097.958333333,42166.437536,373344.906099,83.149028411,8.690210753,28.690210753,0.266632931,20.000000000,0.000000000000,0.908460410038,90.846041004
2026-02-26T12:00:00Z,2461098.000000000,42166.420125,382421.507597,70.827304820,8.690214369,28.690214369,0.260304475,20.000000000,0.000000000000,0.908460394890,90.846039489
2026-02-26T13:00:00Z,2461098.041666667,42166.253951,390733.974062,58.954319190,8.690248882,28.690248882,0.254766726,20.000000000,0.000000000000,0.908460250301,90.846025030
2026-02-26T14:00:00Z,2461098.083333333,42165.946600,397826.527991,47.741262414,8.690312716,28.690312716,0.250224650,20.000000000,0.001870366914,0.908608821942,90.860882194
2026-02-26T15:00:00Z,2461098.125000000,42165.515854,403330.648577,37.609746678,8.690402180,28.690402180,0.246809895,20.000000000,0.070808996622,0.914094408981,91.409440898
2026-02-26T16:00:00Z,2461098.166666667,42164.997269,406972.003282,29.506836025,8.690509890,28.690509890,0.244601567,20.000000000,0.154264250119,0.920735115794,92.073511579
2026-02-26T17:00:00Z,2461098.208333333,42164.431177,408574.063680,25.309112801,8.690627470,28.690627470,0.243642454,20.000000000,0.202422116571,0.924566904441,92.456690444
2026-02-26T18:00:00Z,2461098.250000000,42163.843668,408059.851632,26.856889518,8.690749502,28.690749502,0.243949479,20.000000000,0.184404761035,0.923132617590,92.313261759
2026-02-26T19:00:00Z,2461098.291666667,42163.269976,405452.682228,33.384168496,8.690868668,28.690868668,0.245518149,20.000000000,0.112373694090,0.917400068165,91.740006816
2026-02-26T20:00:00Z,2461098.333333333,42162.754227,400876.310454,42.735222387,8.690975800,28.690975800,0.248320982,20.000000000,0.028659919604,0.910737888823,91.073788882
2026-02-26T21:00:00Z,2461098.375000000,42162.329866,394554.278149,53.543948370,8.691063952,28.691063952,0.252299910,20.000000000,0.000000000000,0.908456835572,90.845683557
2026-02-26T22:00:00Z,2461098.416666667,42162.024865,386807.880386,65.192062651,8.691127310,28.691127310,0.257352622,20.000000000,0.000000000000,0.908456570131,90.845657013
2026-02-26T23:00:00Z,2461098.458333333,42161.862212,378051.606129,77.396637720,8.691161098,28.691161098,0.263313358,20.000000000,0.000000000000,0.908456428573,90.845642857
2026-02-27T00:00:00Z,2461098.500000000,42161.857132,368784.092818,89.996877433,8.691162153,28.691162153,0.269930448,20.000000000,0.000000000000,0.908456424152,90.845642415
2026-02-27T01:00:00Z,2461098.541666667,42162.013857,359571.866561,102.847150047,8.691129596,28.691129596,0.276846116,20.000000000,0.000000000000,0.908456560551,90.845656055
2026-02-27T02:00:00Z,2461098.583333333,42162.321482,351022.653435,115.732368231,8.691065693,28.691065693,0.283588802,20.000000000,0.000000000000,0.908456828276,90.845682828
2026-02-27T03:00:00Z,2461098.625000000,42162.744550,343745.610459,128.242611458,8.690977810,28.690977810,0.289592385,20.000000000,0.000000000000,0.908457196465,90.845719646
2026-02-27T04:00:00Z,2461098.666666667,42163.262272,338298.318290,139.503996268,8.690870268,28.690870268,0.294255453,20.000000000,0.000000000000,0.908457647016,90.845764702
2026-02-27T05:00:00Z,2461098.708333333,42163.850413,335125.578561,147.623533864,8.690748101,28.690748101,0.297041287,20.000000000,0.000000000000,0.908458158836,90.845815884
2026-02-27T06:00:00Z,2461098.750000000,42164.456095,334501.143094,149.572471074,8.690622295,28.690622295,0.297595799,20.000000000,0.000000000000,0.908458685902,90.845868590
2026-02-27T07:00:00Z,2461098.791666667,42165.035209,336487.342884,144.248424579,8.690502010,28.690502010,0.295839150,20.000000000,0.000000000000,0.908459189833,90.845918983
2026-02-27T08:00:00Z,2461098.833333333,42165.552755,340925.260812,134.249573305,8.690394516,28.690394516,0.291988097,20.000000000,0.000000000000,0.908459640176,90.845964018
2026-02-27T09:00:00Z,2461098.875000000,42165.978258,347458.693482,122.177039181,8.690306141,28.690306141,0.286497659,20.000000000,0.000000000000,0.908460010418,90.846001042
2026-02-27T10:00:00Z,2461098.916666667,42166.286253,355583.929782,109.343817297,8.690242173,28.690242173,0.279951019,20.000000000,0.000000000000,0.908460278408,90.846027841
2026-02-27T11:00:00Z,2461098.958333333,42166.456829,364710.802669,96.347783532,8.690206746,28.690206746,0.272945202,20.000000000,0.000000000000,0.908460426825,90.846042683
2026-02-27T12:00:00Z,2461099.000000000,42166.476542,374221.142704,83.478659041,8.690202652,28.690202652,0.266008607,20.000000000,0.000000000000,0.908460443977,90.846044398
2026-02-27T13:00:00Z,2461099.041666667,42166.339791,383516.209930,70.898402522,8.690231054,28.690231054,0.259561461,20.000000000,0.000000000000,0.908460324991,90.846032499
2026-02-27T14:00:00Z,2461099.083333333,42166.050409,392050.670899,58.736079454,8.690291156,28.690291156,0.253911090,20.000000000,0.000000000000,0.908460073197,90.846007320
2026-02-27T15:00:00Z,2461099.125000000,42165.622993,399354.629556,47.172758949,8.690379927,28.690379927,0.249267178,20.000000000,0.003771223594,0.908759805731,90.875980573
2026-02-27T16:00:00Z,2461099.166666667,42165.087032,405046.778169,36.587587845,8.690491246,28.690491246,0.245764188,20.000000000,0.080391817172,0.914856612471,91.485661247
2026-02-27T17:00:00Z,2461099.208333333,42164.485292,408841.723216,27.904214644,8.690616230,28.690616230,0.243482945,20.000000000,0.172372004689,0.922175639608,92.217563961
2026-02-27T18:00:00Z,2461099.250000000,42163.850882,410553.845605,23.190241563,8.690748004,28.690748004,0.242467548,20.000000000,0.227443185482,0.926557512865,92.655751287
2026-02-27T19:00:00Z,2461099.291666667,42163.224221,410099.280390,24.763670748,8.690878172,28.690878172,0.242736308,20.000000000,0.208832659876,0.925075988952,92.507598895
2026-02-27T20:00:00Z,2461099.333333333,42162.651293,407496.947029,31.734161870,8.690997182,28.690997182,0.244286466,20.000000000,0.129832503979,0.918788857696,91.878885770
2026-02-27T21:00:00Z,2461099.375000000,42162.168456,402868.949721,41.548000862,8.691097481,28.691097481,0.247092748,20.000000000,0.037413922565,0.911434000457,91.143400046
2026-02-27T22:00:00Z,2461099.416666667,42161.806243,396440.251096,52.749573713,8.691172724,28.691172724,0.251099644,20.000000000,0.000000000000,0.908456379862,90.845637986
2026-02-27T23:00:00Z,2461099.458333333,42161.589585,388537.051734,64.743491051,8.691217732,28.691217732,0.256207275,20.000000000,0.000000000000,0.908456191300,90.845619130
2026-02-28T00:00:00Z,2461099.500000000,42161.535923,379582.640331,77.279385610,8.691228880,28.691228880,0.262251284,20.000000000,0.000000000000,0.908456144597,90.845614460
2026-02-28T01:00:00Z,2461099.541666667,42161.652888,370088.693328,90.225991103,8.691204582,28.691204582,0.268978909,20.000000000,0.000000000000,0.908456246394,90.845624639
2026-02-28T02:00:00Z,2461099.583333333,42161.936129,360639.116424,103.468157146,8.691145743,28.691145743,0.276026831,20.000000000,0.000000000000,0.908456492904,90.845649290
2026-02-28T03:00:00Z,2461099.625000000,42162.368077,351862.923025,116.828991795,8.691056014,28.691056014,0.282911570,20.000000000,0.000000000000,0.908456868828,90.845686883
2026-02-28T04:00:00Z,2461099.666666667,42162.908888,344393.130430,129.951496320,8.690943673,28.690943673,0.289047895,20.000000000,0.000000000000,0.908457339483,90.845733948
2026-02-28T05:00:00Z,2461099.708333333,42163.521275,338811.277724,142.016484704,8.690816468,28.690816468,0.293809947,20.000000000,0.000000000000,0.908457872412,90.845787241
2026-02-28T06:00:00Z,2461099.750000000,42164.174291,335582.590281,151.015994190,8.690680828,28.690680828,0.296636759,20.000000000,0.000000000000,0.908458440678,90.845844068
2026-02-28T07:00:00Z,2461099.791666667,42164.807489,334993.803865,153.169353514,8.690549308,28.690549308,0.297158134,20.000000000,0.000000000000,0.908458991679,90.845899168
2026-02-28T08:00:00Z,2461099.833333333,42165.383136,337109.857954,147.014843656,8.690429745,28.690429745,0.295292842,20.000000000,0.000000000000,0.908459492584,90.845949258
2026-02-28T09:00:00Z,2461099.875000000,42165.868169,341763.336978,136.044680675,8.690329006,28.690329006,0.291272074,20.000000000,0.000000000000,0.908459914627,90.845991463
2026-02-28T10:00:00Z,2461099.916666667,42166.233453,348580.193498,123.217028556,8.690253139,28.690253139,0.285575891,20.000000000,0.000000000000,0.908460232465,90.846023247
2026-02-28T11:00:00Z,2461099.958333333,42166.453813,357032.986979,109.805670190,8.690207373,28.690207373,0.278814798,20.000000000,0.000000000000,0.908460424201,90.846042420
2026-02-28T12:00:00Z,2461100.000000000,42166.509715,366505.733753,96.337357372,8.690195762,28.690195762,0.271608466,20.000000000,0.000000000000,0.908460472841,90.846047284
2026-02-28T13:00:00Z,2461100.041666667,42166.391934,376355.429241,83.049700789,8.690220224,28.690220224,0.264500079,20.000000000,0.000000000000,0.908460370360,90.846037036
2026-02-28T14:00:00Z,2461100.083333333,42166.111058,385961.404615,70.064324970,8.690278559,28.690278559,0.257917041,20.000000000,0.000000000000,0.908460125969,90.846012597
2026-02-28T15:00:00Z,2461100.125000000,42165.687487,394760.176895,57.471354752,8.690366532,28.690366532,0.252168315,20.000000000,0.000000000000,0.908459757411,90.845975741
2026-02-28T16:00:00Z,2461100.166666667,42165.147673,402267.769612,45.404298982,8.690478651,28.690478651,0.247462025,20.000000000,0.011908509421,0.909406936765,90.940693676
2026-02-28T17:00:00Z,2461100.208333333,42164.523885,408092.816066,34.180608780,8.690608214,28.690608214,0.243929773,20.000000000,0.104168747281,0.916748230415,91.674823042
2026-02-28T18:00:00Z,2461100.250000000,42163.854559,411943.731322,24.705838051,8.690747240,28.690747240,0.241649465,20.000000000,0.209511831832,0.925130584280,92.513058428
2026-02-28T19:00:00Z,2461100.291666667,42163.184245,413632.446672,19.484301544,8.690886476,28.690886476,0.240662890,20.000000000,0.271627819396,0.930073034183,93.007303418
2026-02-28T20:00:00Z,2461100.333333333,42162.561678,413076.346085,21.754512807,8.691015798,28.691015798,0.240986882,20.000000000,0.244545059089,0.927917314797,92.791731480
2026-02-28T21:00:00Z,2461100.375000000,42162.026246,410299.310563,29.898219444,8.691127023,28.691127023,0.242617968,20.000000000,0.149912340105,0.920386216312,92.038621631
2026-02-28T22:00:00Z,2461100.416666667,42161.610996,405432.216507,40.618005947,8.691213284,28.691213284,0.245530542,20.000000000,0.044737713596,0.912016324066,91.201632407
2026-02-28T23:00:00Z,2461100.458333333,42161.343146,398712.784371,52.486046801,8.691268927,28.691268927,0.249668449,20.000000000,0.000000000000,0.908455976816,90.845597682
2026-03-01T00:00:00Z,2461100.500000000,42161.242506,390484.123499,65.020444845,8.691289834,28.691289834,0.254929739,20.000000000,0.000000000000,0.908455889226,90.845588923
2026-03-01T01:00:00Z,2461100.541666667,42161.319524,381190.646529,78.045998133,8.691273834,28.691273834,0.261145002,20.000000000,0.000000000000,0.908455956257,90.845595626
2026-03-01T02:00:00Z,2461100.583333333,42161.573263,371369.144544,91.482263487,8.691221123,28.691221123,0.268051484,20.000000000,0.000000000000,0.908456177095,90.845617709
2026-03-01T03:00:00Z,2461100.625000000,42161.989905,361631.821588,105.257634701,8.691134572,28.691134572,0.275269112,20.000000000,0.000000000000,0.908456539705,90.845653971
2026-03-01T04:00:00Z,2461100.666666667,42162.542391,352637.404201,119.245195366,8.691019804,28.691019804,0.282290219,20.000000000,0.000000000000,0.908457020530,90.845702053
2026-03-01T05:00:00Z,2461100.708333333,42163.197817,345047.014891,133.158020715,8.690883657,28.690883657,0.288500128,20.000000000,0.000000000000,0.908457590924,90.845759092
2026-03-01T06:00:00Z,2461100.750000000,42163.926814,339464.351065,146.257289236,8.690732232,28.690732232,0.293244700,20.000000000,0.000000000000,0.908458225321,90.845822532
2026-03-01T07:00:00Z,2461100.791666667,42164.670117,336365.701606,156.329553580,8.690577841,28.690577841,0.295946137,20.000000000,0.000000000000,0.908458872141,90.845887214
2026-03-01T08:00:00Z,2461100.833333333,42165.374567,336034.291670,158.050424757,8.690431525,28.690431525,0.296238013,20.000000000,0.000000000000,0.908459485128,90.845948513
2026-03-01T09:00:00Z,2461100.875000000,42165.998092,338516.268921,149.877675708,8.690302021,28.690302021,0.294065998,20.000000000,0.000000000000,0.908460027676,90.846002768
2026-03-01T10:00:00Z,2461100.916666667,42166.506815,343612.988008,137.310033348,8.690196365,28.690196365,0.289704158,20.000000000,0.000000000000,0.908460470318,90.846047032
2026-03-01T11:00:00Z,2461100.958333333,42166.870318,350912.246138,123.456080489,8.690120870,28.690120870,0.283678028,20.000000000,0.000000000000,0.908460786596,90.846078660
2026-03-01T12:00:00Z,2461101.000000000,42167.058717,359847.605775,109.338969971,8.690081743,28.690081743,0.276633976,20.000000000,0.000000000000,0.908460950516,90.846095052
2026-03-01T13:00:00Z,2461101.041666667,42167.042034,369767.952671,95.332892118,8.690085208,28.690085208,0.269212226,20.000000000,0.000000000000,0.908460936001,90.846093600
2026-03-01T14:00:00Z,2461101.083333333,42166.793272,380001.474051,81.590214416,8.690136872,28.690136872,0.261962232,20.000000000,0.000000000000,0.908460719560,90.846071956
2026-03-01T15:00:00Z,2461101.125000000,42166.339277,389906.470449,68.175388524,8.690231160,28.690231160,0.255307424,20.000000000,0.000000000000,0.908460324544,90.846032454
2026-03-01T16:00:00Z,2461101.166666667,42165.751394,398905.759570,55.127921124,8.690353259,28.690353259,0.249547668,20.000000000,0.000000000000,0.908459813018,90.845981302
2026-03-01T17:00:00Z,2461101.208333333,42165.116120,406508.121365,42.520018183,8.690485204,28.690485204,0.244880693,20.000000000,0.030190061212,0.910861708976,91.086170898
2026-03-01T18:00:00Z,2461101.250000000,42164.503640,412320.591420,30.580099384,8.690612419,28.690612419,0.241428597,20.000000000,0.142375071640,0.919788575488,91.978857549
2026-03-01T19:00:00Z,2461101.291666667,42163.946559,416054.987030,20.157653908,8.690728130,28.690728130,0.239261587,20.000000000,0.263600982022,0.929434942150,92.943494215
2026-03-01T20:00:00Z,2461101.333333333,42163.436884,417531.146835,14.591404229,8.690833998,28.690833998,0.238415686,20.000000000,0.328431797262,0.934593570972,93.459357097
2026-03-01T21:00:00Z,2461101.375000000,42162.993941,416678.470953,18.769494189,8.690926006,28.690926006,0.238903574,20.000000000,0.280123464892,0.930748930557,93.074893056
2026-03-01T22:00:00Z,2461101.416666667,42162.642359,413536.810314,28.776145647,8.690999038,28.690999038,0.240718547,20.000000000,0.162476674962,0.921386590509,92.138659051
2026-03-01T23:00:00Z,2461101.458333333,42162.403999,408256.905752,40.621160765,8.691048552,28.691048552,0.243831730,20.000000000,0.044710838743,0.912014875588,91.201487559
2026-03-02T00:00:00Z,2461101.500000000,42162.297165,401100.188163,53.239986585,8.691070744,28.691070744,0.248182378,20.000000000,0.000000000000,0.908456807114,90.845680711
2026-03-02T01:00:00Z,2461101.541666667,42162.334470,392437.184206,66.359600218,8.691062995,28.691062995,0.253661010,20.000000000,0.000000000000,0.908456839580,90.845683958
2026-03-02T02:00:00Z,2461101.583333333,42162.519810,382743.018087,79.905726745,8.691024495,28.691024495,0.260085813,20.000000000,0.000000000000,0.908457000879,90.845700088
2026-03-02T03:00:00Z,2461101.625000000,42162.845509,372587.518438,93.856538992,8.690956839,28.690956839,0.267174941,20.000000000,0.000000000000,0.908457284325,90.845728433
2026-03-02T04:00:00Z,2461101.666666667,42163.285303,362616.354001,108.186996716,8.690865484,28.690865484,0.274521728,20.000000000,0.000000000000,0.908457667059,90.845766706
2026-03-02T05:00:00Z,2461101.708333333,42163.797676,353518.927645,122.824801765,8.690759055,28.690759055,0.281586304,20.000000000,0.000000000000,0.908458112943,90.845811294
2026-03-02T06:00:00Z,2461101.750000000,42164.349630,345979.586538,137.571636308,8.690644408,28.690644408,0.287722483,20.000000000,0.000000000000,0.908458593258,90.845859326
2026-03-02T07:00:00Z,2461101.791666667,42164.907993,340612.371481,151.837041116,8.690528433,28.690528433,0.292256322,20.000000000,0.000000000000,0.908459079135,90.845907913
2026-03-02T08:00:00Z,2461101.833333333,42165.439312,337886.626090,163.185330737,8.690418077,28.690418077,0.294613987,20.000000000,0.000000000000,0.908459541464,90.845954146
2026-03-02T09:00:00Z,2461101.875000000,42165.910034,338059.219974,163.001622232,8.690320310,28.690320310,0.294463572,20.000000000,0.000000000000,0.908459951055,90.845995106
2026-03-02T10:00:00Z,2461101.916666667,42166.287490,341133.197640,151.494337087,8.690241916,28.690241916,0.291810115,20.000000000,0.000000000000,0.908460279484,90.846027948
2026-03-02T11:00:00Z,2461101.958333333,42166.542142,346857.100480,137.160582573,8.690189028,28.690189028,0.286994568,20.000000000,0.000000000000,0.908460501055,90.846050106
2026-03-02T12:00:00Z,2461102.000000000,42166.652600,354765.109981,122.346312231,8.690166087,28.690166087,0.280597168,20.000000000,0.000000000000,0.908460597164,90.846059716
2026-03-02T13:00:00Z,2461102.041666667,42166.616463,364243.980057,107.622708613,8.690173592,28.690173592,0.273295017,20.000000000,0.000000000000,0.908460565721,90.846056572
2026-03-02T14:00:00Z,2461102.083333333,42166.436661,374606.989240,93.178333347,8.690210935,28.690210935,0.265734615,20.000000000,0.000000000000,0.908460409277,90.846040928
2026-03-02T15:00:00Z,2461102.125000000,42166.115697,385159.268630,79.074347700,8.690277596,28.690277596,0.258454185,20.000000000,0.000000000000,0.908460130006,90.846013001
2026-03-02T16:00:00Z,2461102.166666667,42165.680974,395246.988516,65.317998777,8.690367885,28.690367885,0.251857726,20.000000000,0.000000000000,0.908459751744,90.845975174
2026-03-02T17:00:00Z,2461102.208333333,42165.173288,404290.040111,51.898217610,8.690473330,28.690473330,0.246224205,20.000000000,0.000000000000,0.908459309984,90.845930998
2026-03-02T18:00:00Z,2461102.250000000,42164.604202,411801.650592,38.819968910,8.690591532,28.690591532,0.241732840,20.000000000,0.059914704922,0.913226675509,91.322667551
2026-03-02T19:00:00Z,2461102.291666667,42164.000783,417399.125614,26.188160831,8.690716867,28.690716867,0.238491096,20.000000000,0.192157526070,0.923749699753,92.374969975
2026-03-02T20:00:00Z,2461102.333333333,42163.420003,420809.236400,14.659375731,8.690837504,28.690837504,0.236558425,20.000000000,0.327678191864,0.934533586270,93.453358627
2026-03-02T21:00:00Z,2461102.375000000,42162.897433,421870.802872,9.261406966,8.690946053,28.690946053,0.235963162,20.000000000,0.377027069338,0.938460190396,93.846019040
2026-03-02T22:00:00Z,2461102.416666667,42162.462180,420535.884525,17.223330374,8.691036466,28.691036466,0.236712191,20.000000000,0.298350731976,0.932198947609,93.219894761
2026-03-02T23:00:00Z,2461102.458333333,42162.141496,416870.394882,29.196018829,8.691103082,28.691103082,0.238793584,20.000000000,0.157751820167,0.921010162616,92.101016262
2026-03-03T00:00:00Z,2461102.500000000,42161.959746,411054.338257,42.009437960,8.691140837,28.691140837,0.242172322,20.000000000,0.033929097083,0.911156505215,91.115650522
2026-03-03T01:00:00Z,2461102.541666667,42161.935694,403381.343673,55.249145261,8.691145833,28.691145833,0.246778877,20.000000000,0.000000000000,0.908456492525,90.845649253
2026-03-03T02:00:00Z,2461102.583333333,42162.078690,394256.557108,68.854832310,8.691116128,28.691116128,0.252490435,20.000000000,0.000000000000,0.908456616975,90.845661698
2026-03-03T03:00:00Z,2461102.625000000,42162.384972,384191.125408,82.838456214,8.691052504,28.691052504,0.259105482,20.000000000,0.000000000000,0.908456883531,90.845688353
2026-03-03T04:00:00Z,2461102.666666667,42162.828528,373790.431515,97.224395353,8.690960366,28.690960366,0.266315126,20.000000000,0.000000000000,0.908457269548,90.845726955
2026-03-03T05:00:00Z,2461102.708333333,42163.366548,363732.107888,112.023828000,8.690848608,28.690848608,0.273679622,20.000000000,0.000000000000,0.908457737762,90.845773776
2026-03-03T06:00:00Z,2461102.750000000,42163.964801,354729.371135,127.211469337,8.690724341,28.690724341,0.280625439,20.000000000,0.000000000000,0.908458258378,90.845825838
2026-03-03T07:00:00Z,2461102.791666667,42164.587348,347476.526312,142.685070517,8.690595032,28.690595032,0.286482955,20.000000000,0.000000000000,0.908458800117,90.845880012
2026-03-03T08:00:00Z,2461102.833333333,42165.196433,342578.162592,158.108930301,8.690468523,28.690468523,0.290579275,20.000000000,0.000000000000,0.908459330124,90.845933012
2026-03-03T09:00:00Z,2461102.875000000,42165.752825,340471.770461,171.114354669,8.690352962,28.690352962,0.292377013,20.000000000,0.000000000000,0.908459814264,90.845981426
2026-03-03T10:00:00Z,2461102.916666667,42166.217297,341361.959386,165.605098249,8.690256494,28.690256494,0.291614559,20.000000000,0.000000000000,0.908460218408,90.846021841
2026-03-03T11:00:00Z,2461102.958333333,42166.553257,345186.759709,150.681751633,8.690186719,28.690186719,0.288383331,20.000000000,0.000000000000,0.908460510727,90.846051073
2026-03-03T12:00:00Z,2461103.000000000,42166.727996,351628.028824,135.135412743,8.690150428,28.690150428,0.283100561,20.000000000,0.000000000000,0.908460662765,90.846066276
2026-03-03T13:00:00Z,2461103.041666667,42166.741666,360161.991832,119.743007643,8.690147589,28.690147589,0.276392500,20.000000000,0.000000000000,0.908460674658,90.846067466
2026-03-03T14:00:00Z,2461103.083333333,42166.593936,370132.633737,104.684769277,8.690178271,28.690178271,0.268946977,20.000000000,0.000000000000,0.908460546121,90.846054612
2026-03-03T15:00:00Z,2461103.125000000,42166.295378,380827.449752,90.013903237,8.690240278,28.690240278,0.261394058,20.000000000,0.000000000000,0.908460286347,90.846028635
2026-03-03T16:00:00Z,2461103.166666667,42165.863320,391541.105264,75.727785166,8.690330013,28.690330013,0.254241541,20.000000000,0.000000000000,0.908459910408,90.845991041
2026-03-03T17:00:00Z,2461103.208333333,42165.320308,401621.475325,61.793604891,8.690442794,28.690442794,0.247860246,20.000000000,0.000000000000,0.908459437914,90.845943791
2026-03-03T18:00:00Z,2461103.250000000,42164.696750,410499.171625,48.163463789,8.690572309,28.690572309,0.242499843,20.000000000,0.000775845140,0.908520635112,90.852063511
2026-03-03T19:00:00Z,2461103.291666667,42164.034095,417704.619833,34.786930521,8.690709948,28.690709948,0.238316671,20.000000000,0.098032037731,0.916259460371,91.625946037
2026-03-03T20:00:00Z,2461103.333333333,42163.385192,422877.030776,21.634958221,8.690844735,28.690844735,0.235401689,20.000000000,0.245969370989,0.928031374608,92.803137461
2026-03-03T21:00:00Z,2461103.375000000,42162.787649,425768.734206,8.887620251,8.690968858,28.690968858,0.233802897,20.000000000,0.378531302663,0.938579797939,93.857979794
2026-03-03T22:00:00Z,2461103.416666667,42162.274497,426247.049766,5.948518836,8.691075453,28.691075453,0.233540532,20.000000000,0.378922438992,0.938610476992,93.861047699
2026-03-03T23:00:00Z,2461103.458333333,42161.877416,424295.078237,18.350678191,8.691157939,28.691157939,0.234614943,20.000000000,0.285087369813,0.931142973865,93.114297386
2026-03-04T00:00:00Z,2461103.500000000,42161.625764,420012.027740,31.457495521,8.691210216,28.691210216,0.237007430,20.000000000,0.132819085876,0.919025629815,91.902562981
2026-03-04T01:00:00Z,2461103.541666667,42161.543600,413613.126654,44.804860191,8.691227285,28.691227285,0.240674132,20.000000000,0.015268809494,0.909671204532,90.967120453
2026-03-04T02:00:00Z,2461103.583333333,42161.645306,405428.631478,58.406314498,8.691206157,28.691206157,0.245532713,20.000000000,0.000000000000,0.908456239796,90.845623980
2026-03-04T03:00:00Z,2461103.625000000,42161.931121,395900.764141,72.312212809,8.691146783,28.691146783,0.251441815,20.000000000,0.000000000000,0.908456488545,90.845648854
2026-03-04T04:00:00Z,2461103.666666667,42162.374032,385576.503344,86.575603505,8.691054777,28.691054777,0.258174508,20.000000000,0.000000000000,0.908456874010,90.845687401
2026-03-04T05:00:00Z,2461103.708333333,42162.930562,375093.024321,101.240444181,8.690939171,28.690939171,0.265390281,20.000000000,0.000000000000,0.908457358345,90.845735834
2026-03-04T06:00:00Z,2461103.750000000,42163.570563,365151.570397,116.331283642,8.690806230,28.690806230,0.272615733,20.000000000,0.000000000000,0.908457915303,90.845791530
2026-03-04T07:00:00Z,2461103.791666667,42164.259193,356475.326734,131.842164973,8.690663193,28.690663193,0.279250972,20.000000000,0.000000000000,0.908458514560,90.845851456
2026-03-04T08:00:00Z,2461103.833333333,42164.953505,349749.084727,147.726416973,8.690518980,28.690518980,0.284621465,20.000000000,0.000000000000,0.908459118738,90.845911874
2026-03-04T09:00:00Z,2461103.875000000,42165.602537,345544.346066,163.889993788,8.690384176,28.690384176,0.288084895,20.000000000,0.000000000000,0.908459683493,90.845968349
2026-03-04T10:00:00Z,2461103.916666667,42166.148894,344242.370941,179.360564053,8.690270701,28.690270701,0.289174484,20.000000000,0.000000000000,0.908460158890,90.846015889
2026-03-04T11:00:00Z,2461103.958333333,42166.561397,345975.138249,163.449251713,8.690185029,28.690185029,0.287726182,20.000000000,0.000000000000,0.908460517809,90.846051781
2026-03-04T12:00:00Z,2461104.000000000,42166.816862,350603.434731,147.294498321,8.690131972,28.690131972,0.283927894,20.000000000,0.000000000000,0.908460740085,90.846074009
2026-03-04T13:00:00Z,2461104.041666667,42166.892636,357740.212388,131.423138661,8.690116235,28.690116235,0.278263598,20.000000000,0.000000000000,0.908460806014,90.846080601
2026-03-04T14:00:00Z,2461104.083333333,42166.784343,366810.539387,115.926286833,8.690138726,28.690138726,0.271382768,20.000000000,0.000000000000,0.908460711791,90.846071179
2026-03-04T15:00:00Z,2461104.125000000,42166.500034,377128.459418,100.847810101,8.690197773,28.690197773,0.263957909,20.000000000,0.000000000000,0.908460464418,90.846046442
2026-03-04T16:00:00Z,2461104.166666667,42166.057860,387971.234622,86.191182232,8.690289608,28.690289608,0.256580930,20.000000000,0.000000000000,0.908460079681,90.846007968
2026-03-04T17:00:00Z,2461104.208333333,42165.484994,398638.848928,71.929709447,8.690408589,28.690408589,0.249714755,20.000000000,0.000000000000,0.908459581215,90.845958121
2026-03-04T18:00:00Z,2461104.250000000,42164.816302,408495.477972,58.017269055,8.690547477,28.690547477,0.243689325,20.000000000,0.000000000000,0.908458999347,90.845899935
2026-03-04T19:00:00Z,2461104.291666667,42164.092746,416995.262409,44.397680386,8.690697766,28.690697766,0.238722077,20.000000000,0.017689948359,0.909866091079,90.986609108
2026-03-04T20:00:00Z,2461104.333333333,42163.359474,423696.774302,31.013652103,8.690850077,28.690850077,0.234946245,20.000000000,0.137633932511,0.919410291954,91.941029195
2026-03-04T21:00:00Z,2461104.375000000,42162.663533,428270.364675,17.826846273,8.690994640,28.690994640,0.232437191,20.000000000,0.291267210105,0.931635434082,93.163543408
2026-03-04T22:00:00Z,2461104.416666667,42162.051203,430501.515459,5.095842842,8.691121838,28.691121838,0.231232537,20.000000000,0.378922438992,0.938610282660,93.861028266
2026-03-04T23:00:00Z,2461104.458333333,42161.565018,430292.195181,8.969085438,8.691222836,28.691222836,0.231345023,20.000000000,0.378268310642,0.938557805645,93.855780565
2026-03-05T00:00:00Z,2461104.500000000,42161.240642,427661.320953,21.961815822,8.691290221,28.691290221,0.232768212,20.000000000,0.242075744516,0.927719663275,92.771966327
2026-03-05T01:00:00Z,2461104.541666667,42161.103855,422744.762330,35.209171485,8.691318637,28.691318637,0.235475342,20.000000000,0.093821121034,0.915921816141,91.592181614
2026-03-05T02:00:00Z,2461104.583333333,42161.167970,415794.774435,48.658736036,8.691305318,28.691305318,0.239411323,20.000000000,0.000011946214,0.908456775003,90.845677500
2026-03-05T03:00:00Z,2461104.625000000,42161.432036,407178.176142,62.357520061,8.691250461,28.691250461,0.244477713,20.000000000,0.000000000000,0.908456054180,90.845605418
2026-03-05T04:00:00Z,2461104.666666667,42161.880123,397371.859548,76.360612888,8.691157377,28.691157377,0.250510956,20.000000000,0.000000000000,0.908456444161,90.845644416
2026-03-05T05:00:00Z,2461104.708333333,42162.478554,386953.279306,90.717235704,8.691033065,28.691033065,0.257255920,20.000000000,0.000000000000,0.908456964974,90.845696497
2026-03-05T06:00:00Z,2461104.750000000,42163.181437,376582.303228,105.460861839,8.690887059,28.690887059,0.264340729,20.000000000,0.000000000000,0.908457576670,90.845757667
2026-03-05T07:00:00Z,2461104.791666667,42163.943357,366970.233484,120.596202277,8.690728796,28.690728796,0.271264670,20.000000000,0.000000000000,0.908458239717,90.845823972
2026-03-05T08:00:00Z,2461104.833333333,42164.707724,358832.333376,136.077767159,8.690570029,28.690570029,0.277416685,20.000000000,0.000000000000,0.908458904866,90.845890487
2026-03-05T09:00:00Z,2461104.875000000,42165.424961,352822.731007,151.754211683,8.690421058,28.690421058,0.282141940,20.000000000,0.000000000000,0.908459528978,90.845952898
2026-03-05T10:00:00Z,2461104.916666667,42166.050179,349458.300471,166.971960975,8.690291203,28.690291203,0.284858300,20.000000000,0.000000000000,0.908460072997,90.846007300
2026-03-05T11:00:00Z,2461104.958333333,42166.542652,349046.305396,171.837898738,8.690188922,28.690188922,0.285194534,20.000000000,0.000000000000,0.908460501499,90.846050150
2026-03-05T12:00:00Z,2461105.000000000,42166.867484,351636.097320,157.825559893,8.690121459,28.690121459,0.283094065,20.000000000,0.000000000000,0.908460784130,90.846078413
2026-03-05T13:00:00Z,2461105.041666667,42166.998477,357011.237269,142.200987917,8.690094254,28.690094254,0.278831784,20.000000000,0.000000000000,0.908460898103,90.846089810
2026-03-05T14:00:00Z,2461105.083333333,42166.916109,364724.871628,126.651295934,8.690111360,28.690111360,0.272934674,20.000000000,0.000000000000,0.908460826437,90.846082644
2026-03-05T15:00:00Z,2461105.125000000,42166.625810,374165.888460,111.418598299,8.690171651,28.690171651,0.266047890,20.000000000,0.000000000000,0.908460573854,90.846057385
2026-03-05T16:00:00Z,2461105.166666667,42166.157854,384635.585822,96.578783608,8.690268840,28.690268840,0.258806074,20.000000000,0.000000000000,0.908460166687,90.846016669
2026-03-05T17:00:00Z,2461105.208333333,42165.523641,395417.592579,82.145906029,8.690400562,28.690400562,0.251749061,20.000000000,0.000000000000,0.908459614843,90.845961484
2026-03-05T18:00:00Z,2461105.250000000,42164.784151,405831.648310,68.102259895,8.690554155,28.690554155,0.245288882,20.000000000,0.000000000000,0.908458971371,90.845897137
2026-03-05T19:00:00Z,2461105.291666667,42164.005615,415270.039264,54.417601361,8.690715864,28.690715864,0.239713845,20.000000000,0.000000000000,0.908458293895,90.845829390
2026-03-05T20:00:00Z,2461105.333333333,42163.242210,423219.753439,41.071060709,8.690874435,28.690874435,0.235211060,20.000000000,0.041119182846,0.911729790160,91.172979016
2026-03-05T21:00:00Z,2461105.375000000,42162.529928,429274.677863,28.103484920,8.691022393,28.691022393,0.231893387,20.000000000,0.170104762252,0.921993516562,92.199351656
2026-03-05T22:00:00Z,2461105.416666667,42161.907019,433141.625949,15.885121819,8.691151790,28.691151790,0.229823107,20.000000000,0.313849944848,0.933431852625,93.343185262
2026-03-05T23:00:00Z,2461105.458333333,42161.409911,434642.985216,7.970304705,8.691255057,28.691255057,0.229029240,20.000000000,0.378922438992,0.938609724532,93.860972453
2026-03-06T00:00:00Z,2461105.500000000,42161.070571,433717.678369,14.809293263,8.691325551,28.691325551,0.229517860,20.000000000,0.326016349556,0.934399296363,93.439929636
2026-03-06T01:00:00Z,2461105.541666667,42160.914918,430421.317884,26.877183778,8.691357887,28.691357887,0.231275621,20.000000000,0.184178051792,0.923112027786,92.311202779
2026-03-06T02:00:00Z,2461105.583333333,42160.959958,424925.819037,39.775363729,8.691348531,28.691348531,0.234266689,20.000000000,0.051694977699,0.912569398927,91.256939893
2026-03-06T03:00:00Z,2461105.625000000,42161.210215,417518.187844,53.050384221,8.691296542,28.691296542,0.238423086,20.000000000,0.000000000000,0.908455861121,90.845586112
2026-03-06T04:00:00Z,2461105.666666667,42161.654575,408597.594993,66.643764386,8.691204231,28.691204231,0.243628422,20.000000000,0.000000000000,0.908456247862,90.845624786
2026-03-06T05:00:00Z,2461105.708333333,42162.264022,398669.070145,80.565422717,8.691077629,28.691077629,0.249695825,20.000000000,0.000000000000,0.908456778270,90.845677827
2026-03-06T06:00:00Z,2461105.750000000,42162.978011,388331.122534,94.832369471,8.690929315,28.690929315,0.256343140,20.000000000,0.000000000000,0.908457399637,90.845739964
2026-03-06T07:00:00Z,2461105.791666667,42163.744365,378253.773899,109.440989386,8.690770129,28.690770129,0.263172622,20.000000000,0.000000000000,0.908458066551,90.845806655
2026-03-06T08:00:00Z,2461105.833333333,42164.531430,369142.994652,124.335555284,8.690606647,28.690606647,0.269668005,20.000000000,0.000000000000,0.908458751458,90.845875146
2026-03-06T09:00:00Z,2461105.875000000,42165.313987,361688.507391,139.340000271,8.690444107,28.690444107,0.275225970,20.000000000,0.000000000000,0.908459432413,90.845943241
2026-03-06T10:00:00Z,2461105.916666667,42166.059811,356496.336155,153.899816499,8.690289203,28.690289203,0.279234515,20.000000000,0.000000000000,0.908460081379,90.846008138
2026-03-06T11:00:00Z,2461105.958333333,42166.719615,354014.754240,165.408651723,8.690152169,28.690152169,0.281191916,20.000000000,0.000000000000,0.908460655472,90.846065547
2026-03-06T12:00:00Z,2461106.000000000,42167.226895,354470.027609,163.752406918,8.690046816,28.690046816,0.280830756,20.000000000,0.000000000000,0.908461096841,90.846109684
2026-03-06T13:00:00Z,2461106.041666667,42167.508060,357830.947936,151.164516448,8.689988424,28.689988424,0.278193038,20.000000000,0.000000000000,0.908461341470,90.846134147
2026-03-06T14:00:00Z,2461106.083333333,42167.496617,363814.351489,136.475769058,8.689990800,28.689990800,0.273617754,20.000000000,0.000000000000,0.908461331514,90.846133151
2026-03-06T15:00:00Z,2461106.125000000,42167.165754,371929.699394,121.534504964,8.690059514,28.690059514,0.267647487,20.000000000,0.000000000000,0.908461043645,90.846104365
2026-03-06T16:00:00Z,2461106.166666667,42166.546546,381547.434534,106.774197834,8.690188113,28.690188113,0.260900801,20.000000000,0.000000000000,0.908460504887,90.846050489
2026-03-06T17:00:00Z,2461106.208333333,42165.728146,391972.443353,92.340276613,8.690358087,28.690358087,0.253961764,20.000000000,0.000000000000,0.908459792790,90.845979279
2026-03-06T18:00:00Z,2461106.250000000,42164.833281,402507.998535,78.282012978,8.690543951,28.690543951,0.247314331,20.000000000,0.000000000000,0.908459014122,90.845901412
2026-03-06T19:00:00Z,2461106.291666667,42163.959790,412503.666232,64.611949242,8.690725382,28.690725382,0.241321447,20.000000000,0.000000000000,0.908458254017,90.845825402
2026-03-06T20:00:00Z,2461106.333333333,42163.096639,421387.171693,51.342733905,8.690904673,28.690904673,0.236233982,20.000000000,0.000000000000,0.908457502874,90.845750287
2026-03-06T21:00:00Z,2461106.375000000,42162.288281,428683.146407,38.540881546,8.691072590,28.691072590,0.232213374,20.000000000,0.062386433313,0.913421354004,91.342135400
2026-03-06T22:00:00Z,2461106.416666667,42161.583418,434023.566102,26.484891833,8.691219013,28.691219013,0.229356102,20.000000000,0.188717288147,0.923473830560,92.347383056
2026-03-06T23:00:00Z,2461106.458333333,42161.022637,437152.862159,16.408619833,8.691335509,28.691335509,0.227714280,20.000000000,0.307829825401,0.932952017035,93.295201704
2026-03-07T00:00:00Z,2461106.500000000,42160.638116,437930.100374,13.423306662,8.691415391,28.691415391,0.227310131,20.000000000,0.341104176343,0.935599571078,93.559957108
2026-03-07T01:00:00Z,2461106.541666667,42160.453340,436329.662531,20.785106789,8.691453778,28.691453778,0.228143899,20.000000000,0.256122481065,0.928836781816,92.883678182
2026-03-07T02:00:00Z,2461106.583333333,42160.482220,432441.117230,32.073785743,8.691447778,28.691447778,0.230195398,20.000000000,0.126196113713,0.918497595151,91.849759515
2026-03-07T03:00:00Z,2461106.625000000,42160.727409,426468.383253,44.501342154,8.691396841,28.691396841,0.233419326,20.000000000,0.017066475262,0.909813547858,90.981354786
2026-03-07T04:00:00Z,2461106.666666667,42161.168776,418727.738033,57.469742259,8.691305150,28.691305150,0.237734365,20.000000000,0.000000000000,0.908455825055,90.845582506
2026-03-07T05:00:00Z,2461106.708333333,42161.737676,409643.589798,70.828828837,8.691186968,28.691186968,0.243006331,20.000000000,0.000000000000,0.908456320187,90.845632019
2026-03-07T06:00:00Z,2461106.750000000,42162.460411,399740.253015,84.534529130,8.691036834,28.691036834,0.249026712,20.000000000,0.000000000000,0.908456949185,90.845694918
2026-03-07T07:00:00Z,2461106.791666667,42163.320667,389626.639130,98.557854106,8.690858138,28.690858138,0.255490788,20.000000000,0.000000000000,0.908457697834,90.845769783
2026-03-07T08:00:00Z,2461106.833333333,42164.217634,379970.416684,112.837311993,8.690671825,28.690671825,0.261983644,20.000000000,0.000000000000,0.908458478395,90.845847839
2026-03-07T09:00:00Z,2461106.875000000,42165.085264,371458.598732,127.217372794,8.690491613,28.690491613,0.267986932,20.000000000,0.000000000000,0.908459233390,90.845923339
2026-03-07T10:00:00Z,2461106.916666667,42165.867827,364742.207715,141.298373761,8.690329077,28.690329077,0.272921701,20.000000000,0.000000000000,0.908459914330,90.845991433
2026-03-07T11:00:00Z,2461106.958333333,42166.520645,360369.047403,153.885931845,8.690193492,28.690193492,0.276233693,20.000000000,0.000000000000,0.908460482351,90.846048235
2026-03-07T12:00:00Z,2461107.000000000,42166.990224,358714.642263,160.920946194,8.690095968,28.690095968,0.277507703,20.000000000,0.000000000000,0.908460890923,90.846089092
2026-03-07T13:00:00Z,2461107.041666667,42167.226624,359928.028964,156.462361231,8.690046872,28.690046872,0.276572164,20.000000000,0.000000000000,0.908461096606,90.846109661
2026-03-07T14:00:00Z,2461107.083333333,42167.209928,363908.929184,144.731331251,8.690050339,28.690050339,0.273546642,20.000000000,0.000000000000,0.908461082079,90.846108208
2026-03-07T15:00:00Z,2461107.125000000,42166.947052,370323.972237,130.918090412,8.690104934,28.690104934,0.268808017,20.000000000,0.000000000000,0.908460853359,90.846085336
2026-03-07T16:00:00Z,2461107.166666667,42166.464897,378656.403097,116.648247970,8.690205070,28.690205070,0.262892786,20.000000000,0.000000000000,0.908460433846,90.846043385
2026-03-07T17:00:00Z,2461107.208333333,42165.804128,388273.818721,102.439262127,8.690342306,28.690342306,0.256380973,20.000000000,0.000000000000,0.908459858904,90.845985890
2026-03-07T18:00:00Z,2461107.250000000,42165.012206,398496.796973,88.491879313,8.690506787,28.690506787,0.249803771,20.000000000,0.000000000000,0.908459169817,90.845916982
2026-03-07T19:00:00Z,2461107.291666667,42164.139451,408656.630121,74.894455420,8.690688064,28.690688064,0.243593227,20.000000000,0.000000000000,0.908458410360,90.845841036
2026-03-07T20:00:00Z,2461107.333333333,42163.239992,418137.638780,61.700585214,8.690874896,28.690874896,0.238069871,20.000000000,0.000000000000,0.908457627628,90.845762763
2026-03-07T21:00:00Z,2461107.375000000,42162.368789,426404.855428,48.986625808,8.691055866,28.691055866,0.233454102,20.000000000,0.000000000000,0.908456869447,90.845686945
2026-03-07T22:00:00Z,2461107.416666667,42161.580529,433020.619187,36.949037134,8.691219613,28.691219613,0.229887331,20.000000000,0.076973105585,0.914581508538,91.458150854
2026-03-07T23:00:00Z,2461107.458333333,42160.929392,437653.618377,26.191441021,8.691354880,28.691354880,0.227453732,20.000000000,0.192127573650,0.923744643232,92.374464323
2026-03-08T00:00:00Z,2461107.500000000,42160.469908,440083.359820,18.702956559,8.691450336,28.691450336,0.226197932,20.000000000,0.280919443281,0.930810075791,93.081007579
2026-03-08T01:00:00Z,2461107.541666667,42160.273226,440202.119697,18.713434433,8.691491196,28.691491196,0.226136907,20.000000000,0.280795746621,0.930800061135,93.080006114
2026-03-08T02:00:00Z,2461107.583333333,42160.360995,438015.432239,26.199447925,8.691472963,28.691472963,0.227265847,20.000000000,0.192035960228,0.923736858151,92.373685815
2026-03-08T03:00:00Z,2461107.625000000,42160.721068,433641.650890,36.922785385,8.691398159,28.691398159,0.229558100,20.000000000,0.077222365403,0.914600595975,91.460059597
2026-03-08T04:00:00Z,2461107.666666667,42161.316204,427310.584205,48.897704617,8.691274524,28.691274524,0.232959270,20.000000000,0.000000000000,0.908455953368,90.845595337
2026-03-08T05:00:00Z,2461107.708333333,42162.089954,419360.620451,61.516853772,8.691113788,28.691113788,0.237375584,20.000000000,0.000000000000,0.908456626779,90.845662678
2026-03-08T06:00:00Z,2461107.750000000,42162.974695,410233.139701,74.574821431,8.690930004,28.690930004,0.242657102,20.000000000,0.000000000000,0.908457396752,90.845739675
2026-03-08T07:00:00Z,2461107.791666667,42163.900140,400462.230077,87.980327509,8.690737772,28.690737772,0.248577749,20.000000000,0.000000000000,0.908458202109,90.845820211
2026-03-08T08:00:00Z,2461107.833333333,42164.800669,390656.889399,101.655350721,8.690550724,28.690550724,0.254816997,20.000000000,0.000000000000,0.908458985745,90.845898574
2026-03-08T09:00:00Z,2461107.875000000,42165.620303,381472.366687,115.469723775,8.690380486,28.690380486,0.260952143,20.000000000,0.000000000000,0.908459698952,90.845969895
2026-03-08T10:00:00Z,2461107.916666667,42166.314853,373567.826403,129.145581875,8.690236233,28.690236233,0.266473821,20.000000000,0.000000000000,0.908460303293,90.846030329
2026-03-08T11:00:00Z,2461107.958333333,42166.851559,367550.098987,142.019927906,8.690124766,28.690124766,0.270836706,20.000000000,0.000000000000,0.908460770274,90.846077027
2026-03-08T12:00:00Z,2461108.000000000,42167.222890,363908.441015,152.326256819,8.690047647,28.690047647,0.273547009,20.000000000,0.000000000000,0.908461093357,90.846109336
2026-03-08T13:00:00Z,2461108.041666667,42167.401122,362951.778989,155.968682648,8.690010632,28.690010632,0.274268025,20.000000000,0.000000000000,0.908461248429,90.846124843
2026-03-08T14:00:00Z,2461108.083333333,42167.374667,364764.102749,150.287537806,8.690016126,28.690016126,0.272905319,20.000000000,0.000000000000,0.908461225411,90.846122541
2026-03-08T15:00:00Z,2461108.125000000,42167.151486,369192.190938,139.135803647,8.690062477,28.690062477,0.269632070,20.000000000,0.000000000000,0.908461031231,90.846103123
2026-03-08T16:00:00Z,2461108.166666667,42166.747248,375869.249058,126.039105312,8.690146430,28.690146430,0.264842208,20.000000000,0.000000000000,0.908460679515,90.846067952
2026-03-08T17:00:00Z,2461108.208333333,42166.188611,384266.902139,112.386633223,8.690262452,28.690262452,0.259054386,20.000000000,0.000000000000,0.908460193449,90.846019345
2026-03-08T18:00:00Z,2461108.250000000,42165.512082,393760.392136,98.713349674,8.690402963,28.690402963,0.252808592,20.000000000,0.000000000000,0.908459604785,90.845960479
2026-03-08T19:00:00Z,2461108.291666667,42164.763263,403691.983877,85.254517895,8.690558494,28.690558494,0.246588980,20.000000000,0.000000000000,0.908458953195,90.845895319
2026-03-08T20:00:00Z,2461108.333333333,42163.994391,413423.086871,72.133280954,8.690718195,28.690718195,0.240784764,20.000000000,0.000000000000,0.908458284127,90.845828413
2026-03-08T21:00:00Z,2461108.375000000,42163.255553,422371.993672,59.447042518,8.690871664,28.690871664,0.235683164,20.000000000,0.000000000000,0.908457641169,90.845764117
2026-03-08T22:00:00Z,2461108.416666667,42162.594097,430038.582740,47.343624582,8.691009063,28.691009063,0.231481458,20.000000000,0.003157570421,0.908708336999,90.870833700
2026-03-08T23:00:00Z,2461108.458333333,42162.052226,436019.108677,36.160984001,8.691121626,28.691121626,0.228306395,20.000000000,0.084492919321,0.915180326827,91.518032683
2026-03-09T00:00:00Z,2461108.500000000,42161.664674,440014.340200,26.798023417,8.691202133,28.691202133,0.226233413,20.000000000,0.185090911503,0.923185323396,92.318532340
2026-03-09T01:00:00Z,2461108.541666667,42161.456754,441833.620745,21.522458243,8.691245326,28.691245326,0.225301877,20.000000000,0.247317312128,0.928136962062,92.813696206
2026-03-09T02:00:00Z,2461108.583333333,42161.442840,441396.581054,23.198335264,8.691248216,28.691248216,0.225524956,20.000000000,0.227353646093,0.926548291886,92.654829189
2026-03-09T03:00:00Z,2461108.625000000,42161.625349,438733.488714,30.714660331,8.691210303,28.691210303,0.226893889,20.000000000,0.140906049704,0.919669169587,91.966916959
2026-03-09T04:00:00Z,2461108.666666667,42161.994287,433984.615826,41.039930825,8.691133662,28.691133662,0.229376687,20.000000000,0.041366859489,0.911748413603,91.174841360
2026-03-09T05:00:00Z,2461108.708333333,42162.527460,427398.479992,52.637622969,8.691022906,28.691022906,0.232911361,20.000000000,0.000000000000,0.908457007536,90.845700754
2026-03-09T06:00:00Z,2461108.750000000,42163.191408,419328.272172,64.932034355,8.690884988,28.690884988,0.237393896,20.000000000,0.000000000000,0.908457585347,90.845758535
2026-03-09T07:00:00Z,2461108.791666667,42163.943123,410225.148446,77.688838317,8.690728844,28.690728844,0.242661829,20.000000000,0.000000000000,0.908458239513,90.845823951
2026-03-09T08:00:00Z,2461108.833333333,42164.732522,400626.319288,90.780098746,8.690564879,28.690564879,0.248475935,20.000000000,0.000000000000,0.908458926444,90.845892644
2026-03-09T09:00:00Z,2461108.875000000,42165.505616,391135.162005,104.082549403,8.690404306,28.690404306,0.254505410,20.000000000,0.000000000000,0.908459599158,90.845959916
2026-03-09T10:00:00Z,2461108.916666667,42166.208184,382390.325484,117.398481174,8.690258387,28.690258387,0.260325702,20.000000000,0.000000000000,0.908460210479,90.846021048
2026-03-09T11:00:00Z,2461108.958333333,42166.789720,375021.738516,130.330095510,8.690137609,28.690137609,0.265440728,20.000000000,0.000000000000,0.908460716469,90.846071647
2026-03-09T12:00:00Z,2461109.000000000,42167.207332,369594.417499,141.982687304,8.690050879,28.690050879,0.269338630,20.000000000,0.000000000000,0.908461079820,90.846107982
2026-03-09T13:00:00Z,2461109.041666667,42167.432524,366546.151132,150.273664206,8.690004111,28.690004111,0.271578517,20.000000000,0.000000000000,0.908461275749,90.846127575
2026-03-09T14:00:00Z,2461109.083333333,42167.443836,366130.954999,151.718364277,8.690001762,28.690001762,0.271886492,20.000000000,0.000000000000,0.908461285591,90.846128559
2026-03-09T15:00:00Z,2461109.125000000,42167.239664,368382.821239,145.420256647,8.690044164,28.690044164,0.270224480,20.000000000,0.000000000000,0.908461107951,90.846110795
2026-03-09T16:00:00Z,2461109.166666667,42166.834672,373110.993144,134.647901028,8.690128274,28.690128274,0.266800091,20.000000000,0.000000000000,0.908460755581,90.846075558
2026-03-09T17:00:00Z,2461109.208333333,42166.258240,379928.205894,122.080125592,8.690247991,28.690247991,0.262012751,20.000000000,0.000000000000,0.908460254034,90.846025403
2026-03-09T18:00:00Z,2461109.250000000,42165.551787,388303.104448,108.922230080,8.690394717,28.690394717,0.256361637,20.000000000,0.000000000000,0.908459639334,90.845963933
2026-03-09T19:00:00Z,2461109.291666667,42164.764664,397622.457375,95.697945475,8.690558203,28.690558203,0.250353073,20.000000000,0.000000000000,0.908458954414,90.845895441
2026-03-09T20:00:00Z,2461109.333333333,42163.950166,407250.007529,82.660606472,8.690727381,28.690727381,0.244434592,20.000000000,0.000000000000,0.908458245642,90.845824564
2026-03-09T21:00:00Z,2461109.375000000,42163.160994,416574.154329,69.959870964,8.690891305,28.690891305,0.238963399,20.000000000,0.000000000000,0.908457558879,90.845755888
2026-03-09T22:00:00Z,2461109.416666667,42162.447454,425042.275290,57.731555183,8.691039525,28.691039525,0.234202502,20.000000000,0.000000000000,0.908456937908,90.845693791
2026-03-09T23:00:00Z,2461109.458333333,42161.855288,432183.183231,46.188343462,8.691162536,28.691162536,0.230332783,20.000000000,0.007947019742,0.909088826284,90.908882628
2026-03-10T00:00:00Z,2461109.500000000,42161.423554,437620.655153,35.789899537,8.691252223,28.691252223,0.227470865,20.000000000,0.088099672583,0.915466795986,91.546679599
2026-03-10T01:00:00Z,2461109.541666667,42161.182387,441080.963416,27.635342088,8.691302323,28.691302323,0.225686332,20.000000000,0.175455453819,0.922418138285,92.241813828
2026-03-10T02:00:00Z,2461109.583333333,42161.150653,442396.696192,23.956694319,8.691308915,28.691308915,0.225015114,20.000000000,0.218362879280,0.925832575095,92.583257509
2026-03-10T03:00:00Z,2461109.625000000,42161.333746,441508.388099,26.613046738,8.691270879,28.691270879,0.225467844,20.000000000,0.187232478712,0.923355455883,92.335545588
2026-03-10T04:00:00Z,2461109.666666667,42161.718743,438464.800792,34.176453776,8.691190901,28.691190901,0.227032929,20.000000000,0.104217523134,0.916749670691,91.674967069
2026-03-10T05:00:00Z,2461109.708333333,42162.258852,433422.116560,44.260625652,8.691078703,28.691078703,0.229674375,20.000000000,0.018533182717,0.909931597590,90.993159759
2026-03-10T06:00:00Z,2461109.750000000,42162.939645,426641.963767,55.594726811,8.690937284,28.690937284,0.233324358,20.000000000,0.000000000000,0.908457366249,90.845736625
2026-03-10T07:00:00Z,2461109.791666667,42163.723955,418487.128734,67.642785137,8.690774368,28.690774368,0.237871051,20.000000000,0.000000000000,0.908458048789,90.845804879
2026-03-10T08:00:00Z,2461109.833333333,42164.550710,409413.690091,80.159794862,8.690602642,28.690602642,0.243142788,20.000000000,0.000000000000,0.908458768235,90.845876824
2026-03-10T09:00:00Z,2461109.875000000,42165.386870,399958.936798,92.993502599,8.690428969,28.690428969,0.248890552,20.000000000,0.000000000000,0.908459495833,90.845949583
2026-03-10T10:00:00Z,2461109.916666667,42166.140894,390719.847176,105.985268438,8.690272363,28.690272363,0.254775938,20.000000000,0.000000000000,0.908460151929,90.846015193
2026-03-10T11:00:00Z,2461109.958333333,42166.715285,382320.352618,118.881692358,8.690153068,28.690153068,0.260373347,20.000000000,0.000000000000,0.908460651705,90.846065170
2026-03-10T12:00:00Z,2461110.000000000,42167.071944,375365.809644,131.187883603,8.690078996,28.690078996,0.265197416,20.000000000,0.000000000000,0.908460962024,90.846096202
2026-03-10T13:00:00Z,2461110.041666667,42167.224673,370387.470209,141.841557086,8.690047277,28.690047277,0.268761933,20.000000000,0.000000000000,0.908461094908,90.846109491
2026-03-10T14:00:00Z,2461110.083333333,42167.196499,367783.651967,148.633352742,8.690053128,28.690053128,0.270664716,20.000000000,0.000000000000,0.908461070395,90.846107039
2026-03-10T15:00:00Z,2461110.125000000,42167.007098,367767.482285,148.675116886,8.690092463,28.690092463,0.270676616,20.000000000,0.000000000000,0.908460905604,90.846090560
2026-03-10T16:00:00Z,2461110.166666667,42166.659210,370336.642034,141.951846106,8.690164714,28.690164714,0.268798820,20.000000000,0.000000000000,0.908460602915,90.846060291
2026-03-10T17:00:00Z,2461110.208333333,42166.138631,375273.916099,131.350346864,8.690272833,28.690272833,0.265262355,20.000000000,0.000000000000,0.908460149960,90.846014996
2026-03-10T18:00:00Z,2461110.250000000,42165.428745,382178.373397,119.094784471,8.690420272,28.690420272,0.260470077,20.000000000,0.000000000000,0.908459532270,90.845953227
2026-03-10T19:00:00Z,2461110.291666667,42164.565277,390517.654720,106.257221417,8.690599617,28.690599617,0.254907850,20.000000000,0.000000000000,0.908458780911,90.845878091
2026-03-10T20:00:00Z,2461110.333333333,42163.681852,399687.694347,93.338128344,8.690783114,28.690783114,0.249059459,20.000000000,0.000000000000,0.908458012150,90.845801215
2026-03-10T21:00:00Z,2461110.375000000,42162.845681,409068.442590,80.595571118,8.690956803,28.690956803,0.243347998,20.000000000,0.000000000000,0.908457284476,90.845728448
2026-03-10T22:00:00Z,2461110.416666667,42162.111432,418068.318120,68.194782484,8.691109327,28.691109327,0.238109346,20.000000000,0.000000000000,0.908456645471,90.845664547
2026-03-10T23:00:00Z,2461110.458333333,42161.522855,426156.102370,56.298665437,8.691231594,28.691231594,0.233590373,20.000000000,0.000000000000,0.908456133224,90.845613322
2026-03-11T00:00:00Z,2461110.500000000,42161.111755,432881.816133,45.168468189,8.691316996,28.691316996,0.229961045,20.000000000,0.013201971966,0.909506354975,90.950635498
2026-03-11T01:00:00Z,2461110.541666667,42160.898406,437889.353763,35.353763259,8.691361318,28.691361318,0.227331283,20.000000000,0.092388435802,0.915807627859,91.580762786
2026-03-11T02:00:00Z,2461110.583333333,42160.892555,440923.582789,28.080707969,8.691362533,28.691362533,0.225766888,20.000000000,0.170368470876,0.922013076789,92.201307679
2026-03-11T03:00:00Z,2461110.625000000,42161.094148,441834.002578,25.489244943,8.691320654,28.691320654,0.225301682,20.000000000,0.200321122321,0.924396808515,92.439680851
2026-03-11T04:00:00Z,2461110.666666667,42161.493292,440576.344065,28.831087852,8.691237736,28.691237736,0.225944826,20.000000000,0.161859618104,0.921336486648,92.133648665
2026-03-11T05:00:00Z,2461110.708333333,42162.061271,437212.858353,36.541172346,8.691119747,28.691119747,0.227683032,20.000000000,0.080841055259,0.914889728590,91.488972859
2026-03-11T06:00:00Z,2461110.750000000,42162.770790,431911.563745,46.561974598,8.690972360,28.690972360,0.230477635,20.000000000,0.006246690794,0.908954315159,90.895431516
2026-03-11T07:00:00Z,2461110.791666667,42163.590648,424943.998712,57.785725983,8.690802058,28.690802058,0.234256667,20.000000000,0.000000000000,0.908457932782,90.845793278
2026-03-11T08:00:00Z,2461110.833333333,42164.447909,416680.695068,69.716908888,8.690623995,28.690623995,0.238902298,20.000000000,0.000000000000,0.908458678779,90.845867878
2026-03-11T09:00:00Z,2461110.875000000,42165.288480,407583.215700,82.112396872,8.690449405,28.690449405,0.244234760,20.000000000,0.000000000000,0.908459410219,90.845941022
2026-03-11T10:00:00Z,2461110.916666667,42166.059445,398190.233252,94.809322230,8.690289279,28.690289279,0.249996095,20.000000000,0.000000000000,0.908460081060,90.846008106
2026-03-11T11:00:00Z,2461110.958333333,42166.708178,389095.140935,107.628746269,8.690154544,28.690154544,0.255839787,20.000000000,0.000000000000,0.908460645521,90.846064552
2026-03-11T12:00:00Z,2461111.000000000,42167.186955,380912.574390,120.280835389,8.690055111,28.690055111,0.261335643,20.000000000,0.000000000000,0.908461062091,90.846106209
2026-03-11T13:00:00Z,2461111.041666667,42167.464958,374232.699779,132.201277381,8.689997375,28.689997375,0.266000392,20.000000000,0.000000000000,0.908461303969,90.846130397
2026-03-11T14:00:00Z,2461111.083333333,42167.522845,369565.549279,142.204160020,8.689985353,28.689985353,0.269359669,20.000000000,0.000000000000,0.908461354333,90.846135433
2026-03-11T15:00:00Z,2461111.125000000,42167.353010,367282.676111,147.989877128,8.690020624,28.690020624,0.271033907,20.000000000,0.000000000000,0.908461206569,90.846120657
2026-03-11T16:00:00Z,2461111.166666667,42166.962168,367568.308009,147.035638393,8.690101795,28.690101795,0.270823289,20.000000000,0.000000000000,0.908460866512,90.846086651
2026-03-11T17:00:00Z,2461111.208333333,42166.373204,370393.052863,139.846414527,8.690224114,28.690224114,0.268757882,20.000000000,0.000000000000,0.908460354063,90.846035406
2026-03-11T18:00:00Z,2461111.250000000,42165.625396,375518.187833,129.166693963,8.690379428,28.690379428,0.265089803,20.000000000,0.000000000000,0.908459703384,90.845970338
2026-03-11T19:00:00Z,2461111.291666667,42164.773258,382529.191961,116.977056064,8.690556418,28.690556418,0.260231197,20.000000000,0.000000000000,0.908458961892,90.845896189
2026-03-11T20:00:00Z,2461111.333333333,42163.879670,390888.557405,104.250052826,8.690742024,28.690742024,0.254665974,20.000000000,0.000000000000,0.908458184296,90.845818430
2026-03-11T21:00:00Z,2461111.375000000,42163.005389,399994.543252,91.454248990,8.690923628,28.690923628,0.248868396,20.000000000,0.000000000000,0.908457423463,90.845742346
2026-03-11T22:00:00Z,2461111.416666667,42162.208957,409234.764472,78.839584158,8.691089068,28.691089068,0.243249096,20.000000000,0.000000000000,0.908456730346,90.845673035
2026-03-11T23:00:00Z,2461111.458333333,42161.543268,418028.681688,66.574021337,8.691227354,28.691227354,0.238131923,20.000000000,0.000000000000,0.908456150989,90.845615099
2026-03-12T00:00:00Z,2461111.500000000,42161.052490,425857.846843,54.833051473,8.691329308,28.691329308,0.233753973,20.000000000,0.000000000000,0.908455723846,90.845572385
2026-03-12T01:00:00Z,2461111.541666667,42160.769491,432285.632953,43.907459705,8.691388099,28.691388099,0.230278195,20.000000000,0.020757157815,0.910107279671,91.010727967
2026-03-12T02:00:00Z,2461111.583333333,42160.713781,436969.181186,34.411859831,8.691399672,28.691399672,0.227810001,20.000000000,0.101825269739,0.916558426552,91.655842655
2026-03-12T03:00:00Z,2461111.625000000,42160.889974,439666.151182,27.686187892,8.691363069,28.691363069,0.226412577,20.000000000,0.174873986089,0.922371612051,92.237161205
2026-03-12T04:00:00Z,2461111.666666667,42161.283338,440238.229926,25.874462125,8.691281351,28.691281351,0.226118358,20.000000000,0.195819116107,0.924038714903,92.403871490
2026-03-12T05:00:00Z,2461111.708333333,42161.863950,438652.771791,29.862903026,8.691160737,28.691160737,0.226935640,20.000000000,0.150305049079,0.920417325852,92.041732585
2026-03-12T06:00:00Z,2461111.750000000,42162.597447,434983.084418,37.900463575,8.691008367,28.691008367,0.228850168,20.000000000,0.068151409909,0.913880385327,91.388038533
2026-03-12T07:00:00Z,2461111.791666667,42163.437085,429407.613799,48.067793464,8.690833956,28.690833956,0.231821597,20.000000000,0.000996526171,0.908537100179,90.853710018
2026-03-12T08:00:00Z,2461111.833333333,42164.320058,422207.761535,59.366998184,8.690650550,28.690650550,0.235774842,20.000000000,0.000000000000,0.908458567524,90.845856752
2026-03-12T09:00:00Z,2461111.875000000,42165.188483,413763.384165,71.347822505,8.690470174,28.690470174,0.240586731,20.000000000,0.000000000000,0.908459323206,90.845932321
2026-03-12T10:00:00Z,2461111.916666667,42165.985350,404544.410511,83.783439154,8.690304668,28.690304668,0.246069383,20.000000000,0.000000000000,0.908460016589,90.846001659
2026-03-12T11:00:00Z,2461111.958333333,42166.656696,395096.397232,96.514484363,8.690165236,28.690165236,0.251953723,20.000000000,0.000000000000,0.908460600727,90.846060073
2026-03-12T12:00:00Z,2461112.000000000,42167.154796,386017.247835,109.356546298,8.690061789,28.690061789,0.257879729,20.000000000,0.000000000000,0.908461034111,90.846103411
2026-03-12T13:00:00Z,2461112.041666667,42167.442109,377922.500835,122.001323579,8.690002120,28.690002120,0.263403311,20.000000000,0.000000000000,0.908461284089,90.846128409
2026-03-12T14:00:00Z,2461112.083333333,42167.502025,371398.212273,133.836692844,8.689989677,28.689989677,0.268030505,20.000000000,0.000000000000,0.908461336219,90.846133622
2026-03-12T15:00:00Z,2461112.125000000,42167.325972,366944.143701,143.559610732,8.690026240,28.690026240,0.271283957,20.000000000,0.000000000000,0.908461183044,90.846118304
2026-03-12T16:00:00Z,2461112.166666667,42166.928497,364915.196827,148.685741126,8.690108788,28.690108788,0.272792321,20.000000000,0.000000000000,0.908460837216,90.846083722
2026-03-12T17:00:00Z,2461112.208333333,42166.329477,365473.795055,146.811491015,8.690233196,28.690233196,0.272375376,20.000000000,0.000000000000,0.908460316016,90.846031602
2026-03-12T18:00:00Z,2461112.250000000,42165.578541,368566.238523,138.927906619,8.690389160,28.690389160,0.270090002,20.000000000,0.000000000000,0.908459662613,90.845966261
2026-03-12T19:00:00Z,2461112.291666667,42164.729837,373930.394470,127.866129249,8.690565437,28.690565437,0.266215443,20.000000000,0.000000000000,0.908458924108,90.845892411
2026-03-12T20:00:00Z,2461112.333333333,42163.840763,381132.218717,115.473218836,8.690750106,28.690750106,0.261185036,20.000000000,0.000000000000,0.908458150438,90.845815044
2026-03-12T21:00:00Z,2461112.375000000,42162.970360,389620.411135,102.630775183,8.690930904,28.690930904,0.255494872,20.000000000,0.000000000000,0.908457392979,90.845739298
2026-03-12T22:00:00Z,2461112.416666667,42162.175559,398785.573892,89.762296554,8.691096006,28.691096006,0.249622877,20.000000000,0.000000000000,0.908456701280,90.845670128
2026-03-12T23:00:00Z,2461112.458333333,42161.507738,408013.142361,77.094993299,8.691234735,28.691234735,0.243977406,20.000000000,0.000000000000,0.908456120067,90.845612007
2026-03-13T00:00:00Z,2461112.500000000,42161.009744,416724.709481,64.785285795,8.691338188,28.691338188,0.238877065,20.000000000,0.000000000000,0.908455686642,90.845568664
2026-03-13T01:00:00Z,2461112.541666667,42160.713485,424407.058841,53.005624414,8.691399734,28.691399734,0.234553039,20.000000000,0.000000000000,0.908455428790,90.845542879
2026-03-13T02:00:00Z,2461112.583333333,42160.638181,430630.890777,42.058345420,8.691415378,28.691415378,0.231163067,20.000000000,0.033567860182,0.911126608686,91.112660869
2026-03-13T03:00:00Z,2461112.625000000,42160.789304,435062.055035,32.611584172,8.691383983,28.691383983,0.228808628,20.000000000,0.120478913061,0.918042902056,91.804290206
2026-03-13T04:00:00Z,2461112.666666667,42161.158239,437467.857502,26.167043763,8.691307339,28.691307339,0.227550316,20.000000000,0.192410779735,0.923767379234,92.376737923
2026-03-13T05:00:00Z,2461112.708333333,42161.722682,437720.354998,25.053752061,8.691190083,28.691190083,0.227419053,20.000000000,0.205425830442,0.924803575314,92.480357531
2026-03-13T06:00:00Z,2461112.750000000,42162.447761,435797.863250,29.866541259,8.691039461,28.691039461,0.228422302,20.000000000,0.150263152029,0.920414499880,92.041449988
2026-03-13T07:00:00Z,2461112.791666667,42163.287885,431785.306794,38.493311615,8.690864948,28.690864948,0.230545029,20.000000000,0.062807815008,0.913455756417,91.345575642
2026-03-13T08:00:00Z,2461112.833333333,42164.189271,425873.525389,49.043194194,8.690677716,28.690677716,0.233745367,20.000000000,0.000000000000,0.908458453714,90.845845371
2026-03-13T09:00:00Z,2461112.875000000,42165.093091,418357.149027,60.618047037,8.690489987,28.690489987,0.237944956,20.000000000,0.000000000000,0.908459240200,90.845924020
2026-03-13T10:00:00Z,2461112.916666667,42165.939094,409630.081867,72.827748152,8.690314275,28.690314275,0.243014344,20.000000000,0.000000000000,0.908459976341,90.845997634
2026-03-13T11:00:00Z,2461112.958333333,42166.669551,400176.946498,85.477618770,8.690162567,28.690162567,0.248754959,20.000000000,0.000000000000,0.908460611912,90.846061191
2026-03-13T12:00:00Z,2461113.000000000,42167.233246,390558.087238,98.426415049,8.690045497,28.690045497,0.254881460,20.000000000,0.000000000000,0.908461102367,90.846110237
2026-03-13T13:00:00Z,2461113.041666667,42167.589131,381385.176290,111.499488996,8.689971587,28.689971587,0.261011801,20.000000000,0.000000000000,0.908461412005,90.846141200
2026-03-13T14:00:00Z,2461113.083333333,42167.659735,373284.701693,124.387673725,8.689956924,28.689956924,0.266675935,20.000000000,0.000000000000,0.908461473433,90.846147343
2026-03-13T15:00:00Z,2461113.125000000,42167.390226,366848.430110,136.446147118,8.690012895,28.690012895,0.271354738,20.000000000,0.000000000000,0.908461238948,90.846123895
2026-03-13T16:00:00Z,2461113.166666667,42166.869137,362573.953178,146.223216415,8.690121116,28.690121116,0.274553832,20.000000000,0.000000000000,0.908460785568,90.846078557
2026-03-13T17:00:00Z,2461113.208333333,42166.231517,360804.339226,150.840904750,8.690253541,28.690253541,0.275900429,20.000000000,0.000000000000,0.908460230782,90.846023078
2026-03-13T18:00:00Z,2461113.250000000,42165.452149,361680.718796,147.809425304,8.690415411,28.690415411,0.275231897,20.000000000,0.000000000000,0.908459552635,90.845955264
2026-03-13T19:00:00Z,2461113.291666667,42164.572138,365120.924129,138.849850626,8.690598191,28.690598191,0.272638615,20.000000000,0.000000000000,0.908458786882,90.845878688
2026-03-13T20:00:00Z,2461113.333333333,42163.654695,370831.374625,127.078556069,8.690788755,28.690788755,0.268440208,20.000000000,0.000000000000,0.908457988517,90.845798852
2026-03-13T21:00:00Z,2461113.375000000,42162.764289,378348.245137,114.228060750,8.690973710,28.690973710,0.263106909,20.000000000,0.000000000000,0.908457213642,90.845721364
2026-03-13T22:00:00Z,2461113.416666667,42161.961785,387095.661433,101.067718324,8.691140413,28.691140413,0.257161295,20.000000000,0.000000000000,0.908456515232,90.845651523
2026-03-13T23:00:00Z,2461113.458333333,42161.300246,396446.638152,87.955319185,8.691277839,28.691277839,0.251095599,20.000000000,0.000000000000,0.908455939479,90.845593948
2026-03-14T00:00:00Z,2461113.500000000,42160.821697,405776.168135,75.078784500,8.691377253,28.691377253,0.245322420,20.000000000,0.000000000000,0.908455522973,90.845552297
2026-03-14T01:00:00Z,2461113.541666667,42160.554974,414501.688948,62.568039313,8.691432664,28.691432664,0.240158198,20.000000000,0.000000000000,0.908455290826,90.845529083
2026-03-14T02:00:00Z,2461113.583333333,42160.514637,422110.872002,50.576330777,8.691441044,28.691441044,0.235828961,20.000000000,0.000000000000,0.908455255718,90.845525572
2026-03-14T03:00:00Z,2461113.625000000,42160.700796,428179.145985,39.399408478,8.691402370,28.691402370,0.232486709,20.000000000,0.054891184482,0.912823519416,91.282351942
2026-03-14T04:00:00Z,2461113.666666667,42161.099675,432379.971395,29.755286125,8.691319505,28.691319505,0.230227952,20.000000000,0.151503731424,0.920512048790,92.051204879
2026-03-14T05:00:00Z,2461113.708333333,42161.684737,434490.483920,23.415794620,8.691197966,28.691197966,0.229109627,20.000000000,0.224771148107,0.926342993756,92.634299376
2026-03-14T06:00:00Z,2461113.750000000,42162.418240,434394.395048,23.166253984,8.691045594,28.691045594,0.229160307,20.000000000,0.227732079187,0.926579255535,92.657925554
2026-03-14T07:00:00Z,2461113.791666667,42163.254054,432083.333924,29.170850796,8.690871975,28.690871975,0.230386011,20.000000000,0.158031481250,0.921033385567,92.103338557
2026-03-14T08:00:00Z,2461113.833333333,42164.137092,427657.192842,38.684297514,8.690688554,28.690688554,0.232770459,20.000000000,0.061111475135,0.913321504981,91.332150498
2026-03-14T09:00:00Z,2461113.875000000,42165.005944,421323.482762,49.834684977,8.690508088,28.690508088,0.236269692,20.000000000,0.000000000000,0.908459164369,90.845916437
2026-03-14T10:00:00Z,2461113.916666667,42165.800899,413395.326253,61.858738247,8.690342977,28.690342977,0.240800933,20.000000000,0.000000000000,0.908459856094,90.845985609
2026-03-14T11:00:00Z,2461113.958333333,42166.467934,404286.979815,74.450938281,8.690204440,28.690204440,0.246226069,20.000000000,0.000000000000,0.908460436488,90.846043649
2026-03-14T12:00:00Z,2461114.000000000,42166.961959,394505.061707,87.465380122,8.690101838,28.690101838,0.252331386,20.000000000,0.000000000000,0.908460866330,90.846086633
2026-03-14T13:00:00Z,2461114.041666667,42167.249372,384632.818204,100.792687075,8.690042148,28.690042148,0.258807936,20.000000000,0.000000000000,0.908461116398,90.846111640
2026-03-14T14:00:00Z,2461114.083333333,42167.324365,375304.124429,114.282682668,8.690026573,28.690026573,0.265241004,20.000000000,0.000000000000,0.908461181646,90.846118165
2026-03-14T15:00:00Z,2461114.125000000,42167.198733,367164.318279,127.643897902,8.690052665,28.690052665,0.271121277,20.000000000,0.000000000000,0.908461072338,90.846107234
2026-03-14T16:00:00Z,2461114.166666667,42166.863049,360816.939298,140.216071802,8.690122380,28.690122380,0.275890794,20.000000000,0.000000000000,0.908460780271,90.846078027
2026-03-14T17:00:00Z,2461114.208333333,42166.307278,356760.257890,150.341588169,8.690237806,28.690237806,0.279027943,20.000000000,0.000000000000,0.908460296701,90.846029670
2026-03-14T18:00:00Z,2461114.250000000,42165.562064,355324.058712,154.372937009,8.690392582,28.690392582,0.280155766,20.000000000,0.000000000000,0.908459648276,90.845964828
2026-03-14T19:00:00Z,2461114.291666667,42164.703460,356621.929219,149.611253526,8.690570915,28.690570915,0.279136175,20.000000000,0.000000000000,0.908458901156,90.845890116
2026-03-14T20:00:00Z,2461114.333333333,42163.792228,360533.433109,139.113653769,8.690760187,28.690760187,0.276107743,20.000000000,0.000000000000,0.908458108202,90.845810820
2026-03-14T21:00:00Z,2461114.375000000,42162.891081,366721.999226,126.355368379,8.690947372,28.690947372,0.271448290,20.000000000,0.000000000000,0.908457323985,90.845732399
2026-03-14T22:00:00Z,2461114.416666667,42162.060979,374682.678858,112.864208132,8.691119808,28.691119808,0.265680934,20.000000000,0.000000000000,0.908456601561,90.845660156
2026-03-14T23:00:00Z,2461114.458333333,42161.357146,383805.409995,99.250648411,8.691266018,28.691266018,0.259365878,20.000000000,0.000000000000,0.908455989001,90.845598900
2026-03-15T00:00:00Z,2461114.500000000,42160.825901,393438.502556,85.783124892,8.691376380,28.691376380,0.253015427,20.000000000,0.000000000000,0.908455526632,90.845552663
2026-03-15T01:00:00Z,2461114.541666667,42160.507566,402941.986246,72.594896034,8.691442513,28.691442513,0.247047960,20.000000000,0.000000000000,0.908455249563,90.845524956
2026-03-15T02:00:00Z,2461114.583333333,42160.440235,411726.938410,59.775789554,8.691456500,28.691456500,0.241776706,20.000000000,0.000000000000,0.908455190960,90.845519096
2026-03-15T03:00:00Z,2461114.625000000,42160.630239,419281.656834,47.443375808,8.691417028,28.691417028,0.237420289,20.000000000,0.002816307364,0.908679470954,90.867947095
2026-03-15T04:00:00Z,2461114.666666667,42161.061340,425187.554649,35.863961074,8.691327469,28.691327469,0.234122479,20.000000000,0.087377706277,0.915409028483,91.540902848
2026-03-15T05:00:00Z,2461114.708333333,42161.697347,429128.137453,25.795570638,8.691195346,28.691195346,0.231972576,20.000000000,0.196738669099,0.924112250930,92.411225093
2026-03-15T06:00:00Z,2461114.750000000,42162.486032,430893.724055,19.473629845,8.691031511,28.691031511,0.231022063,20.000000000,0.271756776173,0.930082688606,93.008268861
2026-03-15T07:00:00Z,2461114.791666667,42163.364614,430383.761710,20.582282291,8.690849009,28.690849009,0.231295803,20.000000000,0.258535606837,0.929031345976,92.903134598
2026-03-15T08:00:00Z,2461114.833333333,42164.266004,427607.844497,28.285681320,8.690661778,28.690661778,0.232797322,20.000000000,0.168027586991,0.921829731009,92.182973101
2026-03-15T09:00:00Z,2461114.875000000,42165.124972,422685.940955,38.930676737,8.690483366,28.690483366,0.235508111,20.000000000,0.058942858359,0.913149791575,91.314979158
2026-03-15T10:00:00Z,2461114.916666667,42165.883457,415847.816287,50.820714518,8.690325830,28.690325830,0.239380786,20.000000000,0.000000000000,0.908459927929,90.845992793
2026-03-15T11:00:00Z,2461114.958333333,42166.494471,407431.092580,63.397503381,8.690198929,28.690198929,0.244325951,20.000000000,0.000000000000,0.908460459577,90.846045958
2026-03-15T12:00:00Z,2461115.000000000,42166.924337,397876.723549,76.464874595,8.690109652,28.690109652,0.250193082,20.000000000,0.000000000000,0.908460833596,90.846083360
2026-03-15T13:00:00Z,2461115.041666667,42167.153315,387719.811424,89.938113973,8.690062097,28.690062097,0.256747315,20.000000000,0.000000000000,0.908461032823,90.846103282
2026-03-15T14:00:00Z,2461115.083333333,42167.174925,377572.743631,103.749871226,8.690057609,28.690057609,0.263647311,20.000000000,0.000000000000,0.908461051624,90.846105162
2026-03-15T15:00:00Z,2461115.125000000,42166.994447,368096.949631,117.787647174,8.690095091,28.690095091,0.270434344,20.000000000,0.000000000000,0.908460894597,90.846089460
2026-03-15T16:00:00Z,2461115.166666667,42166.627963,359959.994002,131.800797432,8.690171204,28.690171204,0.276547604,20.000000000,0.000000000000,0.908460575727,90.846057573
2026-03-15T17:00:00Z,2461115.208333333,42166.104008,353777.384131,145.150446186,8.690280023,28.690280023,0.281380585,20.000000000,0.000000000000,0.908460119835,90.846011984
2026-03-15T18:00:00Z,2461115.250000000,42165.449719,350044.084763,155.911288232,8.690415916,28.690415916,0.284381598,20.000000000,0.000000000000,0.908459550520,90.845955052
2026-03-15T19:00:00Z,2461115.291666667,42164.705458,349068.144748,158.926594467,8.690570500,28.690570500,0.285176691,20.000000000,0.000000000000,0.908458902894,90.845890289
2026-03-15T20:00:00Z,2461115.333333333,42163.927919,350923.882858,151.496531163,8.690732002,28.690732002,0.283668621,20.000000000,0.000000000000,0.908458226283,90.845822628
2026-03-15T21:00:00Z,2461115.375000000,42163.172510,355439.567713,139.092167896,8.690888913,28.690888913,0.280064722,20.000000000,0.000000000000,0.908457568901,90.845756890
2026-03-15T22:00:00Z,2461115.416666667,42162.492882,362223.815126,125.230100118,8.691030088,28.691030088,0.274819227,20.000000000,0.000000000000,0.908456977443,90.845697744
2026-03-15T23:00:00Z,2461115.458333333,42161.936692,370721.791335,111.048545653,8.691145626,28.691145626,0.268519558,20.000000000,0.000000000000,0.908456493394,90.845649339
2026-03-16T00:00:00Z,2461115.500000000,42161.541973,380284.277052,96.953434720,8.691227623,28.691227623,0.261767419,20.000000000,0.000000000000,0.908456149862,90.845614986
2026-03-16T01:00:00Z,2461115.541666667,42161.334460,390233.450210,83.109001875,8.691270731,28.691270731,0.255093499,20.000000000,0.000000000000,0.908455969257,90.845596926
2026-03-16T02:00:00Z,2461115.583333333,42161.326105,399915.734253,69.585223144,8.691272467,28.691272467,0.248917439,20.000000000,0.000000000000,0.908455961985,90.845596199
2026-03-16T03:00:00Z,2461115.625000000,42161.514785,408739.114583,56.422420420,8.691233271,28.691233271,0.243544069,20.000000000,0.000000000000,0.908456126200,90.845612620
2026-03-16T04:00:00Z,2461115.666666667,42161.885092,416196.864483,43.686357042,8.691156345,28.691156345,0.239180025,20.000000000,0.022185907412,0.910221946902,91.022194690
2026-03-16T05:00:00Z,2461115.708333333,42162.409979,421881.320172,31.579595756,8.691047310,28.691047310,0.235957280,20.000000000,0.131498303952,0.918921207835,91.892120784
2026-03-16T06:00:00Z,2461115.750000000,42163.052977,425491.233773,20.851190930,8.690913743,28.690913743,0.233955382,20.000000000,0.255326377253,0.928775692398,92.877569240
2026-03-16T07:00:00Z,2461115.791666667,42163.772634,426835.397925,14.546575105,8.690764257,28.690764257,0.233218619,20.000000000,0.328927122764,0.934633279903,93.463327990
2026-03-16T08:00:00Z,2461115.833333333,42164.520518,425834.299964,18.009391608,8.690608913,28.690608913,0.233766898,20.000000000,0.289111080970,0.931465470782,93.146547078
2026-03-16T09:00:00Z,2461115.875000000,42165.242170,422520.791581,27.851274480,8.690459024,28.690459024,0.235600164,20.000000000,0.172974657371,0.922224255797,92.222425580
2026-03-16T10:00:00Z,2461115.916666667,42165.885616,417040.195635,39.681740686,8.690325382,28.690325382,0.238696357,20.000000000,0.052476551729,0.912635881110,91.263588111
2026-03-16T11:00:00Z,2461115.958333333,42166.405541,409649.716736,52.311163976,8.690217398,28.690217398,0.243002696,20.000000000,0.000000000000,0.908460382200,90.846038220
2026-03-16T12:00:00Z,2461116.000000000,42166.766642,400716.469733,65.441205866,8.690142402,28.690142402,0.248420034,20.000000000,0.000000000000,0.908460696390,90.846069639
2026-03-16T13:00:00Z,2461116.041666667,42166.945882,390712.705674,78.991620563,8.690105177,28.690105177,0.254780594,20.000000000,0.000000000000,0.908460852342,90.846085234
2026-03-16T14:00:00Z,2461116.083333333,42166.933524,380205.859516,92.940010687,8.690107743,28.690107743,0.261821409,20.000000000,0.000000000000,0.908460841590,90.846084159
2026-03-16T15:00:00Z,2461116.125000000,42166.733040,369839.976353,107.263879193,8.690149381,28.690149381,0.269159798,20.000000000,0.000000000000,0.908460667153,90.846066715
2026-03-16T16:00:00Z,2461116.166666667,42166.360080,360304.365390,121.897647876,8.690226840,28.690226840,0.276283283,20.000000000,0.000000000000,0.908460342644,90.846034264
2026-03-16T17:00:00Z,2461116.208333333,42165.840810,352285.992642,136.659647150,8.690334688,28.690334688,0.282571811,20.000000000,0.000000000000,0.908459890821,90.845989082
2026-03-16T18:00:00Z,2461116.250000000,42165.209871,346405.518900,151.013712873,8.690465732,28.690465732,0.287368703,20.000000000,0.000000000000,0.908459341817,90.845934182
2026-03-16T19:00:00Z,2461116.291666667,42164.506493,343143.674857,162.783510172,8.690611826,28.690611826,0.290100386,20.000000000,0.000000000000,0.908458729759,90.845872976
2026-03-16T20:00:00Z,2461116.333333333,42163.777713,342772.950720,163.626664152,8.690763202,28.690763202,0.290414145,20.000000000,0.000000000000,0.908458095571,90.845809557
2026-03-16T21:00:00Z,2461116.375000000,42163.077071,345314.062677,152.475316132,8.690908738,28.690908738,0.288277015,20.000000000,0.000000000000,0.908457485845,90.845748584
2026-03-16T22:00:00Z,2461116.416666667,42162.455948,350532.023729,138.188227779,8.691037761,28.691037761,0.283985736,20.000000000,0.000000000000,0.908456945300,90.845694530
2026-03-16T23:00:00Z,2461116.458333333,42161.958868,357973.285070,123.358404318,8.691141019,28.691141019,0.278082422,20.000000000,0.000000000000,0.908456512694,90.845651269
2026-03-17T00:00:00Z,2461116.500000000,42161.619730,367031.076250,108.599256997,8.691211470,28.691211470,0.271219702,20.000000000,0.000000000000,0.908456217536,90.845621754
2026-03-17T01:00:00Z,2461116.541666667,42161.459440,377019.524964,94.111615555,8.691244768,28.691244768,0.264034176,20.000000000,0.000000000000,0.908456078031,90.845607803
2026-03-17T02:00:00Z,2461116.583333333,42161.485138,387240.267597,79.962427882,8.691239430,28.691239430,0.257065263,20.000000000,0.000000000000,0.908456100397,90.845610040
2026-03-17T03:00:00Z,2461116.625000000,42161.690844,397033.314549,66.162107316,8.691196697,28.691196697,0.250724565,20.000000000,0.000000000000,0.908456279429,90.845627943
2026-03-17T04:00:00Z,2461116.666666667,42162.059131,405811.256639,52.700680024,8.691120191,28.691120191,0.245301208,20.000000000,0.000000000000,0.908456599953,90.845659995
2026-03-17T05:00:00Z,2461116.708333333,42162.576021,413079.953376,39.581112686,8.691012818,28.691012818,0.240984778,20.000000000,0.053336287427,0.912701416693,91.270141669
2026-03-17T06:00:00Z,2461116.750000000,42163.206451,418449.776709,26.896671686,8.690881863,28.690881863,0.237892285,20.000000000,0.183946883806,0.923095626350,92.309562635
2026-03-17T07:00:00Z,2461116.791666667,42163.884645,421641.199659,15.230705596,8.690740991,28.690740991,0.236091656,20.000000000,0.321282816144,0.934025062785,93.402506278
2026-03-17T08:00:00Z,2461116.833333333,42164.576133,422487.365672,9.118501448,8.690597362,28.690597362,0.235618804,20.000000000,0.377682054431,0.938513773298,93.851377330
2026-03-17T09:00:00Z,2461116.875000000,42165.228591,420935.075482,16.565912453,8.690461844,28.690461844,0.236487705,20.000000000,0.305998281003,0.932809927606,93.280992761
2026-03-17T10:00:00Z,2461116.916666667,42165.791415,417045.090188,28.460678718,8.690344947,28.690344947,0.238693555,20.000000000,0.166037448496,0.921672688175,92.167268818
2026-03-17T11:00:00Z,2461116.958333333,42166.223703,410992.033709,41.242212974,8.690255164,28.690255164,0.242209035,20.000000000,0.039771919232,0.911625172754,91.162517275
2026-03-17T12:00:00Z,2461117.000000000,42166.499778,403063.668389,54.453458027,8.690197826,28.690197826,0.246973378,20.000000000,0.000000000000,0.908460464195,90.846046420
2026-03-17T13:00:00Z,2461117.041666667,42166.612262,393658.707116,68.027870675,8.690174465,28.690174465,0.252873895,20.000000000,0.000000000000,0.908460562067,90.846056207
2026-03-17T14:00:00Z,2461117.083333333,42166.579451,383281.542351,81.977099344,8.690181279,28.690181279,0.259720381,20.000000000,0.000000000000,0.908460533517,90.846053352
2026-03-17T15:00:00Z,2461117.125000000,42166.405486,372531.160259,96.327201609,8.690217410,28.690217410,0.267215360,20.000000000,0.000000000000,0.908460382152,90.846038215
2026-03-17T16:00:00Z,2461117.166666667,42166.065977,362080.154159,111.092640390,8.690287922,28.690287922,0.274928267,20.000000000,0.000000000000,0.908460086743,90.846008674
2026-03-17T17:00:00Z,2461117.208333333,42165.553221,352639.584276,126.253401727,8.690394419,28.690394419,0.282288474,20.000000000,0.000000000000,0.908459640582,90.845964058
2026-03-17T18:00:00Z,2461117.250000000,42164.934868,344906.144615,141.716664601,8.690522851,28.690522851,0.288617961,20.000000000,0.000000000000,0.908459102520,90.845910252
2026-03-17T19:00:00Z,2461117.291666667,42164.256575,339492.397862,157.178601363,8.690663737,28.690663737,0.293220474,20.000000000,0.000000000000,0.908458512281,90.845851228
2026-03-17T20:00:00Z,2461117.333333333,42163.565346,336849.231601,170.644709997,8.690807314,28.690807314,0.295521317,20.000000000,0.000000000000,0.908457910763,90.845791076
2026-03-17T21:00:00Z,2461117.375000000,42162.909136,337198.171781,166.471830882,8.690943622,28.690943622,0.295215503,20.000000000,0.000000000000,0.908457339698,90.845733970
2026-03-17T22:00:00Z,2461117.416666667,42162.333352,340494.489457,151.638134467,8.691063227,28.691063227,0.292357505,20.000000000,0.000000000000,0.908456838606,90.845683861
2026-03-17T23:00:00Z,2461117.458333333,42161.877571,346434.389438,136.074280240,8.691157907,28.691157907,0.287344755,20.000000000,0.000000000000,0.908456441940,90.845644194
2026-03-18T00:00:00Z,2461117.500000000,42161.572732,354503.647329,120.651221717,8.691221233,28.691221233,0.280804123,20.000000000,0.000000000000,0.908456176632,90.845617663
2026-03-18T01:00:00Z,2461117.541666667,42161.439009,364050.840209,105.562786604,8.691249012,28.691249012,0.273440009,20.000000000,0.000000000000,0.908456060249,90.845606025
2026-03-18T02:00:00Z,2461117.583333333,42161.484537,374364.184750,90.867502817,8.691239554,28.691239554,0.265906966,20.000000000,0.000000000000,0.908456099874,90.845609987
2026-03-18T03:00:00Z,2461117.625000000,42161.705027,384736.673703,76.565408374,8.691193751,28.691193751,0.258738073,20.000000000,0.000000000000,0.908456291772,90.845629177
2026-03-18T04:00:00Z,2461117.666666667,42162.084266,394513.341482,62.624800607,8.691114970,28.691114970,0.252326090,20.000000000,0.000000000000,0.908456621828,90.845662183
2026-03-18T05:00:00Z,2461117.708333333,42162.595422,403121.518343,48.997699412,8.691008788,28.691008788,0.246937936,20.000000000,0.000000000000,0.908457066682,90.845706668
2026-03-18T06:00:00Z,2461117.750000000,42163.203011,410088.155977,35.632064105,8.690882578,28.690882578,0.242742892,20.000000000,0.089641288241,0.915591022509,91.559102251
2026-03-18T07:00:00Z,2461117.791666667,42163.868287,415048.706891,22.492174716,8.690744389,28.690744389,0.239841677,20.000000000,0.235747069588,0.927218330112,92.721833011
2026-03-18T08:00:00Z,2461117.833333333,42164.545920,417751.091550,9.698643371,8.690603637,28.690603637,0.238290160,20.000000000,0.374566439566,0.938265814253,93.826581425
2026-03-18T09:00:00Z,2461117.875000000,42165.185048,418057.174273,5.075956840,8.690470888,28.690470888,0.238115693,20.000000000,0.378922438992,0.938613009824,93.861300982
2026-03-18T10:00:00Z,2461117.916666667,42165.738455,415943.175058,17.310694536,8.690355946,28.690355946,0.239325905,20.000000000,0.297319584365,0.932119742525,93.211974253
2026-03-18T11:00:00Z,2461117.958333333,42166.167390,411499.675699,30.355532481,8.690266860,28.690266860,0.241910235,20.000000000,0.144841904429,0.919986327513,91.998632751
2026-03-18T12:00:00Z,2461118.000000000,42166.444450,404931.362970,43.635477392,8.690209317,28.690209317,0.245834237,20.000000000,0.022512804924,0.910251928148,91.025192815
2026-03-18T13:00:00Z,2461118.041666667,42166.552125,396556.115633,57.163842563,8.690186954,28.690186954,0.251026278,20.000000000,0.000000000000,0.908460509741,90.846050974
2026-03-18T14:00:00Z,2461118.083333333,42166.472013,386802.393397,70.993384363,8.690203593,28.690203593,0.257356272,20.000000000,0.000000000000,0.908460440036,90.846044004
2026-03-18T15:00:00Z,2461118.125000000,42166.217358,376203.092111,85.180500113,8.690256482,28.690256482,0.264607185,20.000000000,0.000000000000,0.908460218462,90.846021846
2026-03-18T16:00:00Z,2461118.166666667,42165.819685,365382.677136,99.773494134,8.690339075,28.690339075,0.272443300,20.000000000,0.000000000000,0.908459872440,90.845987244
2026-03-18T17:00:00Z,2461118.208333333,42165.306333,355033.372817,114.802320201,8.690445697,28.690445697,0.280385148,20.000000000,0.000000000000,0.908459425754,90.845942575
2026-03-18T18:00:00Z,2461118.250000000,42164.701369,345875.762187,130.267162342,8.690571349,28.690571349,0.287808852,20.000000000,0.000000000000,0.908458899336,90.845889934
2026-03-18T19:00:00Z,2461118.291666667,42164.046757,338600.917960,146.127247121,8.690707318,28.690707318,0.293992482,20.000000000,0.000000000000,0.908458329697,90.845832970
2026-03-18T20:00:00Z,2461118.333333333,42163.388692,333796.278798,162.294317079,8.690844008,28.690844008,0.298224226,20.000000000,0.000000000000,0.908457757033,90.845775703
2026-03-18T21:00:00Z,2461118.375000000,42162.773529,331866.894476,178.622386405,8.690971791,28.690971791,0.299958037,20.000000000,0.000000000000,0.908457221684,90.845722168
2026-03-18T22:00:00Z,2461118.416666667,42162.244228,332971.992407,165.000839697,8.691081741,28.691081741,0.298962499,20.000000000,0.000000000000,0.908456761043,90.845676104
2026-03-18T23:00:00Z,2461118.458333333,42161.837157,336997.798009,148.789660975,8.691166303,28.691166303,0.295391035,20.000000000,0.000000000000,0.908456406767,90.845640677
2026-03-19T00:00:00Z,2461118.500000000,42161.579498,343576.783535,132.863856376,8.691219827,28.691219827,0.289734686,20.000000000,0.000000000000,0.908456182521,90.845618252
2026-03-19T01:00:00Z,2461118.541666667,42161.487492,352146.176310,117.321093397,8.691238941,28.691238941,0.282684004,20.000000000,0.000000000000,0.908456102446,90.845610245
2026-03-19T02:00:00Z,2461118.583333333,42161.565585,362025.876985,102.211203613,8.691222718,28.691222718,0.274969486,20.000000000,0.000000000000,0.908456170413,90.845617041
2026-03-19T03:00:00Z,2461118.625000000,42161.806500,372494.782680,87.541303694,8.691172671,28.691172671,0.267241457,20.000000000,0.000000000000,0.908456380086,90.845638009
2026-03-19T04:00:00Z,2461118.666666667,42162.192119,382852.214361,73.286302332,8.691092566,28.691092566,0.260011632,20.000000000,0.000000000000,0.908456715692,90.845671569
2026-03-19T05:00:00Z,2461118.708333333,42162.695033,392460.535015,59.400426722,8.690988096,28.690988096,0.253645917,20.000000000,0.000000000000,0.908457153371,90.845715337
2026-03-19T06:00:00Z,2461118.750000000,42163.280591,400771.267170,45.827514499,8.690866463,28.690866463,0.248386068,20.000000000,0.009706710361,0.909230098426,90.923009843
2026-03-19T07:00:00Z,2461118.791666667,42163.910789,407339.335915,32.511204517,8.690735560,28.690735560,0.244380987,20.000000000,0.121533682961,0.918129554574,91.812955457
2026-03-19T08:00:00Z,2461118.833333333,42164.542643,411829.892521,19.417895988,8.690604318,28.690604318,0.241716263,20.000000000,0.272414493504,0.930136817821,93.013681782
2026-03-19T09:00:00Z,2461118.875000000,42165.130932,414021.044595,6.779328908,8.690482128,28.690482128,0.240437004,20.000000000,0.378922438992,0.938612962735,93.861296273
2026-03-19T10:00:00Z,2461118.916666667,42165.633764,413804.616409,7.515377841,8.690377690,28.690377690,0.240562758,20.000000000,0.378922438992,0.938613400272,93.861340027
2026-03-19T11:00:00Z,2461118.958333333,42166.015796,411186.136442,20.211197668,8.690298344,28.690298344,0.242094698,20.000000000,0.262956551309,0.929385460560,92.938546056
2026-03-19T12:00:00Z,2461119.000000000,42166.250806,406284.574736,33.300607885,8.690249535,28.690249535,0.245015432,20.000000000,0.113236111486,0.917471291005,91.747129100
2026-03-19T13:00:00Z,2461119.041666667,42166.323428,399331.826003,46.603415100,8.690234452,28.690234452,0.249281412,20.000000000,0.006063246345,0.908942808567,90.894280857
2026-03-19T14:00:00Z,2461119.083333333,42166.229919,390671.406358,60.155154552,8.690253873,28.690253873,0.254807528,20.000000000,0.000000000000,0.908460229391,90.846022939
2026-03-19T15:00:00Z,2461119.125000000,42165.978007,380755.153798,74.010615765,8.690306193,28.690306193,0.261443691,20.000000000,0.000000000000,0.908460010200,90.846001020
2026-03-19T16:00:00Z,2461119.166666667,42165.585922,370135.784272,88.222221636,8.690387627,28.690387627,0.268944688,20.000000000,0.000000000000,0.908459669036,90.845966904
2026-03-19T17:00:00Z,2461119.208333333,42165.080802,359451.973464,102.828518586,8.690492540,28.690492540,0.276938457,20.000000000,0.000000000000,0.908459229507,90.845922951
2026-03-19T18:00:00Z,2461119.250000000,42164.496681,349401.548544,117.840008191,8.690613864,28.690613864,0.284904569,20.000000000,0.000000000000,0.908458721220,90.845872122
2026-03-19T19:00:00Z,2461119.291666667,42163.872307,340698.275945,133.215954612,8.690743553,28.690743553,0.292182631,20.000000000,0.000000000000,0.908458177888,90.845817789
2026-03-19T20:00:00Z,2461119.333333333,42163.251793,334010.247753,148.806606712,8.690872445,28.690872445,0.298033180,20.000000000,0.000000000000,0.908457637897,90.845763790
2026-03-19T21:00:00Z,2461119.375000000,42162.679580,329884.094873,164.020955436,8.690991306,28.690991306,0.301760979,20.000000000,0.000000000000,0.908457139922,90.845713992
2026-03-19T22:00:00Z,2461119.416666667,42162.195447,328668.689995,172.137998623,8.691091874,28.691091874,0.302876891,20.000000000,0.000000000000,0.908456718589,90.845671859
2026-03-19T23:00:00Z,2461119.458333333,42161.831448,330459.272700,160.009134446,8.691167489,28.691167489,0.301235747,20.000000000,0.000000000000,0.908456401798,90.845640180
2026-03-20T00:00:00Z,2461119.500000000,42161.610015,335081.210050,144.575012596,8.691213488,28.691213488,0.297080619,20.000000000,0.000000000000,0.908456209081,90.845620908
2026-03-20T01:00:00Z,2461119.541666667,42161.543260,342119.590232,129.046934007,8.691227355,28.691227355,0.290968767,20.000000000,0.000000000000,0.908456150983,90.845615098
2026-03-20T02:00:00Z,2461119.583333333,42161.633186,350983.749703,113.806357648,8.691208675,28.691208675,0.283620236,20.000000000,0.000000000000,0.908456229247,90.845622925
2026-03-20T03:00:00Z,2461119.625000000,42161.874202,360985.730134,98.965089709,8.691158607,28.691158607,0.275761792,20.000000000,0.000000000000,0.908456439008,90.845643901
2026-03-20T04:00:00Z,2461119.666666667,42162.260423,371413.133252,84.551390999,8.691078377,28.691078377,0.268019737,20.000000000,0.000000000000,0.908456775137,90.845677514
2026-03-20T05:00:00Z,2461119.708333333,42162.762112,381585.457479,70.553936692,8.690974162,28.690974162,0.260874804,20.000000000,0.000000000000,0.908457211748,90.845721175
2026-03-20T06:00:00Z,2461119.750000000,42163.333227,390892.020102,56.945520178,8.690855529,28.690855529,0.254663718,20.000000000,0.000000000000,0.908457708765,90.845770876
2026-03-20T07:00:00Z,2461119.791666667,42163.938528,398814.526310,43.706949656,8.690729799,28.690729799,0.249604755,20.000000000,0.022048596150,0.910212807047,91.021280705
2026-03-20T08:00:00Z,2461119.833333333,42164.542011,404938.915688,30.876796456,8.690604449,28.690604449,0.245829652,20.000000000,0.139124656888,0.919529949090,91.952994909
2026-03-20T09:00:00Z,2461119.875000000,42165.098985,408960.763706,18.763838024,8.690488763,28.690488763,0.243412072,20.000000000,0.280184792432,0.930755642677,93.075564268
2026-03-20T10:00:00Z,2461119.916666667,42165.567662,410687.230193,9.671957513,8.690391419,28.690391419,0.242388798,20.000000000,0.374731440592,0.938279833698,93.827983370
2026-03-20T11:00:00Z,2461119.958333333,42165.913662,410037.388423,13.108607797,8.690319557,28.690319557,0.242772947,20.000000000,0.344394750606,0.935866017679,93.586601768
2026-03-20T12:00:00Z,2461120.000000000,42166.113340,407041.949973,24.244528514,8.690278085,28.690278085,0.244559534,20.000000000,0.214946456000,0.925565023441,92.556502344
2026-03-20T13:00:00Z,2461120.041666667,42166.154829,401842.769151,36.728665649,8.690269468,28.690269468,0.247723749,20.000000000,0.079047580582,0.914750570649,91.475057065
2026-03-20T14:00:00Z,2461120.083333333,42166.032355,394692.005006,49.695682965,8.690294905,28.690294905,0.252211870,20.000000000,0.000000000000,0.908460057489,90.846005749
2026-03-20T15:00:00Z,2461120.125000000,42165.756121,385950.281658,63.011917796,8.690352277,28.690352277,0.257924474,20.000000000,0.000000000000,0.908459817131,90.845981713
2026-03-20T16:00:00Z,2461120.166666667,42165.350646,376082.478219,76.667999489,8.690436493,28.690436493,0.264692048,20.000000000,0.000000000000,0.908459464312,90.845946431
2026-03-20T17:00:00Z,2461120.208333333,42164.847269,365648.852427,90.677360784,8.690541045,28.690541045,0.272244973,20.000000000,0.000000000000,0.908459026294,90.845902629
2026-03-20T18:00:00Z,2461120.250000000,42164.279185,355288.061819,105.039502351,8.690659040,28.690659040,0.280184151,20.000000000,0.000000000000,0.908458531957,90.845853196
2026-03-20T19:00:00Z,2461120.291666667,42163.680607,345687.766840,119.706316629,8.690783372,28.690783372,0.287965372,20.000000000,0.000000000000,0.908458011067,90.845801107
2026-03-20T20:00:00Z,2461120.333333333,42163.092569,337538.931488,134.518381152,8.690905519,28.690905519,0.294917468,20.000000000,0.000000000000,0.908457499332,90.845749933
2026-03-20T21:00:00Z,2461120.375000000,42162.557003,331472.920968,149.002917211,8.691016769,28.691016769,0.300314556,20.000000000,0.000000000000,0.908457033247,90.845703325
2026-03-20T22:00:00Z,2461120.416666667,42162.111604,327987.314636,161.348707295,8.691109291,28.691109291,0.303506107,20.000000000,0.000000000000,0.908456645620,90.845664562
2026-03-20T23:00:00Z,2461120.458333333,42161.786840,327375.212983,164.133612746,8.691176755,28.691176755,0.304073585,20.000000000,0.000000000000,0.908456362975,90.845636298
2026-03-21T00:00:00Z,2461120.500000000,42161.603789,329678.315127,154.017320566,8.691214781,28.691214781,0.301949335,20.000000000,0.000000000000,0.908456203662,90.845620366
2026-03-21T01:00:00Z,2461120.541666667,42161.572967,334680.122422,139.995965028,8.691221184,28.691221184,0.297436650,20.000000000,0.000000000000,0.908456176837,90.845617684
2026-03-21T02:00:00Z,2461120.583333333,42161.694150,341941.889431,125.286441541,8.691196010,28.691196010,0.291119979,20.000000000,0.000000000000,0.908456282306,90.845628231
2026-03-21T03:00:00Z,2461120.625000000,42161.957034,350868.478551,110.632340748,8.691141400,28.691141400,0.283713415,20.000000000,0.000000000000,0.908456511098,90.845651110
2026-03-21T04:00:00Z,2461120.666666667,42162.342472,360783.790745,96.273196271,8.691061333,28.691061333,0.275916143,20.000000000,0.000000000000,0.908456846544,90.845684654
2026-03-21T05:00:00Z,2461120.708333333,42162.826061,370998.489977,82.295680104,8.690960879,28.690960879,0.268319289,20.000000000,0.000000000000,0.908457267400,90.845726740
2026-03-21T06:00:00Z,2461120.750000000,42163.379020,380861.286220,68.728754270,8.690846017,28.690846017,0.261370835,20.000000000,0.000000000000,0.908457748616,90.845774862
2026-03-21T07:00:00Z,2461120.791666667,42163.963202,389792.881626,55.590692381,8.690724673,28.690724673,0.255381824,20.000000000,0.000000000000,0.908458256986,90.845825699
2026-03-21T08:00:00Z,2461120.833333333,42164.536663,397305.939783,42.939627213,8.690605560,28.690605560,0.250552520,20.000000000,0.027223240757,0.910625112678,91.062511268
2026-03-21T09:00:00Z,2461120.875000000,42165.057307,403015.506533,30.991045943,8.690497420,28.690497420,0.247002892,20.000000000,0.137876222060,0.919431050200,91.943105020
2026-03-21T10:00:00Z,2461120.916666667,42165.486838,406643.690156,20.559852814,8.690408206,28.690408206,0.244799053,20.000000000,0.258797470708,0.929054031181,92.905403118
2026-03-21T11:00:00Z,2461120.958333333,42165.794377,408021.276013,14.814156188,8.690344332,28.690344332,0.243972543,20.000000000,0.325950154931,0.934398139598,93.439813960
2026-03-21T12:00:00Z,2461121.000000000,42165.959077,407087.913159,18.598115256,8.690310125,28.690310125,0.244531921,20.000000000,0.282147061506,0.930912543487,93.091254349
2026-03-21T13:00:00Z,2461121.041666667,42165.967190,403891.721801,28.344315320,8.690308439,28.690308439,0.246467033,20.000000000,0.167357188836,0.921777862720,92.177786272
2026-03-21T14:00:00Z,2461121.083333333,42165.814946,398588.601462,39.993331322,8.690340060,28.690340060,0.249746235,20.000000000,0.049858946637,0.912427517224,91.242751722
2026-03-21T15:00:00Z,2461121.125000000,42165.521084,391441.075995,52.415666950,8.690401094,28.690401094,0.254306511,20.000000000,0.000000000000,0.908459612618,90.845961262
2026-03-21T16:00:00Z,2461121.166666667,42165.113894,382815.875471,65.312847499,8.690485667,28.690485667,0.260036314,20.000000000,0.000000000000,0.908459258302,90.845925830
2026-03-21T17:00:00Z,2461121.208333333,42164.633437,373178.765754,78.593465891,8.690585459,28.690585459,0.266751638,20.000000000,0.000000000000,0.908458840223,90.845884022
2026-03-21T18:00:00Z,2461121.250000000,42164.139427,363084.406314,92.215749039,8.690688069,28.690688069,0.274167839,20.000000000,0.000000000000,0.908458410339,90.845841034
2026-03-21T19:00:00Z,2461121.291666667,42163.682088,353157.978016,106.123405359,8.690783065,28.690783065,0.281874105,20.000000000,0.000000000000,0.908458012356,90.845801236
2026-03-21T20:00:00Z,2461121.333333333,42163.305763,344064.313410,120.187235778,8.690861234,28.690861234,0.289324137,20.000000000,0.000000000000,0.908457684864,90.845768486
2026-03-21T21:00:00Z,2461121.375000000,42163.043108,336461.551352,134.093439125,8.690915793,28.690915793,0.295861828,20.000000000,0.000000000000,0.908457456289,90.845745629
2026-03-21T22:00:00Z,2461121.416666667,42162.911446,330939.512166,147.016278345,8.690943142,28.690943142,0.300798608,20.000000000,0.000000000000,0.908457341709,90.845734171
2026-03-21T23:00:00Z,2461121.458333333,42162.912025,327949.654628,156.501661931,8.690943022,28.690943022,0.303540960,20.000000000,0.000000000000,0.908457342213,90.845734221
2026-03-22T00:00:00Z,2461121.500000000,42163.032132,327741.266567,157.221577019,8.690918073,28.690918073,0.303733963,20.000000000,0.000000000000,0.908457446737,90.845744674
2026-03-22T01:00:00Z,2461121.541666667,42163.249343,330322.384340,148.571138028,8.690872953,28.690872953,0.301360583,20.000000000,0.000000000000,0.908457635765,90.845763577
2026-03-22T02:00:00Z,2461121.583333333,42163.536806,335458.896546,135.959531179,8.690813242,28.690813242,0.296746139,20.000000000,0.000000000000,0.908457885927,90.845788593
2026-03-22T03:00:00Z,2461121.625000000,42163.868260,342712.224920,122.208550627,8.690744394,28.690744394,0.290465605,20.000000000,0.000000000000,0.908458174366,90.845817437
2026-03-22T04:00:00Z,2461121.666666667,42164.221681,351502.637991,108.266134910,8.690670984,28.690670984,0.283201552,20.000000000,0.000000000000,0.908458481916,90.845848192
2026-03-22T05:00:00Z,2461121.708333333,42164.580834,361179.652557,94.490258532,8.690596385,28.690596385,0.275613730,20.000000000,0.000000000000,0.908458794449,90.845879445
2026-03-22T06:00:00Z,2461121.750000000,42164.935144,371084.438117,81.035032751,8.690522793,28.690522793,0.268257143,20.000000000,0.000000000000,0.908459102761,90.845910276
2026-03-22T07:00:00Z,2461121.791666667,42165.291230,380596.795258,67.980426450,8.690448834,28.690448834,0.261552473,20.000000000,0.000000000000,0.908459412612,90.845941261
2026-03-22T08:00:00Z,2461121.833333333,42165.624225,389166.685480,55.400538571,8.690379671,28.690379671,0.255792753,20.000000000,0.000000000000,0.908459702365,90.845970236
2026-03-22T09:00:00Z,2461121.875000000,42165.894534,396332.856774,43.439212303,8.690323530,28.690323530,0.251167685,20.000000000,0.023813378478,0.910354946016,91.035494602
2026-03-22T10:00:00Z,2461121.916666667,42166.070302,401732.646195,32.475182469,8.690287024,28.690287024,0.247791656,20.000000000,0.121910248989,0.918161399877,91.816139988
2026-03-22T11:00:00Z,2461121.958333333,42166.133970,405106.560738,23.605755593,8.690273801,28.690273801,0.245727920,20.000000000,0.222505835864,0.926166597728,92.616659773
2026-03-22T12:00:00Z,2461122.000000000,42166.085467,406299.983612,19.626959920,8.690283874,28.690283874,0.245006140,20.000000000,0.269921122513,0.929939744149,92.993974415
2026-03-22T13:00:00Z,2461122.041666667,42165.941169,405263.484999,23.122512173,8.690313844,28.690313844,0.245632770,20.000000000,0.228242129346,0.926622909699,92.662290970
2026-03-22T14:00:00Z,2461122.083333333,42165.728975,402052.495366,31.734827270,8.690357915,28.690357915,0.247594526,20.000000000,0.129817878889,0.918790372074,91.879037207
2026-03-22T15:00:00Z,2461122.125000000,42165.480995,396826.555319,42.537607227,8.690409420,28.690409420,0.250855201,20.000000000,0.030063235456,0.910851933999,91.085193400
2026-03-22T16:00:00Z,2461122.166666667,42165.226012,389847.885716,54.345878468,8.690462379,28.690462379,0.255345791,20.000000000,0.000000000000,0.908459355863,90.845935586
2026-03-22T17:00:00Z,2461122.208333333,42164.964885,381478.437659,66.745132688,8.690516616,28.690516616,0.260947990,20.000000000,0.000000000000,0.908459128640,90.845912864
2026-03-22T18:00:00Z,2461122.250000000,42164.687788,372174.162097,79.569838986,8.690574170,28.690574170,0.267471681,20.000000000,0.000000000000,0.908458887518,90.845888752
2026-03-22T19:00:00Z,2461122.291666667,42164.414420,362474.348906,92.723949471,8.690630951,28.690630951,0.274629277,20.000000000,0.000000000000,0.908458649637,90.845864964
2026-03-22T20:00:00Z,2461122.333333333,42164.164318,352982.506364,106.097630799,8.690682899,28.690682899,0.282014229,20.000000000,0.000000000000,0.908458432000,90.845843200
2026-03-22T21:00:00Z,2461122.375000000,42163.955044,344335.548304,119.490094162,8.690726368,28.690726368,0.289096232,20.000000000,0.000000000000,0.908458249887,90.845824989
2026-03-22T22:00:00Z,2461122.416666667,42163.800799,337158.652340,132.470418657,8.690758407,28.690758407,0.295250106,20.000000000,0.000000000000,0.908458115661,90.845811566
2026-03-22T23:00:00Z,2461122.458333333,42163.711419,332006.623687,144.028219974,8.690776972,28.690776972,0.299831794,20.000000000,0.000000000000,0.908458037880,90.845803788
2026-03-23T00:00:00Z,2461122.500000000,42163.691808,329298.701664,151.760180465,8.690781046,28.690781046,0.302297424,20.000000000,0.000000000000,0.908458020814,90.845802081
2026-03-23T01:00:00Z,2461122.541666667,42163.741835,329260.495699,151.951392185,8.690770654,28.690770654,0.302332501,20.000000000,0.000000000000,0.908458064349,90.845806435
2026-03-23T02:00:00Z,2461122.583333333,42163.856633,331889.592339,144.493704130,8.690746809,28.690746809,0.299937522,20.000000000,0.000000000000,0.908458164248,90.845816425
2026-03-23T03:00:00Z,2461122.625000000,42164.027218,336956.344144,133.092516423,8.690711376,28.690711376,0.295427376,20.000000000,0.000000000000,0.908458312694,90.845831269
2026-03-23T04:00:00Z,2461122.666666667,42164.241309,344039.615725,120.232315196,8.690666907,28.690666907,0.289344906,20.000000000,0.000000000000,0.908458498997,90.845849900
2026-03-23T05:00:00Z,2461122.708333333,42164.484243,352585.645812,106.963145444,8.690616448,28.690616448,0.282331659,20.000000000,0.000000000000,0.908458710397,90.845871040
2026-03-23T06:00:00Z,2461122.750000000,42164.740052,361973.418744,93.734434248,8.690563315,28.690563315,0.275009336,20.000000000,0.000000000000,0.908458932997,90.845893300
2026-03-23T07:00:00Z,2461122.791666667,42164.993537,371572.984248,80.760734297,8.690510665,28.690510665,0.267904434,20.000000000,0.000000000000,0.908459153572,90.845915357
2026-03-23T08:00:00Z,2461122.833333333,42165.229851,380789.951042,68.168358776,8.690461582,28.690461582,0.261419800,20.000000000,0.000000000000,0.908459359203,90.845935920
2026-03-23T09:00:00Z,2461122.875000000,42165.433605,389095.621325,56.078075064,8.690419263,28.690419263,0.255839472,20.000000000,0.000000000000,0.908459536499,90.845953650
2026-03-23T10:00:00Z,2461122.916666667,42165.589460,396045.320582,44.694410695,8.690386892,28.690386892,0.251350039,20.000000000,0.015910250445,0.909725769617,90.972576962
2026-03-23T11:00:00Z,2461122.958333333,42165.683754,401288.489647,34.480560371,8.690367308,28.690367308,0.248065920,20.000000000,0.101117888489,0.916506460057,91.650646006
2026-03-23T12:00:00Z,2461123.000000000,42165.706757,404573.652254,26.568607370,8.690362530,28.690362530,0.246051597,20.000000000,0.187735744898,0.923399310076,92.339931008
2026-03-23T13:00:00Z,2461123.041666667,42165.654840,405750.493291,23.244652683,8.690373313,28.690373313,0.245337943,20.000000000,0.226791967555,0.926507260348,92.650726035
2026-03-23T14:00:00Z,2461123.083333333,42165.531035,404770.429450,26.245998784,8.690399027,28.690399027,0.245931980,20.000000000,0.191480851222,0.923697183266,92.369718327
2026-03-23T15:00:00Z,2461123.125000000,42165.343962,401686.538446,33.957007389,8.690437881,28.690437881,0.247820099,20.000000000,0.106453937751,0.916930793699,91.693079370
2026-03-23T16:00:00Z,2461123.166666667,42165.108607,396652.894226,44.037013500,8.690486765,28.690486765,0.250965030,20.000000000,0.019927118322,0.910045003393,91.004500339
2026-03-23T17:00:00Z,2461123.208333333,42164.843822,389923.112211,55.297737448,8.690541761,28.690541761,0.255296528,20.000000000,0.000000000000,0.908459023295,90.845902329
2026-03-23T18:00:00Z,2461123.250000000,42164.568777,381847.386825,67.248028245,8.690598890,28.690598890,0.260695855,20.000000000,0.000000000000,0.908458783957,90.845878396
2026-03-23T19:00:00Z,2461123.291666667,42164.297932,372866.646087,79.666069115,8.690655146,28.690655146,0.266974932,20.000000000,0.000000000000,0.908458548270,90.845854827
2026-03-23T20:00:00Z,2461123.333333333,42164.049294,363501.814463,92.414880931,8.690706791,28.690706791,0.273853011,20.000000000,0.000000000000,0.908458331905,90.845833190
2026-03-23T21:00:00Z,2461123.375000000,42163.841744,354335.086165,105.348200775,8.690749902,28.690749902,0.280937706,20.000000000,0.000000000000,0.908458151292,90.845815129
2026-03-23T22:00:00Z,2461123.416666667,42163.691008,345980.081922,118.224536319,8.690781212,28.690781212,0.287722071,20.000000000,0.000000000000,0.908458020118,90.845802012
2026-03-23T23:00:00Z,2461123.458333333,42163.607899,339038.679457,130.563364810,8.690798475,28.690798475,0.293612880,20.000000000,0.000000000000,0.908457947794,90.845794779
2026-03-24T00:00:00Z,2461123.500000000,42163.597277,334045.445247,141.327841528,8.690800681,28.690800681,0.298001777,20.000000000,0.000000000000,0.908457938551,90.845793855
2026-03-24T01:00:00Z,2461123.541666667,42163.657923,331406.163224,148.348411353,8.690788084,28.690788084,0.300375051,20.000000000,0.000000000000,0.908457991326,90.845799133
2026-03-24T02:00:00Z,2461123.583333333,42163.783253,331343.017610,148.693920349,8.690762051,28.690762051,0.300432296,20.000000000,0.000000000000,0.908458100392,90.845810039
2026-03-24T03:00:00Z,2461123.625000000,42163.963434,333861.621798,142.181619027,8.690724625,28.690724625,0.298165857,20.000000000,0.000000000000,0.908458257188,90.845825719
2026-03-24T04:00:00Z,2461123.666666667,42164.187476,338750.554612,131.679365187,8.690678089,28.690678089,0.293862615,20.000000000,0.000000000000,0.908458452151,90.845845215
2026-03-24T05:00:00Z,2461123.708333333,42164.441508,345612.997859,119.481124800,8.690625324,28.690625324,0.288027670,20.000000000,0.000000000000,0.908458673209,90.845867321
2026-03-24T06:00:00Z,2461123.750000000,42164.712227,353921.213636,106.700346911,8.690569094,28.690569094,0.281266235,20.000000000,0.000000000000,0.908458908784,90.845890878
2026-03-24T07:00:00Z,2461123.791666667,42164.985915,363078.193732,93.852590937,8.690512248,28.690512248,0.274172531,20.000000000,0.000000000000,0.908459146939,90.845914694
2026-03-24T08:00:00Z,2461123.833333333,42165.246916,372473.716357,81.197564647,8.690458038,28.690458038,0.267256571,20.000000000,0.000000000000,0.908459374051,90.845937405
2026-03-24T09:00:00Z,2461123.875000000,42165.476929,381528.035089,68.893897524,8.690410264,28.690410264,0.260914067,20.000000000,0.000000000000,0.908459574197,90.845957420
2026-03-24T10:00:00Z,2461123.916666667,42165.655862,389722.065101,57.089265846,8.690373100,28.690373100,0.255428229,20.000000000,0.000000000000,0.908459729893,90.845972989
2026-03-24T11:00:00Z,2461123.958333333,42165.764404,396616.235587,46.013473644,8.690350557,28.690350557,0.250988227,20.000000000,0.008782418851,0.909158707025,90.915870702
2026-03-24T12:00:00Z,2461124.000000000,42165.792242,401861.211101,36.145668602,8.690344775,28.690344775,0.247712381,20.000000000,0.084632924276,0.915194722685,91.519472268
2026-03-24T13:00:00Z,2461124.041666667,42165.733559,405203.386087,28.561661416,8.690356963,28.690356963,0.245669202,20.000000000,0.164893539859,0.921581608476,92.158160848
2026-03-24T14:00:00Z,2461124.083333333,42165.588302,406487.636151,25.253580000,8.690387133,28.690387133,0.244893034,20.000000000,0.203070100707,0.924619476268,92.461947627
2026-03-24T15:00:00Z,2461124.125000000,42165.367585,405658.430841,27.741292456,8.690432975,28.690432975,0.245393622,20.000000000,0.174231671268,0.922324394915,92.232439491
2026-03-24T16:00:00Z,2461124.166666667,42165.092947,402760.070983,34.827435315,8.690490017,28.690490017,0.247159545,20.000000000,0.097623042300,0.916227834946,91.622783495
2026-03-24T17:00:00Z,2461124.208333333,42164.792330,397936.323553,44.428609772,8.690552456,28.690552456,0.250155610,20.000000000,0.017500992998,0.909851663260,90.985166326
2026-03-24T18:00:00Z,2461124.250000000,42164.493385,391429.237703,55.338428671,8.690614549,28.690614549,0.254314202,20.000000000,0.000000000000,0.908458718352,90.845871835
2026-03-24T19:00:00Z,2461124.291666667,42164.205681,383576.422700,67.014050594,8.690674308,28.690674308,0.259520716,20.000000000,0.000000000000,0.908458467993,90.845846799
2026-03-24T20:00:00Z,2461124.333333333,42163.942482,374805.538850,79.198294318,8.690728977,28.690728977,0.265593844,20.000000000,0.000000000000,0.908458238956,90.845823896
2026-03-24T21:00:00Z,2461124.375000000,42163.720149,365623.970588,91.732163433,8.690775159,28.690775159,0.272263500,20.000000000,0.000000000000,0.908458045477,90.845804548
2026-03-24T22:00:00Z,2461124.416666667,42163.552606,356600.891345,104.455203638,8.690809960,28.690809960,0.279152643,20.000000000,0.000000000000,0.908457899676,90.845789968
2026-03-24T23:00:00Z,2461124.458333333,42163.450594,348338.653617,117.117467038,8.690831150,28.690831150,0.285773913,20.000000000,0.000000000000,0.908457810902,90.845781090
2026-03-25T00:00:00Z,2461124.500000000,42163.421032,341431.284928,129.240248051,8.690837290,28.690837290,0.291555348,20.000000000,0.000000000000,0.908457785177,90.845778518
2026-03-25T01:00:00Z,2461124.541666667,42163.466530,336410.802367,139.825441416,8.690827840,28.690827840,0.295906461,20.000000000,0.000000000000,0.908457824771,90.845782477
2026-03-25T02:00:00Z,2461124.583333333,42163.585078,333687.267991,146.858693687,8.690803215,28.690803215,0.298321652,20.000000000,0.000000000000,0.908457927934,90.845792793
2026-03-25T03:00:00Z,2461124.625000000,42163.769961,333494.356908,147.624462116,8.690764812,28.690764812,0.298494219,20.000000000,0.000000000000,0.908458088825,90.845808883
2026-03-25T04:00:00Z,2461124.666666667,42164.009947,335855.000164,141.721364048,8.690714964,28.690714964,0.296396157,20.000000000,0.000000000000,0.908458297665,90.845829766
2026-03-25T05:00:00Z,2461124.708333333,42164.289767,340577.942309,131.686488940,8.690656842,28.690656842,0.292285867,20.000000000,0.000000000000,0.908458541165,90.845854116
2026-03-25T06:00:00Z,2461124.750000000,42164.590920,347286.345597,119.788058433,8.690594290,28.690594290,0.286639840,20.000000000,0.000000000000,0.908458803226,90.845880323
2026-03-25T07:00:00Z,2461124.791666667,42164.892782,355469.201865,107.196181316,8.690531592,28.690531592,0.280041374,20.000000000,0.000000000000,0.908459065899,90.845906590
2026-03-25T08:00:00Z,2461124.833333333,42165.173965,364541.171697,94.467953609,8.690473190,28.690473190,0.273072212,20.000000000,0.000000000000,0.908459310573,90.845931057
2026-03-25T09:00:00Z,2461124.875000000,42165.413853,373898.148382,81.887141122,8.690423365,28.690423365,0.266238402,20.000000000,0.000000000000,0.908459519312,90.845951931
2026-03-25T10:00:00Z,2461124.916666667,42165.594190,382961.409526,69.625525857,8.690385910,28.690385910,0.259937493,20.000000000,0.000000000000,0.908459676230,90.845967623
2026-03-25T11:00:00Z,2461124.958333333,42165.700582,391208.754494,57.836238125,8.690363812,28.690363812,0.254457533,20.000000000,0.000000000000,0.908459768805,90.845976880
2026-03-25T12:00:00Z,2461125.000000000,42165.723774,398194.434528,46.746060131,8.690358996,28.690358996,0.249993457,20.000000000,0.005456802850,0.908894027559,90.889402756
2026-03-25T13:00:00Z,2461125.041666667,42165.660559,403560.893650,36.815565890,8.690372125,28.690372125,0.246669081,20.000000000,0.078225026510,0.914684683802,91.468468380
2026-03-25T14:00:00Z,2461125.083333333,42165.514211,407045.188663,29.070710395,8.690402521,28.690402521,0.244557588,20.000000000,0.159150747707,0.921124420734,92.112442073
2026-03-25T15:00:00Z,2461125.125000000,42165.292282,408482.275282,25.446711562,8.690448615,28.690448615,0.243697202,20.000000000,0.200807753806,0.924439186842,92.443918684
2026-03-25T16:00:00Z,2461125.166666667,42165.004052,407806.554737,27.570513640,8.690508481,28.690508481,0.244101002,20.000000000,0.176188287616,0.922479781166,92.247978117
2026-03-25T17:00:00Z,2461125.208333333,42164.674831,405052.454482,34.421673485,8.690576862,28.690576862,0.245760744,20.000000000,0.101716791366,0.916553241314,91.655324131
2026-03-25T18:00:00Z,2461125.250000000,42164.337119,400354.484602,43.909544566,8.690647007,28.690647007,0.248644648,20.000000000,0.020738945514,0.910108935217,91.010893522
2026-03-25T19:00:00Z,2461125.291666667,42164.007635,393946.436644,54.772894336,8.690715444,28.690715444,0.252689200,20.000000000,0.000000000000,0.908458295652,90.845829565
2026-03-25T20:00:00Z,2461125.333333333,42163.704339,386159.023908,66.439736967,8.690778443,28.690778443,0.257785050,20.000000000,0.000000000000,0.908458031719,90.845803172
2026-03-25T21:00:00Z,2461125.375000000,42163.447348,377414.861775,78.642197469,8.690831824,28.690831824,0.263757602,20.000000000,0.000000000000,0.908457808077,90.845780808
2026-03-25T22:00:00Z,2461125.416666667,42163.254677,368218.711608,91.220558530,8.690871846,28.690871846,0.270344916,20.000000000,0.000000000000,0.908457640407,90.845764041
2026-03-25T23:00:00Z,2461125.458333333,42163.140764,359140.211960,104.021064995,8.690895508,28.690895508,0.277178863,20.000000000,0.000000000000,0.908457541274,90.845754127
2026-03-26T00:00:00Z,2461125.500000000,42163.114968,350785.941272,116.809313511,8.690900866,28.690900866,0.283780171,20.000000000,0.000000000000,0.908457518825,90.845751883
2026-03-26T01:00:00Z,2461125.541666667,42163.180304,343758.391613,129.135810016,8.690887294,28.690887294,0.289581618,20.000000000,0.000000000000,0.908457575684,90.845757568
2026-03-26T02:00:00Z,2461125.583333333,42163.332724,338602.234653,140.048263216,8.690855634,28.690855634,0.293991338,20.000000000,0.000000000000,0.908457708326,90.845770833
2026-03-26T03:00:00Z,2461125.625000000,42163.561140,335743.442160,147.547148672,8.690808188,28.690808188,0.296494642,20.000000000,0.000000000000,0.908457907103,90.845790710
2026-03-26T04:00:00Z,2461125.666666667,42163.843081,335432.881721,148.718888932,8.690749624,28.690749624,0.296769154,20.000000000,0.000000000000,0.908458152455,90.845815246
2026-03-26T05:00:00Z,2461125.708333333,42164.147970,337709.277015,142.911647035,8.690686295,28.690686295,0.294768706,20.000000000,0.000000000000,0.908458417773,90.845841777
2026-03-26T06:00:00Z,2461125.750000000,42164.486085,342393.111519,132.772766869,8.690616065,28.690616065,0.290736324,20.000000000,0.000000000000,0.908458712000,90.845871200
2026-03-26T07:00:00Z,2461125.791666667,42164.818029,349113.493316,120.714430133,8.690547119,28.690547119,0.285139647,20.000000000,0.000000000000,0.908459000850,90.845900085
2026-03-26T08:00:00Z,2461125.833333333,42165.119904,357359.168161,107.951937081,8.690484418,28.690484418,0.278560307,20.000000000,0.000000000000,0.908459263532,90.845926353
2026-03-26T09:00:00Z,2461125.875000000,42165.378056,366539.143850,95.049135865,8.690430800,28.690430800,0.271583709,20.000000000,0.000000000000,0.908459488164,90.845948816
2026-03-26T10:00:00Z,2461125.916666667,42165.577866,376039.722020,82.285689615,8.690389300,28.690389300,0.264722144,20.000000000,0.000000000000,0.908459662026,90.845966203
2026-03-26T11:00:00Z,2461125.958333333,42165.703119,385270.229572,69.824263006,8.690363286,28.690363286,0.258379748,20.000000000,0.000000000000,0.908459771013,90.845977101
2026-03-26T12:00:00Z,2461126.000000000,42165.738330,393695.516215,57.803193187,8.690355972,28.690355972,0.252850252,20.000000000,0.000000000000,0.908459801651,90.845980165
2026-03-26T13:00:00Z,2461126.041666667,42165.675364,400856.915337,46.425495456,8.690369050,28.690369050,0.248332997,20.000000000,0.006849363683,0.909004801906,90.900480191
2026-03-26T14:00:00Z,2461126.083333333,42165.520983,406384.706047,36.117184391,8.690401114,28.690401114,0.244955061,20.000000000,0.084908953581,0.915216452368,91.521645237
2026-03-26T15:00:00Z,2461126.125000000,42165.283190,410005.000118,27.888737946,8.690450504,28.690450504,0.242792125,20.000000000,0.172546641270,0.922190231052,92.219023105
2026-03-26T16:00:00Z,2461126.166666667,42164.976387,411543.422597,23.841533966,8.690514227,28.690514227,0.241884519,20.000000000,0.219715525707,0.925943544644,92.594354464
2026-03-26T17:00:00Z,2461126.208333333,42164.622200,410926.993926,25.961217759,8.690587793,28.690587793,0.242247371,20.000000000,0.194798489635,0.923960401711,92.396040171
2026-03-26T18:00:00Z,2461126.250000000,42164.247255,408185.063773,33.119009914,8.690665672,28.690665672,0.243874646,20.000000000,0.115135762626,0.917620717045,91.762071705
2026-03-26T19:00:00Z,2461126.291666667,42163.875849,403449.605354,42.944479884,8.690742818,28.690742818,0.246737123,20.000000000,0.027190456496,0.910621928748,91.062192875
2026-03-26T20:00:00Z,2461126.333333333,42163.530293,396954.691260,54.108335688,8.690814595,28.690814595,0.250774225,20.000000000,0.000000000000,0.908457880259,90.845788026
2026-03-26T21:00:00Z,2461126.375000000,42163.232321,389034.549677,66.050301334,8.690876489,28.690876489,0.255879634,20.000000000,0.000000000000,0.908457620952,90.845762095
2026-03-26T22:00:00Z,2461126.416666667,42163.001797,380118.899192,78.524514235,8.690924374,28.690924374,0.261881306,20.000000000,0.000000000000,0.908457420338,90.845742034
2026-03-26T23:00:00Z,2461126.458333333,42162.855423,370723.475898,91.393461214,8.690954779,28.690954779,0.268518338,20.000000000,0.000000000000,0.908457292953,90.845729295
2026-03-27T00:00:00Z,2461126.500000000,42162.805214,361432.835216,104.528157501,8.690965209,28.690965209,0.275420662,20.000000000,0.000000000000,0.908457249258,90.845724926
2026-03-27T01:00:00Z,2461126.541666667,42162.856965,352872.022622,117.726567872,8.690954459,28.690954459,0.282102528,20.000000000,0.000000000000,0.908457294295,90.845729430
2026-03-27T02:00:00Z,2461126.583333333,42163.009029,345664.387985,130.583701865,8.690922872,28.690922872,0.287984849,20.000000000,0.000000000000,0.908457426631,90.845742663
2026-03-27T03:00:00Z,2461126.625000000,42163.251745,340375.695004,142.185920763,8.690872455,28.690872455,0.292459541,20.000000000,0.000000000000,0.908457637856,90.845763786
2026-03-27T04:00:00Z,2461126.666666667,42163.567763,337450.178784,150.401031072,8.690806812,28.690806812,0.294995034,20.000000000,0.000000000000,0.908457912867,90.845791287
2026-03-27T05:00:00Z,2461126.708333333,42163.927445,337150.785122,151.685531067,8.690732101,28.690732101,0.295256996,20.000000000,0.000000000000,0.908458225870,90.845822587
2026-03-27T06:00:00Z,2461126.750000000,42164.299669,339519.687469,145.204783205,8.690654785,28.690654785,0.293196906,20.000000000,0.000000000000,0.908458549782,90.845854978
2026-03-27T07:00:00Z,2461126.791666667,42164.668703,344371.391438,134.291633526,8.690578134,28.690578134,0.289066142,20.000000000,0.000000000000,0.908458870911,90.845887091
2026-03-27T08:00:00Z,2461126.833333333,42165.021210,351320.723035,121.614929411,8.690504917,28.690504917,0.283348196,20.000000000,0.000000000000,0.908459177652,90.845917765
2026-03-27T09:00:00Z,2461126.875000000,42165.341835,359836.558358,108.364777427,8.690438323,28.690438323,0.276642469,20.000000000,0.000000000000,0.908459456645,90.845945665
2026-03-27T10:00:00Z,2461126.916666667,42165.610245,369305.612553,95.052842504,8.690382575,28.690382575,0.269549260,20.000000000,0.000000000000,0.908459690200,90.845969020
2026-03-27T11:00:00Z,2461126.958333333,42165.801428,379092.153840,81.918379407,8.690342867,28.690342867,0.262590599,20.000000000,0.000000000000,0.908459856554,90.845985655
2026-03-27T12:00:00Z,2461127.000000000,42165.889744,388585.556460,69.091142061,8.690324524,28.690324524,0.256175294,20.000000000,0.000000000000,0.908459933400,90.845993340
2026-03-27T13:00:00Z,2461127.041666667,42165.876791,397233.836856,56.676231615,8.690327215,28.690327215,0.250597999,20.000000000,0.000000000000,0.908459922130,90.845992213
2026-03-27T14:00:00Z,2461127.083333333,42165.799640,404564.920975,44.835869693,8.690343239,28.690343239,0.246056907,20.000000000,0.015083595360,0.909660169379,90.966016938
2026-03-27T15:00:00Z,2461127.125000000,42165.641209,410199.079731,33.947830129,8.690376144,28.690376144,0.242677251,20.000000000,0.106547388892,0.916938488951,91.693848895
2026-03-27T16:00:00Z,2461127.166666667,42165.359282,413855.964673,25.037399437,8.690434699,28.690434699,0.240532911,20.000000000,0.205608082139,0.924821243133,92.482124313
2026-03-27T17:00:00Z,2461127.208333333,42164.761877,415357.962355,20.643627841,8.690558781,28.690558781,0.239663102,20.000000000,0.257799496880,0.928973984116,92.897398412
2026-03-27T18:00:00Z,2461127.250000000,42164.223408,414632.891505,23.410629264,8.690670626,28.690670626,0.240082204,20.000000000,0.224825490795,0.926349527516,92.634952752
2026-03-27T19:00:00Z,2461127.291666667,42163.767301,411714.203358,31.553210332,8.690765365,28.690765365,0.241784184,20.000000000,0.131779744960,0.918944785415,91.894478542
2026-03-27T20:00:00Z,2461127.333333333,42163.339470,406741.584494,42.156920294,8.690854232,28.690854232,0.244740134,20.000000000,0.032834821429,0.911070626266,91.107062627
2026-03-27T21:00:00Z,2461127.375000000,42162.968209,399960.813129,53.911729652,8.690931351,28.690931351,0.248889384,20.000000000,0.000000000000,0.908457391107,90.845739111
2026-03-27T22:00:00Z,2461127.416666667,42162.677785,391721.875103,66.344961921,8.690991679,28.690991679,0.254124214,20.000000000,0.000000000000,0.908457138360,90.845713836
2026-03-27T23:00:00Z,2461127.458333333,42162.487007,382474.330256,79.272218577,8.691031309,28.691031309,0.260268525,20.000000000,0.000000000000,0.908456972331,90.845697233
2026-03-28T00:00:00Z,2461127.500000000,42162.408160,372757.579565,92.599624319,8.691047687,28.691047687,0.267053048,20.000000000,0.000000000000,0.908456903712,90.845690371
2026-03-28T01:00:00Z,2461127.541666667,42162.446284,363182.837283,106.236973786,8.691039768,28.691039768,0.274093533,20.000000000,0.000000000000,0.908456936890,90.845693689
2026-03-28T02:00:00Z,2461127.583333333,42162.598842,354403.058495,120.027022585,8.691008078,28.691008078,0.280883823,20.000000000,0.000000000000,0.908457069658,90.845706966
2026-03-28T03:00:00Z,2461127.625000000,42162.855782,347067.820396,133.624081999,8.690954705,28.690954705,0.286820319,20.000000000,0.000000000000,0.908457293266,90.845729327
2026-03-28T04:00:00Z,2461127.666666667,42163.200026,341763.381198,146.160221890,8.690883198,28.690883198,0.291272037,20.000000000,0.000000000000,0.908457592847,90.845759285
2026-03-28T05:00:00Z,2461127.708333333,42163.608400,338944.313267,155.211355456,8.690798371,28.690798371,0.293694626,20.000000000,0.000000000000,0.908457948230,90.845794823
2026-03-28T06:00:00Z,2461127.750000000,42164.037320,338870.359029,155.928623983,8.690709278,28.690709278,0.293758722,20.000000000,0.000000000000,0.908458321485,90.845832148
2026-03-28T07:00:00Z,2461127.791666667,42164.465473,341566.261010,147.710035834,8.690620346,28.690620346,0.291440133,20.000000000,0.000000000000,0.908458694064,90.845869406
2026-03-28T08:00:00Z,2461127.833333333,42164.900531,346817.475286,135.408404460,8.690529982,28.690529982,0.287027358,20.000000000,0.000000000000,0.908459072642,90.845907264
2026-03-28T09:00:00Z,2461127.875000000,42165.290064,354203.160349,121.807116357,8.690449076,28.690449076,0.281042344,20.000000000,0.000000000000,0.908459411597,90.845941160
2026-03-28T10:00:00Z,2461127.916666667,42165.621926,363155.887730,107.903335441,8.690380149,28.690380149,0.274113873,20.000000000,0.000000000000,0.908459700365,90.845970036
2026-03-28T11:00:00Z,2461127.958333333,42165.872594,373029.490744,94.082524014,8.690328086,28.690328086,0.266858384,20.000000000,0.000000000000,0.908459918478,90.845991848
2026-03-28T12:00:00Z,2461128.000000000,42166.007054,383161.201918,80.509581019,8.690300160,28.690300160,0.259801953,20.000000000,0.000000000000,0.908460035474,90.846003547
2026-03-28T13:00:00Z,2461128.041666667,42165.996065,392920.101115,67.262745043,8.690302442,28.690302442,0.253349247,20.000000000,0.000000000000,0.908460025912,90.846002591
2026-03-28T14:00:00Z,2461128.083333333,42165.839467,401740.536968,54.400493514,8.690334967,28.690334967,0.247786789,20.000000000,0.000000000000,0.908459889653,90.845988965
2026-03-28T15:00:00Z,2461128.125000000,42165.557023,409142.775939,42.029425096,8.690393629,28.690393629,0.243303786,20.000000000,0.033774712088,0.911147350080,91.114735008
2026-03-28T16:00:00Z,2461128.166666667,42165.180043,414744.944431,30.456077983,8.690471927,28.690471927,0.240017340,20.000000000,0.143736895206,0.919897534551,91.989753455
2026-03-28T17:00:00Z,2461128.208333333,42164.741260,418269.358857,20.724644910,8.690563064,28.690563064,0.237994898,20.000000000,0.256832430916,0.928897009512,92.889700951
2026-03-28T18:00:00Z,2461128.250000000,42164.267318,419545.710420,16.264994645,8.690661505,28.690661505,0.237270861,20.000000000,0.309479259919,0.933086098631,93.308609863
2026-03-28T19:00:00Z,2461128.291666667,42163.778190,418512.697761,20.754464775,8.690763103,28.690763103,0.237856519,20.000000000,0.256479106976,0.928868054823,92.886805482
2026-03-28T20:00:00Z,2461128.333333333,42163.300656,415218.768893,30.530925667,8.690862295,28.690862295,0.239743444,20.000000000,0.142918351949,0.919830761505,91.983076151
2026-03-28T21:00:00Z,2461128.375000000,42162.865495,409822.601885,42.175889108,8.690952687,28.690952687,0.242900184,20.000000000,0.032695896914,0.911059158525,91.105915853
2026-03-28T22:00:00Z,2461128.416666667,42162.505192,402592.854800,54.652113889,8.691027531,28.691027531,0.247262203,20.000000000,0.000000000000,0.908456988157,90.845698816
2026-03-28T23:00:00Z,2461128.458333333,42162.250253,393906.334917,67.661130864,8.691080489,28.691080489,0.252714926,20.000000000,0.000000000000,0.908456766287,90.845676629
2026-03-29T00:00:00Z,2461128.500000000,42162.123957,384242.983639,81.108386468,8.691106725,28.691106725,0.259070512,20.000000000,0.000000000000,0.908456656371,90.845665637
2026-03-29T01:00:00Z,2461128.541666667,42162.135520,374175.066508,94.954673329,8.691104323,28.691104323,0.266041364,20.000000000,0.000000000000,0.908456666434,90.845666643
2026-03-29T02:00:00Z,2461128.583333333,42162.280728,364347.029599,109.154798476,8.691074159,28.691074159,0.273217720,20.000000000,0.000000000000,0.908456792809,90.845679281
2026-03-29T03:00:00Z,2461128.625000000,42162.548314,355442.309809,123.604231032,8.691018574,28.691018574,0.280062561,20.000000000,0.000000000000,0.908457025685,90.845702568
2026-03-29T04:00:00Z,2461128.666666667,42162.918729,348133.642975,138.036866660,8.690941629,28.690941629,0.285942202,20.000000000,0.000000000000,0.908457348047,90.845734805
2026-03-29T05:00:00Z,2461128.708333333,42163.365711,343017.753784,151.678594478,8.690848782,28.690848782,0.290206882,20.000000000,0.000000000000,0.908457737033,90.845773703
2026-03-29T06:00:00Z,2461128.750000000,42163.858288,340542.402325,161.630947541,8.690746465,28.690746465,0.292316371,20.000000000,0.000000000000,0.908458165689,90.845816569
2026-03-29T07:00:00Z,2461128.791666667,42164.363059,340941.640352,160.373413757,8.690641619,28.690641619,0.291974069,20.000000000,0.000000000000,0.908458604943,90.845860494
2026-03-29T08:00:00Z,2461128.833333333,42164.846542,344198.322728,149.263248609,8.690541196,28.690541196,0.289211491,20.000000000,0.000000000000,0.908459025661,90.845902566
2026-03-29T09:00:00Z,2461128.875000000,42165.277447,350046.713037,135.314794412,8.690451697,28.690451697,0.284379462,20.000000000,0.000000000000,0.908459400618,90.845940062
2026-03-29T10:00:00Z,2461128.916666667,42165.628693,358014.138718,120.770577110,8.690378744,28.690378744,0.278050689,20.000000000,0.000000000000,0.908459706252,90.845970625
2026-03-29T11:00:00Z,2461128.958333333,42165.879057,367487.459893,106.252035689,8.690326744,28.690326744,0.270882871,20.000000000,0.000000000000,0.908459924101,90.845992410
2026-03-29T12:00:00Z,2461129.000000000,42166.014376,377785.339592,91.976227833,8.690298639,28.690298639,0.263498944,20.000000000,0.000000000000,0.908460041844,90.846004184
2026-03-29T13:00:00Z,2461129.041666667,42166.028242,388221.507235,78.021234833,8.690295760,28.690295760,0.256415520,20.000000000,0.000000000000,0.908460053909,90.846005391
2026-03-29T14:00:00Z,2461129.083333333,42165.922187,398152.228318,64.408495094,8.690317786,28.690317786,0.250019958,20.000000000,0.000000000000,0.908459961630,90.845996163
2026-03-29T15:00:00Z,2461129.125000000,42165.705383,407007.886716,51.145106404,8.690362815,28.690362815,0.244580002,20.000000000,0.000000000000,0.908459772983,90.845977298
2026-03-29T16:00:00Z,2461129.166666667,42165.393890,414312.000457,38.270372635,8.690427511,28.690427511,0.240268153,20.000000000,0.064798272207,0.913615984604,91.361598460
2026-03-29T17:00:00Z,2461129.208333333,42165.009538,419691.713681,25.980480358,8.690507342,28.690507342,0.237188318,20.000000000,0.194572935321,0.923942789720,92.394278972
2026-03-29T18:00:00Z,2461129.250000000,42164.578501,422883.156827,15.264382923,8.690596870,28.690596870,0.235398279,20.000000000,0.320901034873,0.933995285390,93.399528539
2026-03-29T19:00:00Z,2461129.291666667,42164.129661,423734.040156,11.448996166,8.690690098,28.690690098,0.234925583,20.000000000,0.360717085925,0.937163355482,93.716335548
2026-03-29T20:00:00Z,2461129.333333333,42163.692837,422204.916451,19.185395850,8.690780832,28.690780832,0.235776431,20.000000000,0.275182440486,0.930356344538,93.035634454
2026-03-29T21:00:00Z,2461129.375000000,42163.296972,418369.833278,30.812338692,8.690863060,28.690863060,0.237937742,20.000000000,0.139832466704,0.919585191354,91.958519135
2026-03-29T22:00:00Z,2461129.416666667,42162.968359,412416.535977,43.440669486,8.690931320,28.690931320,0.241372431,20.000000000,0.023807820842,0.910351957424,91.035195742
2026-03-29T23:00:00Z,2461129.458333333,42162.729007,404645.858290,56.567878789,8.690981039,28.690981039,0.246007691,20.000000000,0.000000000000,0.908457182938,90.845718294
2026-03-30T00:00:00Z,2461129.500000000,42162.595211,395469.313172,70.094347693,8.691008832,28.691008832,0.251716136,20.000000000,0.000000000000,0.908457066498,90.845706650
2026-03-30T01:00:00Z,2461129.541666667,42162.560030,385403.075854,84.011959471,8.691016140,28.691016140,0.258290685,20.000000000,0.000000000000,0.908457035881,90.845703588
2026-03-30T02:00:00Z,2461129.583333333,42162.627142,375055.439757,98.330422381,8.691002199,28.691002199,0.265416877,20.000000000,0.000000000000,0.908457094288,90.845709429
2026-03-30T03:00:00Z,2461129.625000000,42162.845234,365103.683896,113.044577702,8.690956896,28.690956896,0.272651489,20.000000000,0.000000000000,0.908457284087,90.845728409
2026-03-30T04:00:00Z,2461129.666666667,42163.156043,356256.301284,128.102333357,8.690892334,28.690892334,0.279422656,20.000000000,0.000000000000,0.908457554571,90.845755457
2026-03-30T05:00:00Z,2461129.708333333,42163.540640,349197.509101,143.338760405,8.690812446,28.690812446,0.285071043,20.000000000,0.000000000000,0.908457889263,90.845788926
2026-03-30T06:00:00Z,2461129.750000000,42163.977214,344516.348605,158.193066107,8.690721763,28.690721763,0.288944515,20.000000000,0.000000000000,0.908458269179,90.845826918
2026-03-30T07:00:00Z,2461129.791666667,42164.440678,342630.603059,169.114726510,8.690625497,28.690625497,0.290534801,20.000000000,0.000000000000,0.908458672487,90.845867249
2026-03-30T08:00:00Z,2461129.833333333,42164.902660,343723.802047,163.058725576,8.690529540,28.690529540,0.289610759,20.000000000,0.000000000000,0.908459074494,90.845907449
2026-03-30T09:00:00Z,2461129.875000000,42165.332211,347715.046124,148.768822960,8.690440322,28.690440322,0.286286437,20.000000000,0.000000000000,0.908459448271,90.845944827
2026-03-30T10:00:00Z,2461129.916666667,42165.697609,354272.361249,133.527083795,8.690364430,28.690364430,0.280987447,20.000000000,0.000000000000,0.908459766219,90.845976622
2026-03-30T11:00:00Z,2461129.958333333,42165.969224,362864.622230,118.325009875,8.690308017,28.690308017,0.274333902,20.000000000,0.000000000000,0.908460002557,90.846000256
2026-03-30T12:00:00Z,2461130.000000000,42166.123511,372834.604603,103.406649276,8.690275973,28.690275973,0.266997876,20.000000000,0.000000000000,0.908460136804,90.846013680
2026-03-30T13:00:00Z,2461130.041666667,42166.151734,383473.318481,88.848203009,8.690270111,28.690270111,0.259590493,20.000000000,0.000000000000,0.908460161361,90.846016136
2026-03-30T14:00:00Z,2461130.083333333,42166.054057,394081.910182,74.658541706,8.690290398,28.690290398,0.252602333,20.000000000,0.000000000000,0.908460076372,90.846007637
2026-03-30T15:00:00Z,2461130.125000000,42165.835284,404016.291706,60.813683371,8.690335836,28.690335836,0.246391040,20.000000000,0.000000000000,0.908459886013,90.845988601
2026-03-30T16:00:00Z,2461130.166666667,42165.506006,412715.737664,47.276870437,8.690404225,28.690404225,0.241197445,20.000000000,0.003391772435,0.908729508173,90.872950817
2026-03-30T17:00:00Z,2461130.208333333,42165.084495,419719.452639,34.020084411,8.690491773,28.690491773,0.237172642,20.000000000,0.105808102955,0.916879174022,91.687917402
2026-03-30T18:00:00Z,2461130.250000000,42164.602456,424675.337383,21.085907416,8.690591894,28.690591894,0.234404865,20.000000000,0.252519898772,0.928553708323,92.855370832
2026-03-30T19:00:00Z,2461130.291666667,42164.106518,427344.133132,9.123152519,8.690694905,28.690694905,0.232940981,20.000000000,0.377662503652,0.938511808840,93.851180884
2026-03-30T20:00:00Z,2461130.333333333,42163.607094,427601.148069,8.156496136,8.690798642,28.690798642,0.232800968,20.000000000,0.378922438992,0.938611636700,93.861163670
2026-03-30T21:00:00Z,2461130.375000000,42163.115701,425437.442236,19.866979628,8.690900714,28.690900714,0.233984963,20.000000000,0.267069362593,0.929710224066,92.971022407
2026-03-30T22:00:00Z,2461130.416666667,42162.655497,420960.272561,32.784915469,8.690996309,28.690996309,0.236473550,20.000000000,0.118645581798,0.917898634374,91.789863437
2026-03-30T23:00:00Z,2461130.458333333,42162.262519,414393.010482,46.055893370,8.691077942,28.691077942,0.240221182,20.000000000,0.008579916806,0.909139545046,90.913954505
2026-03-31T00:00:00Z,2461130.500000000,42161.981403,406074.024721,59.622853822,8.691136338,28.691136338,0.245142474,20.000000000,0.000000000000,0.908456532306,90.845653231
2026-03-31T01:00:00Z,2461130.541666667,42161.856351,396453.307586,73.514635073,8.691162315,28.691162315,0.251091375,20.000000000,0.000000000000,0.908456423472,90.845642347
2026-03-31T02:00:00Z,2461130.583333333,42161.919726,386084.702405,87.774360447,8.691149150,28.691149150,0.257834674,20.000000000,0.000000000000,0.908456478628,90.845647863
2026-03-31T03:00:00Z,2461130.625000000,42162.181764,375610.465846,102.439075998,8.691094717,28.691094717,0.265024677,20.000000000,0.000000000000,0.908456706680,90.845670668
2026-03-31T04:00:00Z,2461130.666666667,42162.622811,365733.880048,117.526197001,8.691003099,28.691003099,0.272181680,20.000000000,0.000000000000,0.908457090518,90.845709052
2026-03-31T05:00:00Z,2461130.708333333,42163.181565,357175.412793,133.019959565,8.690887033,28.690887033,0.278703618,20.000000000,0.000000000000,0.908457576781,90.845757678
2026-03-31T06:00:00Z,2461130.750000000,42163.849751,350612.481843,148.849383405,8.690748239,28.690748239,0.283920567,20.000000000,0.000000000000,0.908458158259,90.845815826
2026-03-31T07:00:00Z,2461130.791666667,42164.558614,346603.166251,164.811344518,8.690601000,28.690601000,0.287204832,20.000000000,0.000000000000,0.908458775113,90.845877511
2026-03-31T08:00:00Z,2461130.833333333,42165.258727,345510.637052,176.205887647,8.690455585,28.690455585,0.288113002,20.000000000,0.000000000000,0.908459384329,90.845938433
2026-03-31T09:00:00Z,2461130.875000000,42165.908129,347446.399928,161.840111310,8.690320706,28.690320706,0.286507796,20.000000000,0.000000000000,0.908459949397,90.845994940
2026-03-31T10:00:00Z,2461130.916666667,42166.466686,352251.740476,145.865549107,8.690204699,28.690204699,0.282599288,20.000000000,0.000000000000,0.908460435402,90.846043540
2026-03-31T11:00:00Z,2461130.958333333,42166.896096,359524.063717,130.081193209,8.690115517,28.690115517,0.276882926,20.000000000,0.000000000000,0.908460809024,90.846080902
2026-03-31T12:00:00Z,2461131.000000000,42167.154834,368678.617060,114.646034686,8.690061781,28.690061781,0.270007674,20.000000000,0.000000000000,0.908461034144,90.846103414
2026-03-31T13:00:00Z,2461131.041666667,42167.229149,379025.341760,99.616164836,8.690046348,28.690046348,0.262636887,20.000000000,0.000000000000,0.908461098803,90.846109880
2026-03-31T14:00:00Z,2461131.083333333,42167.126211,389841.813487,84.998037277,8.690067726,28.690067726,0.255349769,20.000000000,0.000000000000,0.908461009240,90.846100924
2026-03-31T15:00:00Z,2461131.125000000,42166.846499,400431.970753,70.764995566,8.690125817,28.690125817,0.248596533,20.000000000,0.000000000000,0.908460765871,90.846076587
2026-03-31T16:00:00Z,2461131.166666667,42166.408601,410165.902687,56.870038526,8.690216763,28.690216763,0.242696880,20.000000000,0.000000000000,0.908460384862,90.846038486
2026-03-31T17:00:00Z,2461131.208333333,42165.835875,418504.692000,43.254786123,8.690335713,28.690335713,0.237861069,20.000000000,0.025055159920,0.910453712803,91.045371280
2026-03-31T18:00:00Z,2461131.250000000,42165.155050,425014.519795,29.855238677,8.690477118,28.690477118,0.234217797,20.000000000,0.150381908933,0.920426306193,92.042630619
2026-03-31T19:00:00Z,2461131.291666667,42164.400339,429373.745989,16.605419818,8.690633876,28.690633876,0.231839883,20.000000000,0.305542527819,0.932772939197,93.277293920
2026-03-31T20:00:00Z,2461131.333333333,42163.639819,431376.369930,3.438853344,8.690791845,28.690791845,0.230763582,20.000000000,0.378922438992,0.938611665179,93.861166518
2026-03-31T21:00:00Z,2461131.375000000,42162.942868,430933.021915,9.712765080,8.690936615,28.690936615,0.231000995,20.000000000,0.374479808734,0.938257525378,93.825752538
2026-03-31T22:00:00Z,2461131.416666667,42162.367160,428071.341078,22.914063529,8.691056205,28.691056205,0.232545258,20.000000000,0.230729915635,0.926817771325,92.681777133
2026-03-31T23:00:00Z,2461131.458333333,42161.951779,422935.964158,36.232616405,8.691142492,28.691142492,0.235368887,20.000000000,0.083801790713,0.915125241140,91.512524114
2026-04-01T00:00:00Z,2461131.500000000,42161.715245,415787.956546,49.734789759,8.691191628,28.691191628,0.239415249,20.000000000,0.000000000000,0.908456300665,90.845630067
2026-04-01T01:00:00Z,2461131.541666667,42161.658160,407002.958761,63.485724928,8.691203487,28.691203487,0.244582963,20.000000000,0.000000000000,0.908456250982,90.845625098
2026-04-01T02:00:00Z,2461131.583333333,42161.768790,397066.564687,77.546783442,8.691180505,28.691180505,0.250703569,20.000000000,0.000000000000,0.908456347267,90.845634727
2026-04-01T03:00:00Z,2461131.625000000,42162.029291,386564.445322,91.970914905,8.691126390,28.691126390,0.257514688,20.000000000,0.000000000000,0.908456573983,90.845657398
2026-04-01T04:00:00Z,2461131.666666667,42162.344454,376163.801686,106.795020338,8.691060921,28.691060921,0.264634823,20.000000000,0.000000000000,0.908456848268,90.845684827
2026-04-01T05:00:00Z,2461131.708333333,42162.841457,366580.994843,122.029617239,8.690957681,28.690957681,0.271552703,20.000000000,0.000000000000,0.908457280799,90.845728080
2026-04-01T06:00:00Z,2461131.750000000,42163.410340,358532.078478,137.645205946,8.690839511,28.690839511,0.277649011,20.000000000,0.000000000000,0.908457775871,90.845777587
2026-04-01T07:00:00Z,2461131.791666667,42164.021147,352666.359440,153.546093888,8.690712638,28.690712638,0.282267042,20.000000000,0.000000000000,0.908458307411,90.845830741
2026-04-01T08:00:00Z,2461131.833333333,42164.640697,349489.461618,169.386674499,8.690583951,28.690583951,0.284832901,20.000000000,0.000000000000,0.908458846540,90.845884654
2026-04-01T09:00:00Z,2461131.875000000,42165.231466,349291.494364,172.712458042,8.690461247,28.690461247,0.284994337,20.000000000,0.000000000000,0.908459360608,90.845936061
2026-04-01T10:00:00Z,2461131.916666667,42165.752189,352100.979589,157.130389164,8.690353094,28.690353094,0.282720291,20.000000000,0.000000000000,0.908459813710,90.845981371
2026-04-01T11:00:00Z,2461131.958333333,42166.160872,357680.333021,141.208067312,8.690268213,28.690268213,0.278310183,20.000000000,0.000000000000,0.908460169313,90.846016931
2026-04-01T12:00:00Z,2461132.000000000,42166.419949,365564.512525,125.540112212,8.690214406,28.690214406,0.272307783,20.000000000,0.000000000000,0.908460394737,90.846039474
2026-04-01T13:00:00Z,2461132.041666667,42166.503711,375129.260598,110.245311836,8.690197009,28.690197009,0.265364645,20.000000000,0.000000000000,0.908460467617,90.846046762
2026-04-01T14:00:00Z,2461132.083333333,42166.408180,385668.429200,95.364512565,8.690216850,28.690216850,0.258112971,20.000000000,0.000000000000,0.908460384496,90.846038450
2026-04-01T15:00:00Z,2461132.125000000,42166.143692,396463.091560,80.895776000,8.690271781,28.690271781,0.251085178,20.000000000,0.000000000000,0.908460154364,90.846015436
2026-04-01T16:00:00Z,2461132.166666667,42165.730254,406834.274725,66.810638161,8.690357650,28.690357650,0.244684374,20.000000000,0.000000000000,0.908459794624,90.845979462
2026-04-01T17:00:00Z,2461132.208333333,42165.196435,416178.386052,53.067509377,8.690468523,28.690468523,0.239190645,20.000000000,0.000000000000,0.908459330126,90.845933013
2026-04-01T18:00:00Z,2461132.250000000,42164.574966,423988.315640,39.627089186,8.690597604,28.690597604,0.234784692,20.000000000,0.052942078404,0.912671786080,91.267178608
2026-04-01T19:00:00Z,2461132.291666667,42163.902724,429864.960428,26.486356531,8.690737235,28.690737235,0.231574954,20.000000000,0.188694128112,0.923474005968,92.347400597
2026-04-01T20:00:00Z,2461132.333333333,42163.220390,433522.907157,13.869576739,8.690878968,28.690878968,0.229620978,20.000000000,0.336328429837,0.935221776624,93.522177662
2026-04-01T21:00:00Z,2461132.375000000,42162.571052,434792.894894,5.696637550,8.691013850,28.691013850,0.228950274,20.000000000,0.378922438992,0.938610735080,93.861073508
2026-04-01T22:00:00Z,2461132.416666667,42161.998182,433622.711087,14.777524989,8.691132852,28.691132852,0.229568127,20.000000000,0.326368034787,0.934428089911,93.442808991
2026-04-01T23:00:00Z,2461132.458333333,42161.542872,430077.354257,27.451521161,8.691227436,28.691227436,0.231460590,20.000000000,0.177562334044,0.922586112230,92.258611223
2026-04-02T00:00:00Z,2461132.500000000,42161.240439,424338.683165,40.600107368,8.691290263,28.691290263,0.234590834,20.000000000,0.044883038476,0.912027566144,91.202756614
2026-04-02T01:00:00Z,2461132.541666667,42161.116780,416704.224399,54.035295818,8.691315952,28.691315952,0.238888809,20.000000000,0.000000000000,0.908455779801,90.845577980
2026-04-02T02:00:00Z,2461132.583333333,42161.185062,407584.190616,67.761239855,8.691301767,28.691301767,0.244234176,20.000000000,0.000000000000,0.908455839230,90.845583923
2026-04-02T03:00:00Z,2461132.625000000,42161.443417,397494.956979,81.811512205,8.691248097,28.691248097,0.250433377,20.000000000,0.000000000000,0.908456064086,90.845606409
2026-04-02T04:00:00Z,2461132.666666667,42161.864079,387046.164363,96.216508857,8.691160710,28.691160710,0.257194182,20.000000000,0.000000000000,0.908456430198,90.845643020
2026-04-02T05:00:00Z,2461132.708333333,42162.412963,376917.834747,110.984681209,8.691046690,28.691046690,0.264105411,20.000000000,0.000000000000,0.908456907891,90.845690789
2026-04-02T06:00:00Z,2461132.750000000,42163.077570,367823.579109,126.077658372,8.690908634,28.690908634,0.270635335,20.000000000,0.000000000000,0.908457486280,90.845748628
2026-04-02T07:00:00Z,2461132.791666667,42163.791304,360455.745456,141.357715263,8.690760379,28.690760379,0.276167252,20.000000000,0.000000000000,0.908458107398,90.845810740
2026-04-02T08:00:00Z,2461132.833333333,42164.507977,355416.561625,156.369364733,8.690611518,28.690611518,0.280082851,20.000000000,0.000000000000,0.908458731050,90.845873105
2026-04-02T09:00:00Z,2461132.875000000,42165.184067,353142.901170,168.468401586,8.690471092,28.690471092,0.281886139,20.000000000,0.000000000000,0.908459319364,90.845931936
2026-04-02T10:00:00Z,2461132.916666667,42165.776922,353842.542584,164.787638000,8.690347957,28.690347957,0.281328770,20.000000000,0.000000000000,0.908459835231,90.845983523
2026-04-02T11:00:00Z,2461132.958333333,42166.246190,357461.184806,150.859224503,8.690250494,28.690250494,0.278480807,20.000000000,0.000000000000,0.908460243549,90.846024355
2026-04-02T12:00:00Z,2461133.000000000,42166.556404,363691.671063,135.686158388,8.690186066,28.690186066,0.273710051,20.000000000,0.000000000000,0.908460513465,90.846051346
2026-04-02T13:00:00Z,2461133.041666667,42166.680593,372022.103472,120.505851440,8.690160273,28.690160273,0.267581007,20.000000000,0.000000000000,0.908460621520,90.846062152
2026-04-02T14:00:00Z,2461133.083333333,42166.603939,381806.823396,105.600081098,8.690176193,28.690176193,0.260723551,20.000000000,0.000000000000,0.908460554824,90.846055482
2026-04-02T15:00:00Z,2461133.125000000,42166.317832,392340.814807,91.061043239,8.690235614,28.690235614,0.253723316,20.000000000,0.000000000000,0.908460305884,90.846030588
2026-04-02T16:00:00Z,2461133.166666667,42165.875431,402923.044911,76.911760142,8.690327497,28.690327497,0.247059574,20.000000000,0.000000000000,0.908459920946,90.845992095
2026-04-02T17:00:00Z,2461133.208333333,42165.291316,412903.281124,63.146579067,8.690448816,28.690448816,0.241087891,20.000000000,0.000000000000,0.908459412687,90.845941269
2026-04-02T18:00:00Z,2461133.250000000,42164.602051,421712.533143,49.759884977,8.690591978,28.690591978,0.236051720,20.000000000,0.000000000000,0.908458812911,90.845881291
2026-04-02T19:00:00Z,2461133.291666667,42163.850833,428881.095087,36.790705132,8.690748014,28.690748014,0.232106196,20.000000000,0.078464187932,0.914702140883,91.470214088
2026-04-02T20:00:00Z,2461133.333333333,42163.085371,434048.199415,24.466951039,8.690907014,28.690907014,0.229343085,20.000000000,0.212329312471,0.925354122890,92.535412289
2026-04-02T21:00:00Z,2461133.375000000,42162.355400,436966.668020,14.017176401,8.691058647,28.691058647,0.227811311,20.000000000,0.334733032408,0.935094066156,93.509406616
2026-04-02T22:00:00Z,2461133.416666667,42161.709814,437504.853816,11.787643141,8.691192756,28.691192756,0.227531073,20.000000000,0.357574462250,0.936911167534,93.691116753
2026-04-02T23:00:00Z,2461133.458333333,42161.193511,435647.224911,20.601483362,8.691300012,28.691300012,0.228501286,20.000000000,0.258312408356,0.929011694909,92.901169491
2026-04-03T00:00:00Z,2461133.500000000,42160.844105,431494.219542,32.522723521,8.691372598,28.691372598,0.230700556,20.000000000,0.121418982606,0.918117758110,91.811775811
2026-04-03T01:00:00Z,2461133.541666667,42160.688790,425261.423492,45.277162224,8.691404864,28.691404864,0.234081811,20.000000000,0.012603202779,0.909458338307,90.945833831
2026-04-03T02:00:00Z,2461133.583333333,42160.741692,417277.570498,58.468127694,8.691393874,28.691393874,0.238560570,20.000000000,0.000000000000,0.908455453340,90.845545334
2026-04-03T03:00:00Z,2461133.625000000,42161.002067,407980.216522,72.012565012,8.691339783,28.691339783,0.243997096,20.000000000,0.000000000000,0.908455679960,90.845567996
2026-04-03T04:00:00Z,2461133.666666667,42161.453652,397907.108911,85.895841180,8.691245970,28.691245970,0.250173976,20.000000000,0.000000000000,0.908456072994,90.845607299
2026-04-03T05:00:00Z,2461133.708333333,42162.065382,387680.303219,100.106741825,8.691118893,28.691118893,0.256773480,20.000000000,0.000000000000,0.908456605393,90.845660539
2026-04-03T06:00:00Z,2461133.750000000,42162.787550,377979.224515,114.599405528,8.690968878,28.690968878,0.263363781,20.000000000,0.000000000000,0.908457233886,90.845723389
2026-04-03T07:00:00Z,2461133.791666667,42163.560275,369499.089599,129.239228824,8.690808367,28.690808367,0.269408117,20.000000000,0.000000000000,0.908457906350,90.845790635
2026-04-03T08:00:00Z,2461133.833333333,42164.348308,362893.917060,143.658160436,8.690644683,28.690644683,0.274311756,20.000000000,0.000000000000,0.908458592107,90.845859211
2026-04-03T09:00:00Z,2461133.875000000,42165.108456,358706.968903,156.655931770,8.690486796,28.690486796,0.277513640,20.000000000,0.000000000000,0.908459253570,90.845925357
2026-04-03T10:00:00Z,2461133.916666667,42165.786982,357300.538454,163.443704471,8.690345868,28.690345868,0.278606016,20.000000000,0.000000000000,0.908459843984,90.845984398
2026-04-03T11:00:00Z,2461133.958333333,42166.325473,358802.522490,157.267484658,8.690234027,28.690234027,0.277439734,20.000000000,0.000000000000,0.908460312533,90.846031253
2026-04-03T12:00:00Z,2461134.000000000,42166.671707,363086.470461,144.461748886,8.690162119,28.690162119,0.274166281,20.000000000,0.000000000000,0.908460613788,90.846061379
2026-04-03T13:00:00Z,2461134.041666667,42166.791725,369792.040270,130.136163976,8.690137193,28.690137193,0.269194690,20.000000000,0.000000000000,0.908460718214,90.846071821
2026-04-03T14:00:00Z,2461134.083333333,42166.850462,378378.673831,115.580824979,8.690124994,28.690124994,0.263085750,20.000000000,0.000000000000,0.908460769319,90.846076932
2026-04-03T15:00:00Z,2461134.125000000,42166.861840,388196.469149,101.186998749,8.690122631,28.690122631,0.256432058,20.000000000,0.000000000000,0.908460779219,90.846077922
2026-04-03T16:00:00Z,2461134.166666667,42166.539165,398555.514130,87.101625801,8.690189646,28.690189646,0.249766969,20.000000000,0.000000000000,0.908460498465,90.846049847
2026-04-03T17:00:00Z,2461134.208333333,42166.172086,408782.205866,73.384558381,8.690265884,28.690265884,0.243518396,20.000000000,0.000000000000,0.908460179070,90.846017907
2026-04-03T18:00:00Z,2461134.250000000,42165.406166,418261.552934,60.068538092,8.690424962,28.690424962,0.237999340,20.000000000,0.000000000000,0.908459512623,90.845951262
2026-04-03T19:00:00Z,2461134.291666667,42164.495910,426461.965611,47.211689320,8.690614025,28.690614025,0.233422839,20.000000000,0.003628630559,0.908747477794,90.874747779
2026-04-03T20:00:00Z,2461134.333333333,42163.529368,432952.102985,34.990213720,8.690814787,28.690814787,0.229923712,20.000000000,0.095996780451,0.916097060518,91.609706052
2026-04-03T21:00:00Z,2461134.375000000,42162.579349,437408.842863,24.009051662,8.691012127,28.691012127,0.227581016,20.000000000,0.217739552605,0.925784215746,92.578421575
2026-04-03T22:00:00Z,2461134.416666667,42161.718795,439621.257078,16.530221199,8.691190890,28.691190890,0.226435699,20.000000000,0.306421077565,0.932840518336,93.284051834
2026-04-03T23:00:00Z,2461134.458333333,42161.013651,439492.248986,17.570160223,8.691337376,28.691337376,0.226502167,20.000000000,0.294289904018,0.931874536506,93.187453651
2026-04-04T00:00:00Z,2461134.500000000,42160.516436,437038.928456,26.129353751,8.691440670,28.691440670,0.227773645,20.000000000,0.192851077666,0.923801858429,92.380185843
2026-04-04T01:00:00Z,2461134.541666667,42160.261442,432392.171179,37.431319894,8.691493645,28.691493645,0.230221456,20.000000000,0.072468253431,0.914221875717,91.422187572
2026-04-04T02:00:00Z,2461134.583333333,42160.262225,425795.263661,49.750623856,8.691493482,28.691493482,0.233788330,20.000000000,0.000000000000,0.908455036023,90.845503602
2026-04-04T03:00:00Z,2461134.625000000,42160.511579,417600.984423,62.618844627,8.691441679,28.691441679,0.238375814,20.000000000,0.000000000000,0.908455253056,90.845525306
2026-04-04T04:00:00Z,2461134.666666667,42160.983775,408265.811188,75.888232259,8.691343583,28.691343583,0.243826412,20.000000000,0.000000000000,0.908455664039,90.845566404
2026-04-04T05:00:00Z,2461134.708333333,42161.638447,398339.129323,89.495285130,8.691207582,28.691207582,0.249902647,20.000000000,0.000000000000,0.908456233826,90.845623383
2026-04-04T06:00:00Z,2461134.750000000,42162.425341,388444.456747,103.378486185,8.691044119,28.691044119,0.256268348,20.000000000,0.000000000000,0.908456918663,90.845691866
2026-04-04T07:00:00Z,2461134.791666667,42163.290248,379249.196781,117.419955277,8.690864457,28.690864457,0.262481863,20.000000000,0.000000000000,0.908457671362,90.845767136
2026-04-04T08:00:00Z,2461134.833333333,42164.177227,371420.186620,131.350796136,8.690680218,28.690680218,0.268014647,20.000000000,0.000000000000,0.908458443233,90.845844323
2026-04-04T09:00:00Z,2461134.875000000,42165.028242,365564.949463,144.494405454,8.690503457,28.690503457,0.272307458,20.000000000,0.000000000000,0.908459183771,90.845918377
2026-04-04T10:00:00Z,2461134.916666667,42165.785921,362164.449689,154.898813713,8.690346088,28.690346088,0.274864276,20.000000000,0.000000000000,0.908459843061,90.845984306
2026-04-04T11:00:00Z,2461134.958333333,42166.397002,361509.882475,157.751703016,8.690219171,28.690219171,0.275361962,20.000000000,0.000000000000,0.908460374770,90.846037477
2026-04-04T12:00:00Z,2461135.000000000,42166.816446,363660.008045,150.693727487,8.690132059,28.690132059,0.273733883,20.000000000,0.000000000000,0.908460739723,90.846073972
2026-04-04T13:00:00Z,2461135.041666667,42167.011735,368432.459210,138.676508339,8.690091500,28.690091500,0.270188073,20.000000000,0.000000000000,0.908460909639,90.846090964
2026-04-04T14:00:00Z,2461135.083333333,42166.966471,375431.999326,125.113095796,8.690100901,28.690100901,0.265150661,20.000000000,0.000000000000,0.908460870256,90.846087026
2026-04-04T15:00:00Z,2461135.125000000,42166.679036,384107.019621,111.183734149,8.690160597,28.690160597,0.259162217,20.000000000,0.000000000000,0.908460620165,90.846062017
2026-04-04T16:00:00Z,2461135.166666667,42166.174043,393816.157833,97.325687776,8.690265478,28.690265478,0.252772793,20.000000000,0.000000000000,0.908460180773,90.846018077
2026-04-04T17:00:00Z,2461135.208333333,42165.495393,403890.843087,83.728882990,8.690406429,28.690406429,0.246467569,20.000000000,0.000000000000,0.908459590263,90.845959026
2026-04-04T18:00:00Z,2461135.250000000,42164.705833,413688.331991,70.491157919,8.690570422,28.690570422,0.240630379,20.000000000,0.000000000000,0.908458903221,90.845890322
2026-04-04T19:00:00Z,2461135.291666667,42163.902119,422629.335588,57.691952866,8.690737361,28.690737361,0.235539655,20.000000000,0.000000000000,0.908458203831,90.845820383
2026-04-04T20:00:00Z,2461135.333333333,42163.152190,430219.166503,45.468124453,8.690893134,28.690893134,0.231384294,20.000000000,0.011569281171,0.909378205360,90.937820536
2026-04-04T21:00:00Z,2461135.375000000,42162.517538,436062.081988,34.161565216,8.691024967,28.691024967,0.228283895,20.000000000,0.104367618023,0.916762310055,91.676231005
2026-04-04T22:00:00Z,2461135.416666667,42162.046893,439868.701052,24.751800044,8.691122734,28.691122734,0.226308319,20.000000000,0.208975586373,0.925086338081,92.508633808
2026-04-04T23:00:00Z,2461135.458333333,42161.770079,441459.602107,19.865772199,8.691180237,28.691180237,0.225492760,20.000000000,0.267087461673,0.929710493269,92.971049327
2026-04-05T00:00:00Z,2461135.500000000,42161.695433,440766.798874,22.554958803,8.691195744,28.691195744,0.225847195,20.000000000,0.235005337877,0.927157414010,92.715741401
2026-04-05T01:00:00Z,2461135.541666667,42161.811198,437833.960541,30.918371223,8.691171695,28.691171695,0.227360044,20.000000000,0.138677278040,0.919491971322,91.949197132
2026-04-05T02:00:00Z,2461135.583333333,42162.090225,432815.648905,41.743718490,8.691113732,28.691113732,0.229996200,20.000000000,0.035923367214,0.911315317747,91.131531775
2026-04-05T03:00:00Z,2461135.625000000,42162.496668,425975.375385,53.660754749,8.691029302,28.691029302,0.233689478,20.000000000,0.000000000000,0.908456980738,90.845698074
2026-04-05T04:00:00Z,2461135.666666667,42162.998281,417681.785409,66.193031147,8.690925104,28.690925104,0.238329699,20.000000000,0.000000000000,0.908457417278,90.845741728
2026-04-05T05:00:00Z,2461135.708333333,42163.609557,408401.693750,79.152363736,8.690798131,28.690798131,0.243745286,20.000000000,0.000000000000,0.908457949237,90.845794924
2026-04-05T06:00:00Z,2461135.750000000,42164.286504,398687.598302,92.433431552,8.690657520,28.690657520,0.249684221,20.000000000,0.000000000000,0.908458538326,90.845853833
2026-04-05T07:00:00Z,2461135.791666667,42164.968835,389156.602102,105.924466196,8.690515796,28.690515796,0.255799381,20.000000000,0.000000000000,0.908459132077,90.845913208
2026-04-05T08:00:00Z,2461135.833333333,42165.605943,380457.727170,119.431159254,8.690383469,28.690383469,0.261648079,20.000000000,0.000000000000,0.908459686457,90.845968646
2026-04-05T09:00:00Z,2461135.875000000,42166.162408,373225.627413,132.543684904,8.690267894,28.690267894,0.266718145,20.000000000,0.000000000000,0.908460170649,90.846017065
2026-04-05T10:00:00Z,2461135.916666667,42166.618281,368022.078610,144.297701338,8.690173215,28.690173215,0.270489362,20.000000000,0.000000000000,0.908460567303,90.846056730
2026-04-05T11:00:00Z,2461135.958333333,42166.964784,365272.189608,152.335927100,8.690101251,28.690101251,0.272525710,20.000000000,0.000000000000,0.908460868788,90.846086879
2026-04-05T12:00:00Z,2461136.000000000,42167.197613,365208.148114,152.795055221,8.690052897,28.690052897,0.272573499,20.000000000,0.000000000000,0.908461071364,90.846107136
2026-04-05T13:00:00Z,2461136.041666667,42167.308538,367835.619142,145.376740624,8.690029860,28.690029860,0.270626476,20.000000000,0.000000000000,0.908461167876,90.846116788
2026-04-05T14:00:00Z,2461136.083333333,42167.231704,372933.736219,133.907111774,8.690045817,28.690045817,0.266926903,20.000000000,0.000000000000,0.908461101025,90.846110103
2026-04-05T15:00:00Z,2461136.125000000,42166.947752,380087.073978,120.946345829,8.690104789,28.690104789,0.261903234,20.000000000,0.000000000000,0.908460853969,90.846085397
2026-04-05T16:00:00Z,2461136.166666667,42166.492891,388741.531042,107.553357936,8.690199257,28.690199257,0.256072508,20.000000000,0.000000000000,0.908460458202,90.846045820
2026-04-05T17:00:00Z,2461136.208333333,42165.923675,398268.744125,94.176243193,8.690317477,28.690317477,0.249946812,20.000000000,0.000000000000,0.908459962924,90.845996292
2026-04-05T18:00:00Z,2461136.250000000,42165.285003,408025.125983,81.029639741,8.690450127,28.690450127,0.243970241,20.000000000,0.000000000000,0.908459407193,90.845940719
2026-04-05T19:00:00Z,2461136.291666667,42164.596929,417398.135413,68.242147124,8.690593042,28.690593042,0.238491661,20.000000000,0.000000000000,0.908458808455,90.845880845
2026-04-05T20:00:00Z,2461136.333333333,42163.901762,425838.772834,55.939330589,8.690737435,28.690737435,0.233764443,20.000000000,0.000000000000,0.908458203520,90.845820352
2026-04-05T21:00:00Z,2461136.375000000,42163.242813,432883.034806,44.335534697,8.690874310,28.690874310,0.229960397,20.000000000,0.018070802928,0.909895658888,90.989565889
2026-04-05T22:00:00Z,2461136.416666667,42162.661547,438164.430246,33.922954717,8.690995052,28.690995052,0.227188565,20.000000000,0.106809481469,0.916956752701,91.695675270
2026-04-05T23:00:00Z,2461136.458333333,42162.195622,441420.785358,25.933373738,8.691091838,28.691091838,0.225512589,20.000000000,0.195129598128,0.923984638784,92.398463878
2026-04-06T00:00:00Z,2461136.500000000,42161.876796,442497.585965,22.876454636,8.691158068,28.691158068,0.224963811,20.000000000,0.231178568511,0.926853047224,92.685304722
2026-04-06T01:00:00Z,2461136.541666667,42161.728717,441349.309257,26.463089610,8.691188829,28.691188829,0.225549111,20.000000000,0.188969805694,0.923494051726,92.349405173
2026-04-06T02:00:00Z,2461136.583333333,42161.764758,438039.519811,34.718641091,8.691181342,28.691181342,0.227253350,20.000000000,0.098723665134,0.916312523410,91.631252341
2026-04-06T03:00:00Z,2461136.625000000,42161.986200,432739.943645,45.223033278,8.691135341,28.691135341,0.230036437,20.000000000,0.012899015970,0.909483007557,90.948300756
2026-04-06T04:00:00Z,2461136.666666667,42162.381103,425728.219288,56.832997687,8.691053308,28.691053308,0.233825147,20.000000000,0.000000000000,0.908456880164,90.845688016
2026-04-06T05:00:00Z,2461136.708333333,42162.924216,417383.470003,69.087506231,8.690940489,28.690940489,0.238500041,20.000000000,0.000000000000,0.908457352822,90.845735282
2026-04-06T06:00:00Z,2461136.750000000,42163.577887,408178.185328,81.776280896,8.690804709,28.690804709,0.243878756,20.000000000,0.000000000000,0.908457921677,90.845792168
2026-04-06T07:00:00Z,2461136.791666667,42164.291802,398664.173248,94.762966017,8.690656420,28.690656420,0.249698892,20.000000000,0.000000000000,0.908458542936,90.845854294
2026-04-06T08:00:00Z,2461136.833333333,42165.016576,389449.845266,107.893429322,8.690505880,28.690505880,0.255606771,20.000000000,0.000000000000,0.908459173619,90.845917362
2026-04-06T09:00:00Z,2461136.875000000,42165.704116,381165.857537,120.906245747,8.690363078,28.690363078,0.261161985,20.000000000,0.000000000000,0.908459771881,90.845977188
2026-04-06T10:00:00Z,2461136.916666667,42166.308449,374417.975627,133.271028850,8.690237563,28.690237563,0.265868764,20.000000000,0.000000000000,0.908460297720,90.846029772
2026-04-06T11:00:00Z,2461136.958333333,42166.788468,369729.459017,143.812838099,8.690137869,28.690137869,0.269240255,20.000000000,0.000000000000,0.908460715380,90.846071538
2026-04-06T12:00:00Z,2461137.000000000,42167.110581,367480.654586,150.059511666,8.690070972,28.690070972,0.270887887,20.000000000,0.000000000000,0.908460995641,90.846099564
2026-04-06T13:00:00Z,2461137.041666667,42167.251128,367858.525992,149.056333449,8.690041783,28.690041783,0.270609624,20.000000000,0.000000000000,0.908461117925,90.846111793
2026-04-06T14:00:00Z,2461137.083333333,42167.198361,370829.848728,141.402241946,8.690052742,28.690052742,0.268441313,20.000000000,0.000000000000,0.908461072015,90.846107202
2026-04-06T15:00:00Z,2461137.125000000,42166.953764,376146.397862,130.254083804,8.690103540,28.690103540,0.264647068,20.000000000,0.000000000000,0.908460859199,90.846085920
2026-04-06T16:00:00Z,2461137.166666667,42166.532463,383380.483394,117.701014091,8.690191038,28.690191038,0.259653353,20.000000000,0.000000000000,0.908460492634,90.846049263
2026-04-06T17:00:00Z,2461137.208333333,42165.962571,391980.143829,104.696589836,8.690309399,28.690309399,0.253956775,20.000000000,0.000000000000,0.908459996768,90.845999677
2026-04-06T18:00:00Z,2461137.250000000,42165.284909,401329.921102,91.680211846,8.690450147,28.690450147,0.248040311,20.000000000,0.000000000000,0.908459407111,90.845940711
2026-04-06T19:00:00Z,2461137.291666667,42164.548544,410805.736142,78.879673086,8.690603092,28.690603092,0.242318876,20.000000000,0.000000000000,0.908458766351,90.845876635
2026-04-06T20:00:00Z,2461137.333333333,42163.801921,419817.998421,66.446115231,8.690758174,28.690758174,0.237116969,20.000000000,0.000000000000,0.908458116637,90.845811664
2026-04-06T21:00:00Z,2461137.375000000,42163.093393,427841.995497,54.540446468,8.690905348,28.690905348,0.232669915,20.000000000,0.000000000000,0.908457500050,90.845750005
2026-04-06T22:00:00Z,2461137.416666667,42162.468755,434437.443211,43.439471577,8.691035100,28.691035100,0.229137599,20.000000000,0.023816535658,0.910352216135,91.035221614
2026-04-06T23:00:00Z,2461137.458333333,42161.968838,439260.132846,33.749867297,8.691138948,28.691138948,0.226621857,20.000000000,0.108591421125,0.917097952095,91.709795209
2026-04-07T00:00:00Z,2461137.500000000,42161.627212,442068.363883,26.847633181,8.691209916,28.691209916,0.225182238,20.000000000,0.184517588639,0.923139667207,92.313966721
2026-04-07T01:00:00Z,2461137.541666667,42161.468009,442726.176927,25.022565628,8.691242988,28.691242988,0.224847655,20.000000000,0.205792868637,0.924832561638,92.483256164
2026-04-07T02:00:00Z,2461137.583333333,42161.503969,441204.679129,29.212135357,8.691235518,28.691235518,0.225623048,20.000000000,0.157572598407,0.920995345752,92.099534575
2026-04-07T03:00:00Z,2461137.625000000,42161.734936,437582.129335,37.485570596,8.691187537,28.691187537,0.227490892,20.000000000,0.071962888929,0.914182942549,91.418294255
2026-04-07T04:00:00Z,2461137.666666667,42162.147100,432042.920745,47.837599114,8.691101918,28.691101918,0.230407561,20.000000000,0.001595931052,0.908583676670,90.858367667
2026-04-07T05:00:00Z,2461137.708333333,42162.708593,424874.691038,59.274499382,8.690985279,28.690985279,0.234294880,20.000000000,0.000000000000,0.908457165172,90.845716517
2026-04-07T06:00:00Z,2461137.750000000,42163.378626,416463.909572,71.360922296,8.690846099,28.690846099,0.239026657,20.000000000,0.000000000000,0.908457748273,90.845774827
2026-04-07T07:00:00Z,2461137.791666667,42164.117402,407287.681251,83.879146539,8.690692644,28.690692644,0.244411982,20.000000000,0.000000000000,0.908458391172,90.845839117
2026-04-07T08:00:00Z,2461137.833333333,42164.881956,397898.288521,96.673801456,8.690533841,28.690533841,0.250179522,20.000000000,0.000000000000,0.908459056478,90.845905648
2026-04-07T09:00:00Z,2461137.875000000,42165.625928,388898.944435,109.560414439,8.690379318,28.690379318,0.255968857,20.000000000,0.000000000000,0.908459703847,90.845970385
2026-04-07T10:00:00Z,2461137.916666667,42166.300679,380907.973533,122.226435248,8.690239177,28.690239177,0.261338799,20.000000000,0.000000000000,0.908460290960,90.846029096
2026-04-07T11:00:00Z,2461137.958333333,42166.858192,374510.704346,134.049134667,8.690123389,28.690123389,0.265802935,20.000000000,0.000000000000,0.908460776045,90.846077605
2026-04-07T12:00:00Z,2461138.000000000,42167.254979,370202.087942,143.704910291,8.690040983,28.690040983,0.268896519,20.000000000,0.000000000000,0.908461121276,90.846112128
2026-04-07T13:00:00Z,2461138.041666667,42167.456252,368328.202639,148.695717148,8.689999183,28.689999183,0.270264551,20.000000000,0.000000000000,0.908461296394,90.846129639
2026-04-07T14:00:00Z,2461138.083333333,42167.438906,369040.079263,146.683273518,8.690002786,28.690002786,0.269743209,20.000000000,0.000000000000,0.908461281302,90.846128130
2026-04-07T15:00:00Z,2461138.125000000,42167.169669,372276.860253,138.733614248,8.690058700,28.690058700,0.267397895,20.000000000,0.000000000000,0.908461047051,90.846104705
2026-04-07T16:00:00Z,2461138.166666667,42166.664424,377772.155927,127.661532086,8.690163631,28.690163631,0.263508140,20.000000000,0.000000000000,0.908460607452,90.846060745
2026-04-07T17:00:00Z,2461138.208333333,42166.013137,385086.478463,115.288942329,8.690298897,28.690298897,0.258503039,20.000000000,0.000000000000,0.908460040767,90.846004077
2026-04-07T18:00:00Z,2461138.250000000,42165.287211,393667.067080,102.483500698,8.690449669,28.690449669,0.252868525,20.000000000,0.000000000000,0.908459409115,90.845940911
2026-04-07T19:00:00Z,2461138.291666667,42164.499425,402905.346375,89.664158520,8.690613294,28.690613294,0.247070427,20.000000000,0.000000000000,0.908458723608,90.845872361
2026-04-07T20:00:00Z,2461138.333333333,42163.703226,412188.755976,77.059365711,8.690778674,28.690778674,0.241505817,20.000000000,0.000000000000,0.908458030750,90.845803075
2026-04-07T21:00:00Z,2461138.375000000,42162.951371,420942.380576,64.830592797,8.690934849,28.690934849,0.236483601,20.000000000,0.000000000000,0.908457376454,90.845737645
2026-04-07T22:00:00Z,2461138.416666667,42162.291985,428657.467659,53.160473952,8.691071820,28.691071820,0.232227285,20.000000000,0.000000000000,0.908456802606,90.845680261
2026-04-07T23:00:00Z,2461138.458333333,42161.766244,434909.784110,42.369177170,8.691181034,28.691181034,0.228888739,20.000000000,0.031284668995,0.910945899908,91.094589991
2026-04-08T00:00:00Z,2461138.500000000,42161.406703,439370.608195,33.148525875,8.691255723,28.691255723,0.226564875,20.000000000,0.114833900412,0.917594223575,91.759422358
2026-04-08T01:00:00Z,2461138.541666667,42161.236046,441812.866880,26.987430675,8.691291176,28.691291176,0.225312460,20.000000000,0.182904370930,0.923010950977,92.301095098
2026-04-08T02:00:00Z,2461138.583333333,42161.266038,442114.282573,26.051643563,8.691284945,28.691284945,0.225158850,20.000000000,0.193753842711,0.923874350611,92.387435061
2026-04-08T03:00:00Z,2461138.625000000,42161.496590,440258.713087,30.808970427,8.691237051,28.691237051,0.226107838,20.000000000,0.139873772330,0.919586911502,91.958691150
2026-04-08T04:00:00Z,2461138.666666667,42161.907257,436336.252473,39.285723150,8.691151741,28.691151741,0.228140453,20.000000000,0.055866037927,0.912902145819,91.290214582
2026-04-08T05:00:00Z,2461138.708333333,42162.463290,430542.274005,49.686098298,8.691036236,28.691036236,0.231210646,20.000000000,0.000000000000,0.908456951690,90.845695169
2026-04-08T06:00:00Z,2461138.750000000,42163.166687,423174.907913,61.121614366,8.690890123,28.690890123,0.235235987,20.000000000,0.000000000000,0.908457563834,90.845756383
2026-04-08T07:00:00Z,2461138.791666667,42163.944365,414629.673342,73.190492585,8.690728586,28.690728586,0.240084068,20.000000000,0.000000000000,0.908458240594,90.845824059
2026-04-08T08:00:00Z,2461138.833333333,42164.745853,405390.389604,85.682731296,8.690562110,28.690562110,0.245555876,20.000000000,0.000000000000,0.908458938045,90.845893804
2026-04-08T09:00:00Z,2461138.875000000,42165.519281,396013.197216,98.439266774,8.690401468,28.690401468,0.251370427,20.000000000,0.000000000000,0.908459611049,90.845961105
2026-04-08T10:00:00Z,2461138.916666667,42166.213177,387101.433197,111.262212552,8.690257350,28.690257350,0.257157461,20.000000000,0.000000000000,0.908460214824,90.846021482
2026-04-08T11:00:00Z,2461138.958333333,42166.779299,379268.844560,123.809250145,8.690139774,28.690139774,0.262468265,20.000000000,0.000000000000,0.908460707402,90.846070740
2026-04-08T12:00:00Z,2461139.000000000,42167.176095,373090.675597,135.392100612,8.690057366,28.690057366,0.266814621,20.000000000,0.000000000000,0.908461052642,90.846105264
2026-04-08T13:00:00Z,2461139.041666667,42167.372502,369046.145111,144.553830745,8.690016576,28.690016576,0.269738775,20.000000000,0.000000000000,0.908461223527,90.846122353
2026-04-08T14:00:00Z,2461139.083333333,42167.351746,367461.139263,148.679605942,8.690020887,28.690020887,0.270902274,20.000000000,0.000000000000,0.908461205468,90.846120547
2026-04-08T15:00:00Z,2461139.125000000,42167.117422,368464.036969,145.749048345,8.690069551,28.690069551,0.270164918,20.000000000,0.000000000000,0.908461001593,90.846100159
2026-04-08T16:00:00Z,2461139.166666667,42166.685800,371967.055779,137.261550450,8.690159192,28.690159192,0.267620607,20.000000000,0.000000000000,0.908460626050,90.846062605
2026-04-08T17:00:00Z,2461139.208333333,42166.085227,377678.884670,125.961155753,8.690283924,28.690283924,0.263573216,20.000000000,0.000000000000,0.908460103493,90.846010349
2026-04-08T18:00:00Z,2461139.250000000,42165.355986,385144.691073,113.503785498,8.690435384,28.690435384,0.258463968,20.000000000,0.000000000000,0.908459468959,90.845946896
2026-04-08T19:00:00Z,2461139.291666667,42164.547835,393801.981854,100.676361418,8.690603239,28.690603239,0.252781893,20.000000000,0.000000000000,0.908458765734,90.845876573
2026-04-08T20:00:00Z,2461139.333333333,42163.716671,403039.034782,87.863419172,8.690775881,28.690775881,0.246988473,20.000000000,0.000000000000,0.908458042450,90.845804245
2026-04-08T21:00:00Z,2461139.375000000,42162.923289,412246.113480,75.278165782,8.690940682,28.690940682,0.241472215,20.000000000,0.000000000000,0.908457352015,90.845735201
2026-04-08T22:00:00Z,2461139.416666667,42162.222456,420854.668303,63.077771627,8.691086264,28.691086264,0.236532888,20.000000000,0.000000000000,0.908456742095,90.845674209
2026-04-08T23:00:00Z,2461139.458333333,42161.659083,428364.502410,51.450980031,8.691203295,28.691203295,0.232386110,20.000000000,0.000000000000,0.908456251786,90.845625179
2026-04-09T00:00:00Z,2461139.500000000,42161.267730,434361.242579,40.743660505,8.691284594,28.691284594,0.229177797,20.000000000,0.043726512628,0.911935556494,91.193555649
2026-04-09T01:00:00Z,2461139.541666667,42161.071883,438526.781626,31.722490861,8.691325279,28.691325279,0.227000840,20.000000000,0.129961904345,0.918797780469,91.879778047
2026-04-09T02:00:00Z,2461139.583333333,42161.083683,440645.137304,26.037575266,8.691322828,28.691322828,0.225909551,20.000000000,0.193918195641,0.923887270690,92.388727069
2026-04-09T03:00:00Z,2461139.625000000,42161.303561,440605.498016,25.900153217,8.691277150,28.691277150,0.225929875,20.000000000,0.195519387037,0.924014880823,92.401488082
2026-04-09T04:00:00Z,2461139.666666667,42161.717736,438403.526793,31.385925961,8.691191111,28.691191111,0.227064660,20.000000000,0.133593313741,0.919087320956,91.908732096
2026-04-09T05:00:00Z,2461139.708333333,42162.292852,434141.610230,40.314472645,8.691071640,28.691071640,0.229293739,20.000000000,0.047208356310,0.912213524991,91.221352499
2026-04-09T06:00:00Z,2461139.750000000,42162.994507,428027.940576,50.989650233,8.690925888,28.690925888,0.232568838,20.000000000,0.000000000000,0.908457413994,90.845741399
2026-04-09T07:00:00Z,2461139.791666667,42163.783505,420373.364838,62.618398247,8.690761999,28.690761999,0.236803706,20.000000000,0.000000000000,0.908458100611,90.845810061
2026-04-09T08:00:00Z,2461139.833333333,42164.600960,411586.393638,74.846865717,8.690592205,28.690592205,0.241859266,20.000000000,0.000000000000,0.908458811962,90.845881196
2026-04-09T09:00:00Z,2461139.875000000,42165.390805,402163.809024,87.487647630,8.690428152,28.690428152,0.247525995,20.000000000,0.000000000000,0.908459499257,90.845949926
2026-04-09T10:00:00Z,2461139.916666667,42166.101897,392673.921058,100.391671294,8.690280462,28.690280462,0.253508081,20.000000000,0.000000000000,0.908460117998,90.846011800
2026-04-09T11:00:00Z,2461139.958333333,42166.686013,383730.162992,113.361700826,8.690159148,28.690159148,0.259416739,20.000000000,0.000000000000,0.908460626235,90.846062624
2026-04-09T12:00:00Z,2461140.000000000,42167.100759,375952.455228,126.041035719,8.690073012,28.690073012,0.264783592,20.000000000,0.000000000000,0.908460987095,90.846098710
2026-04-09T13:00:00Z,2461140.041666667,42167.313495,369916.100841,137.685282554,8.690028831,28.690028831,0.269104408,20.000000000,0.000000000000,0.908461172188,90.846117219
2026-04-09T14:00:00Z,2461140.083333333,42167.308644,366092.370389,146.660351386,8.690029838,28.690029838,0.271915148,20.000000000,0.000000000000,0.908461167967,90.846116797
2026-04-09T15:00:00Z,2461140.125000000,42167.120680,364790.961660,150.038059887,8.690068875,28.690068875,0.272885225,20.000000000,0.000000000000,0.908461004428,90.846100443
2026-04-09T16:00:00Z,2461140.166666667,42166.770832,366116.204971,145.979945882,8.690141532,28.690141532,0.271897446,20.000000000,0.000000000000,0.908460700035,90.846070003
2026-04-09T17:00:00Z,2461140.208333333,42166.273792,369950.949400,136.614741603,8.690244761,28.690244761,0.269079059,20.000000000,0.000000000000,0.908460267565,90.846026757
2026-04-09T18:00:00Z,2461140.250000000,42165.648245,375973.630375,124.777473993,8.690374683,28.690374683,0.264768679,20.000000000,0.000000000000,0.908459723265,90.845972326
2026-04-09T19:00:00Z,2461140.291666667,42164.919903,383702.653667,111.988664786,8.690525959,28.690525959,0.259435338,20.000000000,0.000000000000,0.908459089498,90.845908950
2026-04-09T20:00:00Z,2461140.333333333,42164.125211,392555.283343,98.939236425,8.690691022,28.690691022,0.253584696,20.000000000,0.000000000000,0.908458397968,90.845839797
2026-04-09T21:00:00Z,2461140.375000000,42163.313177,401907.200456,85.960966260,8.690859694,28.690859694,0.247684036,20.000000000,0.000000000000,0.908457691316,90.845769132
2026-04-09T22:00:00Z,2461140.416666667,42162.524958,411142.928183,73.236982181,8.691023425,28.691023425,0.242120141,20.000000000,0.000000000000,0.908457005359,90.845700536
2026-04-09T23:00:00Z,2461140.458333333,42161.804706,419694.412694,60.905270383,8.691173044,28.691173044,0.237186793,20.000000000,0.000000000000,0.908456378525,90.845637852
2026-04-10T00:00:00Z,2461140.500000000,42161.254014,427066.733509,49.143555464,8.691287443,28.691287443,0.233092288,20.000000000,0.000000000000,0.908455899241,90.845589924
2026-04-10T01:00:00Z,2461140.541666667,42160.954590,432852.268848,38.308167124,8.691349646,28.691349646,0.229976742,20.000000000,0.064467639264,0.913585810367,91.358581037
2026-04-10T02:00:00Z,2461140.583333333,42160.939110,436740.635691,29.250808559,8.691352862,28.691352862,0.227929214,20.000000000,0.157140243376,0.920960448411,92.096044841
2026-04-10T03:00:00Z,2461140.625000000,42161.159685,438526.383836,23.907232778,8.691307039,28.691307039,0.227001046,20.000000000,0.218948196593,0.925879161027,92.587916103
2026-04-10T04:00:00Z,2461140.666666667,42161.580692,438111.260183,24.734380868,8.691219580,28.691219580,0.227216137,20.000000000,0.209181920129,0.925102351857,92.510235186
2026-04-10T05:00:00Z,2461140.708333333,42162.168822,435504.935442,31.263705165,8.691097405,28.691097405,0.228575943,20.000000000,0.134917109636,0.919193057870,91.919305787
2026-04-10T06:00:00Z,2461140.750000000,42162.885278,430825.223908,40.917792916,8.690948578,28.690948578,0.231058795,20.000000000,0.042332899491,0.911826064040,91.182606404
2026-04-10T07:00:00Z,2461140.791666667,42163.687382,424297.070531,52.082908824,8.690781965,28.690781965,0.234613841,20.000000000,0.000000000000,0.908458016963,90.845801696
2026-04-10T08:00:00Z,2461140.833333333,42164.529037,416249.886815,64.082444787,8.690607144,28.690607144,0.239149558,20.000000000,0.000000000000,0.908458749375,90.845874938
2026-04-10T09:00:00Z,2461140.875000000,42165.360827,407112.083224,76.629935823,8.690434379,28.690434379,0.244517403,20.000000000,0.000000000000,0.908459473172,90.845947317
2026-04-10T10:00:00Z,2461140.916666667,42166.130551,397400.895179,89.575933580,8.690274511,28.690274511,0.250492653,20.000000000,0.000000000000,0.908460142930,90.846014293
2026-04-10T11:00:00Z,2461140.958333333,42166.784846,387704.817774,102.794873171,8.690138621,28.690138621,0.256757244,20.000000000,0.000000000000,0.908460712229,90.846071223
2026-04-10T12:00:00Z,2461141.000000000,42167.272370,378655.508262,116.104545682,8.690037371,28.690037371,0.262893407,20.000000000,0.000000000000,0.908461136407,90.846113641
2026-04-10T13:00:00Z,2461141.041666667,42167.534353,370886.765395,129.149795304,8.689982963,28.689982963,0.268400117,20.000000000,0.000000000000,0.908461364346,90.846136435
2026-04-10T14:00:00Z,2461141.083333333,42167.531462,364980.143917,141.134817839,8.689983564,28.689983564,0.272743778,20.000000000,0.000000000000,0.908461361830,90.846136183
2026-04-10T15:00:00Z,2461141.125000000,42167.272155,361401.983947,150.155026750,8.690037416,28.690037416,0.275444173,20.000000000,0.000000000000,0.908461136220,90.846113622
2026-04-10T16:00:00Z,2461141.166666667,42166.804990,360443.465268,152.642314670,8.690134438,28.690134438,0.276176661,20.000000000,0.000000000000,0.908460729755,90.846072976
2026-04-10T17:00:00Z,2461141.208333333,42166.199391,362178.421975,146.986456527,8.690260213,28.690260213,0.274853672,20.000000000,0.000000000000,0.908460202829,90.846020283
2026-04-10T18:00:00Z,2461141.250000000,42165.484805,366451.715199,136.361052437,8.690408629,28.690408629,0.271648504,20.000000000,0.000000000000,0.908459581050,90.845958105
2026-04-10T19:00:00Z,2461141.291666667,42164.676125,372902.191739,123.727836369,8.690576593,28.690576593,0.266949483,20.000000000,0.000000000000,0.908458877369,90.845887737
2026-04-10T20:00:00Z,2461141.333333333,42163.829394,381012.497739,110.419659996,8.690752467,28.690752467,0.261267105,20.000000000,0.000000000000,0.908458140545,90.845814054
2026-04-10T21:00:00Z,2461141.375000000,42163.003662,390171.394548,96.998867672,8.690923987,28.690923987,0.255134071,20.000000000,0.000000000000,0.908457421960,90.845742196
2026-04-10T22:00:00Z,2461141.416666667,42162.256506,399734.668090,83.725271160,8.691079190,28.691079190,0.249030191,20.000000000,0.000000000000,0.908456771728,90.845677173
2026-04-10T23:00:00Z,2461141.458333333,42161.639734,409075.521630,70.737804952,8.691207314,28.691207314,0.243343787,20.000000000,0.000000000000,0.908456234946,90.845623495
2026-04-11T00:00:00Z,2461141.500000000,42161.195638,417621.418109,58.143608014,8.691299570,28.691299570,0.238364150,20.000000000,0.000000000000,0.908455848434,90.845584843
2026-04-11T01:00:00Z,2461141.541666667,42160.954061,424878.502712,46.097538016,8.691349756,28.691349756,0.234292778,20.000000000,0.008380440389,0.909122532434,90.912253243
2026-04-11T02:00:00Z,2461141.583333333,42160.930433,430446.535265,34.949741838,8.691354664,28.691354664,0.231262072,20.000000000,0.096407115739,0.916127452122,91.612745212
2026-04-11T03:00:00Z,2461141.625000000,42161.124887,434027.408952,25.650144402,8.691314268,28.691314268,0.229354071,20.000000000,0.198439007815,0.924247061355,92.424706135
2026-04-11T04:00:00Z,2461141.666666667,42161.522535,435429.718167,20.649633222,8.691231661,28.691231661,0.228615428,20.000000000,0.257736750695,0.928966171890,92.896617189
2026-04-11T05:00:00Z,2461141.708333333,42162.094725,434571.067825,22.890050310,8.691112797,28.691112797,0.229067142,20.000000000,0.231016260497,0.926840320827,92.684032083
2026-04-11T06:00:00Z,2461141.750000000,42162.798979,431479.287315,30.867285986,8.690966504,28.690966504,0.230708540,20.000000000,0.139232897257,0.919537045752,91.953704575
2026-04-11T07:00:00Z,2461141.791666667,42163.586142,426291.930880,41.478447907,8.690802994,28.690802994,0.233515945,20.000000000,0.037945659349,0.911477548488,91.147754849
2026-04-11T08:00:00Z,2461141.833333333,42164.403977,419255.535481,53.288604464,8.690633120,28.690633120,0.237435082,20.000000000,0.000000000000,0.908458640550,90.845864055
2026-04-11T09:00:00Z,2461141.875000000,42165.198888,410723.320746,65.784978471,8.690468013,28.690468013,0.242367499,20.000000000,0.000000000000,0.908459332260,90.845933226
2026-04-11T10:00:00Z,2461141.916666667,42165.918234,401149.732614,78.769655856,8.690318607,28.690318607,0.248151726,20.000000000,0.000000000000,0.908459958190,90.845995819
2026-04-11T11:00:00Z,2461141.958333333,42166.512781,391079.747414,92.143704523,8.690195126,28.690195126,0.254541473,20.000000000,0.000000000000,0.908460475509,90.846047551
2026-04-11T12:00:00Z,2461142.000000000,42166.939683,381129.879293,105.816052296,8.690106464,28.690106464,0.261186639,20.000000000,0.000000000000,0.908460846948,90.846084695
2026-04-11T13:00:00Z,2461142.041666667,42167.167811,371957.376217,119.633278044,8.690059086,28.690059086,0.267627572,20.000000000,0.000000000000,0.908461045435,90.846104543
2026-04-11T14:00:00Z,2461142.083333333,42167.189281,364215.843658,133.261106692,8.690054627,28.690054627,0.273316130,20.000000000,0.000000000000,0.908461064115,90.846106412
2026-04-11T15:00:00Z,2461142.125000000,42167.009058,358494.866571,145.866024720,8.690092056,28.690092056,0.277677831,20.000000000,0.000000000000,0.908460907310,90.846090731
2026-04-11T16:00:00Z,2461142.166666667,42166.636359,355252.221889,155.116527402,8.690169460,28.690169460,0.280212418,20.000000000,0.000000000000,0.908460583033,90.846058303
2026-04-11T17:00:00Z,2461142.208333333,42166.083758,354752.366077,156.191407490,8.690284229,28.690284229,0.280607248,20.000000000,0.000000000000,0.908460102215,90.846010221
2026-04-11T18:00:00Z,2461142.250000000,42165.392842,357027.957067,148.197266302,8.690427729,28.690427729,0.278818726,20.000000000,0.000000000000,0.908459501029,90.845950103
2026-04-11T19:00:00Z,2461142.291666667,42164.621225,361873.684923,135.969364120,8.690587996,28.690587996,0.275085130,20.000000000,0.000000000000,0.908458829597,90.845882960
2026-04-11T20:00:00Z,2461142.333333333,42163.814569,368876.006098,122.379582120,8.690755547,28.690755547,0.269863189,20.000000000,0.000000000000,0.908458127643,90.845812764
2026-04-11T21:00:00Z,2461142.375000000,42163.018546,377471.101477,108.456748604,8.690920895,28.690920895,0.263718304,20.000000000,0.000000000000,0.908457434914,90.845743491
2026-04-11T22:00:00Z,2461142.416666667,42162.278270,387012.160382,94.597980699,8.691074669,28.691074669,0.257216780,20.000000000,0.000000000000,0.908456790669,90.845679067
2026-04-11T23:00:00Z,2461142.458333333,42161.637680,396831.949368,80.974843971,8.691207741,28.691207741,0.250851791,20.000000000,0.000000000000,0.908456233159,90.845623316
2026-04-12T00:00:00Z,2461142.500000000,42161.138306,406292.425059,67.670855234,8.691311480,28.691311480,0.245010698,20.000000000,0.000000000000,0.908455798535,90.845579854
2026-04-12T01:00:00Z,2461142.541666667,42160.817013,414819.569599,54.749519476,8.691378226,28.691378226,0.239974161,20.000000000,0.000000000000,0.908455518897,90.845551890
2026-04-12T02:00:00Z,2461142.583333333,42160.702709,421925.558262,42.322978649,8.691401972,28.691401972,0.235932540,20.000000000,0.031622333169,0.910971844729,91.097184473
2026-04-12T03:00:00Z,2461142.625000000,42160.812382,427221.733634,30.705854339,8.691379188,28.691379188,0.233007719,20.000000000,0.141004568804,0.919676301928,91.967630193
2026-04-12T04:00:00Z,2461142.666666667,42161.147276,430425.654750,20.955619267,8.691309617,28.691309617,0.231273291,20.000000000,0.254084911128,0.928675241128,92.867524113
2026-04-12T05:00:00Z,2461142.708333333,42161.695654,431364.670827,16.498342877,8.691195698,28.691195698,0.230769841,20.000000000,0.306790235544,0.932869874854,93.286987485
2026-04-12T06:00:00Z,2461142.750000000,42162.457775,429977.597274,20.971620142,8.691037381,28.691037381,0.231514290,20.000000000,0.253890263642,0.928660892121,92.866089212
2026-04-12T07:00:00Z,2461142.791666667,42163.358453,426315.543851,30.750671661,8.690850289,28.690850289,0.233503010,20.000000000,0.140507269484,0.919638943957,91.963894396
2026-04-12T08:00:00Z,2461142.833333333,42164.294350,420541.871627,42.416251367,8.690655890,28.690655890,0.236708821,20.000000000,0.030939492213,0.910920631714,91.092063171
2026-04-12T09:00:00Z,2461142.875000000,42165.169623,412931.171148,54.916911128,8.690474092,28.690474092,0.241071607,20.000000000,0.000000000000,0.908459306795,90.845930680
2026-04-12T10:00:00Z,2461142.916666667,42165.915151,403866.547350,67.946668175,8.690319248,28.690319248,0.246482396,20.000000000,0.000000000000,0.908459955507,90.845995551
2026-04-12T11:00:00Z,2461142.958333333,42166.495524,393833.704113,81.406635162,8.690198710,28.690198710,0.252761532,20.000000000,0.000000000000,0.908460460493,90.846046049
2026-04-12T12:00:00Z,2461143.000000000,42166.902349,383409.366079,95.254095555,8.690114218,28.690114218,0.259633793,20.000000000,0.000000000000,0.908460814465,90.846081446
2026-04-12T13:00:00Z,2461143.041666667,42167.124336,373240.756138,109.439398388,8.690068115,28.690068115,0.266707334,20.000000000,0.000000000000,0.908461007608,90.846100761
2026-04-12T14:00:00Z,2461143.083333333,42167.146447,364011.111431,123.851927755,8.690063523,28.690063523,0.273469853,20.000000000,0.000000000000,0.908461026847,90.846102685
2026-04-12T15:00:00Z,2461143.125000000,42166.970628,356390.091108,138.213072436,8.690100038,28.690100038,0.279317759,20.000000000,0.000000000000,0.908460873873,90.846087387
2026-04-12T16:00:00Z,2461143.166666667,42166.613005,350969.398007,151.712925484,8.690174311,28.690174311,0.283631834,20.000000000,0.000000000000,0.908460562712,90.846056271
2026-04-12T17:00:00Z,2461143.208333333,42166.100619,348190.974268,161.369131904,8.690280727,28.690280727,0.285895120,20.000000000,0.000000000000,0.908460116886,90.846011689
2026-04-12T18:00:00Z,2461143.250000000,42165.465706,348283.148845,159.880519231,8.690412595,28.690412595,0.285819456,20.000000000,0.000000000000,0.908459564431,90.845956443
2026-04-12T19:00:00Z,2461143.291666667,42164.748475,351224.155819,148.816149710,8.690561565,28.690561565,0.283426102,20.000000000,0.000000000000,0.908458940327,90.845894033
2026-04-12T20:00:00Z,2461143.333333333,42163.996544,356745.477470,134.931948364,8.690717748,28.690717748,0.279039503,20.000000000,0.000000000000,0.908458286001,90.845828600
2026-04-12T21:00:00Z,2461143.375000000,42163.259854,364373.026646,120.431756206,8.690870770,28.690870770,0.273198226,20.000000000,0.000000000000,0.908457644912,90.845764491
2026-04-12T22:00:00Z,2461143.416666667,42162.587723,373492.913961,105.941197698,8.691010387,28.691010387,0.266527269,20.000000000,0.000000000000,0.908457059982,90.845705998
2026-04-12T23:00:00Z,2461143.458333333,42162.025788,383423.197655,91.682637158,8.691127118,28.691127118,0.259624427,20.000000000,0.000000000000,0.908456570934,90.845657093
2026-04-13T00:00:00Z,2461143.500000000,42161.612902,393477.025023,77.738903286,8.691212888,28.691212888,0.252990656,20.000000000,0.000000000000,0.908456211593,90.845621159
2026-04-13T01:00:00Z,2461143.541666667,42161.378217,403010.307597,64.136333770,8.691261641,28.691261641,0.247006079,20.000000000,0.000000000000,0.908456007340,90.845600734
2026-04-13T02:00:00Z,2461143.583333333,42161.343764,411453.740166,50.888226669,8.691268798,28.691268798,0.241937242,20.000000000,0.000000000000,0.908455977354,90.845597735
2026-04-13T03:00:00Z,2461143.625000000,42161.528406,418331.853334,38.045301188,8.691230441,28.691230441,0.237959344,20.000000000,0.066837184460,0.913774872199,91.377487220
2026-04-13T04:00:00Z,2461143.666666667,42161.884236,423273.194986,25.834974905,8.691156523,28.691156523,0.235181363,20.000000000,0.196278239667,0.924075773773,92.407577377
2026-04-13T05:00:00Z,2461143.708333333,42162.379192,426017.712966,15.352168175,8.691053705,28.691053705,0.233666254,20.000000000,0.319914684429,0.933914880198,93.391488020
2026-04-13T06:00:00Z,2461143.750000000,42162.999364,426417.425851,12.022767564,8.690924880,28.690924880,0.233447220,20.000000000,0.355324012168,0.936733204688,93.673320469
2026-04-13T07:00:00Z,2461143.791666667,42163.701418,424437.688431,19.818992578,8.690779050,28.690779050,0.234536112,20.000000000,0.267639706237,0.929756120284,92.975612028
2026-04-13T08:00:00Z,2461143.833333333,42164.436188,420157.696638,31.395630321,8.690626429,28.690626429,0.236925259,20.000000000,0.133481596770,0.919080796549,91.908079655
2026-04-13T09:00:00Z,2461143.875000000,42165.152816,413770.311090,43.989732002,8.690477582,28.690477582,0.240582703,20.000000000,0.020226621349,0.910068875556,91.006887556
2026-04-13T10:00:00Z,2461143.916666667,42165.802311,405581.050033,57.092689696,8.690342684,28.690342684,0.245440441,20.000000000,0.000000000000,0.908459857323,90.845985732
2026-04-13T11:00:00Z,2461143.958333333,42166.340864,396005.283329,70.598581699,8.690230831,28.690230831,0.251375451,20.000000000,0.000000000000,0.908460325925,90.846032592
2026-04-13T12:00:00Z,2461144.000000000,42166.732703,385561.826129,84.495590026,8.690149451,28.690149451,0.258184336,20.000000000,0.000000000000,0.908460666860,90.846066686
2026-04-13T13:00:00Z,2461144.041666667,42166.952304,374860.064974,98.790555436,8.690103843,28.690103843,0.265555211,20.000000000,0.000000000000,0.908460857930,90.846085793
2026-04-13T14:00:00Z,2461144.083333333,42166.985878,364576.681477,113.474625012,8.690096870,28.690096870,0.273045615,20.000000000,0.000000000000,0.908460887142,90.846088714
2026-04-13T15:00:00Z,2461144.125000000,42166.832053,355417.662218,128.488481555,8.690128817,28.690128817,0.280081983,20.000000000,0.000000000000,0.908460753303,90.846075330
2026-04-13T16:00:00Z,2461144.166666667,42166.501775,348062.867529,143.647646927,8.690197411,28.690197411,0.286000346,20.000000000,0.000000000000,0.908460465933,90.846046593
2026-04-13T17:00:00Z,2461144.208333333,42166.017463,343095.341662,158.316070565,8.690297998,28.690297998,0.290141254,20.000000000,0.000000000000,0.908460044531,90.846004453
2026-04-13T18:00:00Z,2461144.250000000,42165.411492,340925.692011,168.597120894,8.690423856,28.690423856,0.291987728,20.000000000,0.000000000000,0.908459517257,90.845951726
2026-04-13T19:00:00Z,2461144.291666667,42164.724106,341729.786019,162.254490880,8.690566627,28.690566627,0.291300672,20.000000000,0.000000000000,0.908458919122,90.845891912
2026-04-13T20:00:00Z,2461144.333333333,42164.000881,345419.421858,148.080659976,8.690716847,28.690716847,0.288189085,20.000000000,0.000000000000,0.908458289775,90.845828978
2026-04-13T21:00:00Z,2461144.375000000,42163.289857,351656.530722,132.908216879,8.690864538,28.690864538,0.283077616,20.000000000,0.000000000000,0.908457671022,90.845767102
2026-04-13T22:00:00Z,2461144.416666667,42162.638279,359905.769908,117.752891337,8.690999886,28.690999886,0.276589269,20.000000000,0.000000000000,0.908457103980,90.845710398
2026-04-13T23:00:00Z,2461144.458333333,42162.088878,369507.919780,102.872604517,8.691114012,28.691114012,0.269401679,20.000000000,0.000000000000,0.908456625842,90.845662584
2026-04-14T00:00:00Z,2461144.500000000,42161.687574,379754.263838,88.349705765,8.691197376,28.691197376,0.262132763,20.000000000,0.000000000000,0.908456276582,90.845627658
2026-04-14T01:00:00Z,2461144.541666667,42161.468130,389948.319140,74.196406613,8.691242963,28.691242963,0.255280025,20.000000000,0.000000000000,0.908456085595,90.845608559
2026-04-14T02:00:00Z,2461144.583333333,42161.443176,399450.040722,60.391311245,8.691248147,28.691248147,0.249207638,20.000000000,0.000000000000,0.908456063876,90.845606388
2026-04-14T03:00:00Z,2461144.625000000,42161.605162,407703.916476,46.900939012,8.691214496,28.691214496,0.244162454,20.000000000,0.004825221585,0.908840183791,90.884018379
2026-04-14T04:00:00Z,2461144.666666667,42161.947578,414255.049464,33.704048733,8.691143364,28.691143364,0.240301185,20.000000000,0.109063973854,0.917135538144,91.713553814
2026-04-14T05:00:00Z,2461144.708333333,42162.439688,418757.325886,20.865893230,8.691041138,28.691041138,0.237717568,20.000000000,0.255152547574,0.928761325744,92.876132574
2026-04-14T06:00:00Z,2461144.750000000,42163.045363,420977.288063,9.178330147,8.690915325,28.690915325,0.236463992,20.000000000,0.377419129481,0.938491518288,93.849151829
2026-04-14T07:00:00Z,2461144.791666667,42163.722398,420795.685988,8.698478081,8.690774692,28.690774692,0.236566043,20.000000000,0.378919360627,0.938611492073,93.861149207
2026-04-14T08:00:00Z,2461144.833333333,42164.414567,418207.732558,20.240238825,8.690630920,28.690630920,0.238029969,20.000000000,0.262614505206,0.929356848081,92.935684808
2026-04-14T09:00:00Z,2461144.875000000,42165.081605,413323.113582,33.063987074,8.690492373,28.690492373,0.240843004,20.000000000,0.115709472419,0.917667097455,91.766709745
2026-04-14T10:00:00Z,2461144.916666667,42165.695163,406365.641617,46.264787130,8.690364938,28.690364938,0.244966553,20.000000000,0.007584923379,0.909063353115,90.906335311
2026-04-14T11:00:00Z,2461144.958333333,42166.228798,397672.098882,59.771480516,8.690254106,28.690254106,0.250321821,20.000000000,0.000000000000,0.908460228416,90.846022842
2026-04-14T12:00:00Z,2461145.000000000,42166.649010,387689.099824,73.609677482,8.690166833,28.690166833,0.256767654,20.000000000,0.000000000000,0.908460594040,90.846059404
2026-04-14T13:00:00Z,2461145.041666667,42166.908434,376965.850894,87.822618207,8.690112954,28.690112954,0.264071771,20.000000000,0.000000000000,0.908460819759,90.846081976
2026-04-14T14:00:00Z,2461145.083333333,42166.995100,366139.633769,102.448675169,8.690094955,28.690094955,0.271880047,20.000000000,0.000000000000,0.908460895165,90.846089517
2026-04-14T15:00:00Z,2461145.125000000,42166.927069,355909.523783,117.506517525,8.690109084,28.690109084,0.279694911,20.000000000,0.000000000000,0.908460835973,90.846083597
2026-04-14T16:00:00Z,2461145.166666667,42166.700623,346993.621453,132.979661085,8.690156113,28.690156113,0.286881652,20.000000000,0.000000000000,0.908460638948,90.846063895
2026-04-14T17:00:00Z,2461145.208333333,42166.309953,340068.152261,148.792869378,8.690237251,28.690237251,0.292724031,20.000000000,0.000000000000,0.908460299029,90.846029903
2026-04-14T18:00:00Z,2461145.250000000,42165.787652,335692.258994,164.712308973,8.690345728,28.690345728,0.296539849,20.000000000,0.000000000000,0.908459844567,90.845984457
2026-04-14T19:00:00Z,2461145.291666667,42165.179421,334230.805203,175.772360597,8.690472057,28.690472057,0.297836507,20.000000000,0.000000000000,0.908459315321,90.845931532
2026-04-14T20:00:00Z,2461145.333333333,42164.538233,335796.307741,161.687142707,8.690605234,28.690605234,0.296447963,20.000000000,0.000000000000,0.908458757378,90.845875738
2026-04-14T21:00:00Z,2461145.375000000,42163.918012,340229.508318,145.730800385,8.690734060,28.690734060,0.292585204,20.000000000,0.000000000000,0.908458217662,90.845821766
2026-04-14T22:00:00Z,2461145.416666667,42163.367537,347125.909165,129.945757081,8.690848402,28.690848402,0.286772322,20.000000000,0.000000000000,0.908457738623,90.845773862
2026-04-14T23:00:00Z,2461145.458333333,42162.925557,355898.530483,114.514497425,8.690940211,28.690940211,0.279703551,20.000000000,0.000000000000,0.908457353989,90.845735399
2026-04-15T00:00:00Z,2461145.500000000,42162.617803,365856.321237,99.499424732,8.691004139,28.691004139,0.272090588,20.000000000,0.000000000000,0.908457086160,90.845708616
2026-04-15T01:00:00Z,2461145.541666667,42162.456176,376278.303247,84.908459163,8.691037713,28.691037713,0.264554294,20.000000000,0.000000000000,0.908456945499,90.845694550
2026-04-15T02:00:00Z,2461145.583333333,42162.439958,386471.831138,70.715005619,8.691041082,28.691041082,0.257576399,20.000000000,0.000000000000,0.908456931385,90.845693138
2026-04-15T03:00:00Z,2461145.625000000,42162.558483,395812.300026,56.871175921,8.691016461,28.691016461,0.251498013,20.000000000,0.000000000000,0.908457034535,90.845703453
2026-04-15T04:00:00Z,2461145.666666667,42162.794486,403767.136197,43.317259387,8.690967438,28.690967438,0.246543083,20.000000000,0.024636757048,0.910417770755,91.041777075
2026-04-15T05:00:00Z,2461145.708333333,42163.127295,409908.718335,29.987928813,8.690898305,28.690898305,0.242849154,20.000000000,0.148914039343,0.920307732281,92.030773228
2026-04-15T06:00:00Z,2461145.750000000,42163.536403,413920.492332,16.815842012,8.690813326,28.690813326,0.240495413,20.000000000,0.303101029119,0.932577899097,93.257789910
2026-04-15T07:00:00Z,2461145.791666667,42163.995511,415599.382110,3.734050179,8.690717962,28.690717962,0.239523882,20.000000000,0.378922438992,0.938611974709,93.861197471
2026-04-15T08:00:00Z,2461145.833333333,42164.470865,414856.453011,9.328936152,8.690619227,28.690619227,0.239952826,20.000000000,0.376686713877,0.938434475010,93.843447501
2026-04-15T09:00:00Z,2461145.875000000,42164.932688,411716.923979,22.435691668,8.690523303,28.690523303,0.241782586,20.000000000,0.236416934434,0.927272562497,92.727256250
2026-04-15T10:00:00Z,2461145.916666667,42165.355975,406319.929372,35.656591864,8.690435386,28.690435386,0.244994113,20.000000000,0.089395972798,0.915573374431,91.557337443
2026-04-15T11:00:00Z,2461145.958333333,42165.718819,398917.962703,49.059639309,8.690360025,28.690360025,0.249540034,20.000000000,0.000000000000,0.908459784674,90.845978467
2026-04-15T12:00:00Z,2461146.000000000,42165.999591,389875.366137,62.712372716,8.690301710,28.690301710,0.255327793,20.000000000,0.000000000000,0.908460028980,90.846002898
2026-04-15T13:00:00Z,2461146.041666667,42166.133897,379664.426373,76.679546046,8.690273816,28.690273816,0.262194791,20.000000000,0.000000000000,0.908460145841,90.846014584
2026-04-15T14:00:00Z,2461146.083333333,42166.161651,368857.172718,91.018306417,8.690268052,28.690268052,0.269876968,20.000000000,0.000000000000,0.908460169990,90.846016999
2026-04-15T15:00:00Z,2461146.125000000,42166.081918,358108.456497,105.770977995,8.690284611,28.690284611,0.277977456,20.000000000,0.000000000000,0.908460100614,90.846010061
2026-04-15T16:00:00Z,2461146.166666667,42165.877313,348126.469508,120.954107503,8.690327106,28.690327106,0.285948094,20.000000000,0.000000000000,0.908459922583,90.845992258
2026-04-15T17:00:00Z,2461146.208333333,42165.562560,339626.162667,136.543127073,8.690392479,28.690392479,0.293104986,20.000000000,0.000000000000,0.908459648708,90.845964871
2026-04-15T18:00:00Z,2461146.250000000,42165.161358,333264.014326,152.445481166,8.690475808,28.690475808,0.298700532,20.000000000,0.000000000000,0.908459299603,90.845929960
2026-04-15T19:00:00Z,2461146.291666667,42164.704231,329560.159518,168.336568768,8.690570755,28.690570755,0.302057593,20.000000000,0.000000000000,0.908458901827,90.845890183
2026-04-15T20:00:00Z,2461146.333333333,42164.225711,328823.258371,173.493734283,8.690670147,28.690670147,0.302734518,20.000000000,0.000000000000,0.908458485424,90.845848542
2026-04-15T21:00:00Z,2461146.375000000,42163.761203,331099.881670,158.051313302,8.690766631,28.690766631,0.300652914,20.000000000,0.000000000000,0.908458081204,90.845808120
2026-04-15T22:00:00Z,2461146.416666667,42163.343920,336166.357281,142.093006453,8.690853308,28.690853308,0.296121632,20.000000000,0.000000000000,0.908457718070,90.845771807
2026-04-15T23:00:00Z,2461146.458333333,42163.002225,343566.281056,126.390210613,8.690924285,28.690924285,0.289743543,20.000000000,0.000000000000,0.908457420710,90.845742071
2026-04-16T00:00:00Z,2461146.500000000,42162.757664,352680.006704,111.078466077,8.690975086,28.690975086,0.282256119,20.000000000,0.000000000000,0.908457207877,90.845720788
2026-04-16T01:00:00Z,2461146.541666667,42162.623818,362804.212197,96.204494212,8.691002890,28.691002890,0.274379581,20.000000000,0.000000000000,0.908457091395,90.845709139
2026-04-16T02:00:00Z,2461146.583333333,42162.605982,373222.991952,81.767856521,8.691006595,28.691006595,0.266720028,20.000000000,0.000000000000,0.908457075872,90.845707587
2026-04-16T03:00:00Z,2461146.625000000,42162.701571,383261.265808,67.739380128,8.690986738,28.690986738,0.259734122,20.000000000,0.000000000000,0.908457159061,90.845715906
2026-04-16T04:00:00Z,2461146.666666667,42162.901048,392319.748695,54.076052086,8.690945302,28.690945302,0.253736940,20.000000000,0.000000000000,0.908457332660,90.845733266
2026-04-16T05:00:00Z,2461146.708333333,42163.189207,399895.230446,40.737121367,8.690885445,28.690885445,0.248930202,20.000000000,0.043775657778,0.911941139593,91.194113959
2026-04-16T06:00:00Z,2461146.750000000,42163.546761,405590.962070,27.717467836,8.690811174,28.690811174,0.245434443,20.000000000,0.174509023272,0.922344881424,92.234488142
2026-04-16T07:00:00Z,2461146.791666667,42163.946571,409121.182547,15.216648207,8.690728128,28.690728128,0.243316628,20.000000000,0.321441177155,0.934037718643,93.403771864
2026-04-16T08:00:00Z,2461146.833333333,42164.358291,410312.622008,6.141870199,8.690642609,28.690642609,0.242610096,20.000000000,0.378922438992,0.938612290401,93.861229040
2026-04-16T09:00:00Z,2461146.875000000,42164.752489,409104.654546,13.498169158,8.690560732,28.690560732,0.243326458,20.000000000,0.340300982210,0.935539235548,93.553923555
2026-04-16T10:00:00Z,2461146.916666667,42165.102957,405548.984425,25.832999232,8.690487938,28.690487938,0.245459847,20.000000000,0.196292664753,0.924079722729,92.407972273
2026-04-16T11:00:00Z,2461146.958333333,42165.388169,399809.162262,38.761481968,8.690428700,28.690428700,0.248983790,20.000000000,0.060427903974,0.913268196772,91.326819677
2026-04-16T12:00:00Z,2461147.000000000,42165.591880,392159.725512,51.998073048,8.690386389,28.690386389,0.253840480,20.000000000,0.000000000000,0.908459674220,90.845967422
2026-04-16T13:00:00Z,2461147.041666667,42165.703118,382984.199672,65.532701942,8.690363286,28.690363286,0.259922025,20.000000000,0.000000000000,0.908459771012,90.845977101
2026-04-16T14:00:00Z,2461147.083333333,42165.715899,372770.442487,79.398291679,8.690360631,28.690360631,0.267043833,20.000000000,0.000000000000,0.908459782133,90.845978213
2026-04-16T15:00:00Z,2461147.125000000,42165.629022,362100.787713,93.629081858,8.690378675,28.690378675,0.274912601,20.000000000,0.000000000000,0.908459706539,90.845970654
2026-04-16T16:00:00Z,2461147.166666667,42165.412401,351633.160720,108.239696397,8.690423667,28.690423667,0.283096430,20.000000000,0.000000000000,0.908459518048,90.845951805
2026-04-16T17:00:00Z,2461147.208333333,42165.125255,342069.127464,123.198946116,8.690483307,28.690483307,0.291011691,20.000000000,0.000000000000,0.908459268188,90.845926819
2026-04-16T18:00:00Z,2461147.250000000,42164.791293,334103.957114,138.376948683,8.690552672,28.690552672,0.297949587,20.000000000,0.000000000000,0.908458977586,90.845897759
2026-04-16T19:00:00Z,2461147.291666667,42164.410876,328359.602675,153.354553749,8.690631687,28.690631687,0.303161994,20.000000000,0.000000000000,0.908458646554,90.845864655
2026-04-16T20:00:00Z,2461147.333333333,42164.007688,325307.982427,166.092283341,8.690715433,28.690715433,0.306005896,20.000000000,0.000000000000,0.908458295699,90.845829570
2026-04-16T21:00:00Z,2461147.375000000,42163.607644,325201.044705,165.786770378,8.690798528,28.690798528,0.306106522,20.000000000,0.000000000000,0.908457947572,90.845794757
2026-04-16T22:00:00Z,2461147.416666667,42163.237564,328029.169598,152.897303540,8.690875400,28.690875400,0.303467380,20.000000000,0.000000000000,0.908457625514,90.845762551
2026-04-16T23:00:00Z,2461147.458333333,42162.923441,333522.918148,137.934333048,8.690940650,28.690940650,0.298468657,20.000000000,0.000000000000,0.908457352147,90.845735215
2026-04-17T00:00:00Z,2461147.500000000,42162.688376,341197.582161,122.814615257,8.690989479,28.690989479,0.291755050,20.000000000,0.000000000000,0.908457147578,90.845714758
2026-04-17T01:00:00Z,2461147.541666667,42162.550422,350424.692760,107.942791783,8.691018136,28.691018136,0.284072719,20.000000000,0.000000000000,0.908457027520,90.845702752
2026-04-17T02:00:00Z,2461147.583333333,42162.520649,360509.103946,93.448606952,8.691024320,28.691024320,0.276126377,20.000000000,0.000000000000,0.908457001609,90.845700161
2026-04-17T03:00:00Z,2461147.625000000,42162.601795,370755.267850,79.369421420,8.691007464,28.691007464,0.268495313,20.000000000,0.000000000000,0.908457072228,90.845707223
2026-04-17T04:00:00Z,2461147.666666667,42162.780995,380515.669599,65.704971955,8.690970240,28.690970240,0.261608236,20.000000000,0.000000000000,0.908457228181,90.845722818
2026-04-17T05:00:00Z,2461147.708333333,42163.040353,389221.691002,52.450520959,8.690916365,28.690916365,0.255756604,20.000000000,0.000000000000,0.908457453891,90.845745389
2026-04-17T06:00:00Z,2461147.750000000,42163.367562,396401.084042,39.639985022,8.690848397,28.690848397,0.251124455,20.000000000,0.052834924487,0.912662208344,91.266220834
2026-04-17T07:00:00Z,2461147.791666667,42163.746810,401686.777451,27.463841144,8.690769621,28.690769621,0.247819952,20.000000000,0.177415135233,0.922576316554,92.257631655
2026-04-17T08:00:00Z,2461147.833333333,42164.158278,404820.520491,16.819629963,8.690684154,28.690684154,0.245901549,20.000000000,0.303055305916,0.932574801727,93.257480173
2026-04-17T09:00:00Z,2461147.875000000,42164.578018,405653.921148,12.125550401,8.690596970,28.690596970,0.245396350,20.000000000,0.354323295990,0.936654944003,93.665494400
2026-04-17T10:00:00Z,2461147.916666667,42164.978524,404148.351416,18.521573563,8.690513783,28.690513783,0.246310528,20.000000000,0.283056399436,0.930984053080,93.098405308
2026-04-17T11:00:00Z,2461147.958333333,42165.330204,400374.448600,29.560776344,8.690440739,28.690440739,0.248632249,20.000000000,0.153661053064,0.920687404603,92.068740460
2026-04-17T12:00:00Z,2461148.000000000,42165.603703,394511.397307,41.817058083,8.690383934,28.690383934,0.252327334,20.000000000,0.035363768748,0.911273843809,91.127384381
2026-04-17T13:00:00Z,2461148.041666667,42165.772844,386845.697054,54.616967654,8.690348804,28.690348804,0.257327463,20.000000000,0.000000000000,0.908459831682,90.845983168
2026-04-17T14:00:00Z,2461148.083333333,42165.817796,377768.563734,67.809162296,8.690339468,28.690339468,0.263510646,20.000000000,0.000000000000,0.908459870797,90.845987080
2026-04-17T15:00:00Z,2461148.125000000,42165.727970,367770.359258,81.359841198,8.690358124,28.690358124,0.270674499,20.000000000,0.000000000000,0.908459792637,90.845979264
2026-04-17T16:00:00Z,2461148.166666667,42165.504142,357429.449722,95.255689820,8.690404612,28.690404612,0.278505533,20.000000000,0.000000000000,0.908459597876,90.845959788
2026-04-17T17:00:00Z,2461148.208333333,42165.159377,347391.823427,109.458017990,8.690476220,28.690476220,0.286552808,20.000000000,0.000000000000,0.908459297879,90.845929788
2026-04-17T18:00:00Z,2461148.250000000,42164.718467,338337.241623,123.850203899,8.690567798,28.690567798,0.294221601,20.000000000,0.000000000000,0.908458914214,90.845891421
2026-04-17T19:00:00Z,2461148.291666667,42164.215846,330928.801170,138.120948743,8.690672196,28.690672196,0.300808344,20.000000000,0.000000000000,0.908458476839,90.845847684
2026-04-17T20:00:00Z,2461148.333333333,42163.690922,325747.013107,151.365886900,8.690781230,28.690781230,0.305593468,20.000000000,0.000000000000,0.908458020043,90.845802004
2026-04-17T21:00:00Z,2461148.375000000,42163.183096,323217.047174,160.438761540,8.690886714,28.690886714,0.307985509,20.000000000,0.000000000000,0.908457578113,90.845757811
2026-04-17T22:00:00Z,2461148.416666667,42162.729282,323545.701200,158.605030444,8.690980982,28.690980982,0.307672658,20.000000000,0.000000000000,0.908457183177,90.845718318
2026-04-17T23:00:00Z,2461148.458333333,42162.360723,326687.784468,147.737656370,8.691057541,28.691057541,0.304713434,20.000000000,0.000000000000,0.908456862428,90.845686243
2026-04-18T00:00:00Z,2461148.500000000,42162.100708,332353.992292,134.083356917,8.691111555,28.691111555,0.299518414,20.000000000,0.000000000000,0.908456636138,90.845663614
2026-04-18T01:00:00Z,2461148.541666667,42161.963489,340057.458291,119.813149144,8.691140059,28.691140059,0.292733237,20.000000000,0.000000000000,0.908456516716,90.845651672
2026-04-18T02:00:00Z,2461148.583333333,42161.954328,349183.026197,105.578558243,8.691141962,28.691141962,0.285082867,20.000000000,0.000000000000,0.908456508743,90.845650874
2026-04-18T03:00:00Z,2461148.625000000,42162.070331,359059.593170,91.619040081,8.691117865,28.691117865,0.277241098,20.000000000,0.000000000000,0.908456609700,90.845660970
2026-04-18T04:00:00Z,2461148.666666667,42162.301657,369021.267102,78.032229215,8.691069811,28.691069811,0.269756960,20.000000000,0.000000000000,0.908456811023,90.845681102
2026-04-18T05:00:00Z,2461148.708333333,42162.632900,378451.629178,64.865969716,8.691001003,28.691001003,0.263035034,20.000000000,0.000000000000,0.908457099298,90.845709930
2026-04-18T06:00:00Z,2461148.750000000,42163.045589,386811.944318,52.174193265,8.690915278,28.690915278,0.257349918,20.000000000,0.000000000000,0.908457458447,90.845745845
2026-04-18T07:00:00Z,2461148.791666667,42163.511759,393657.155257,40.092184514,8.690818445,28.690818445,0.252874892,20.000000000,0.049040767886,0.912360404441,91.236040444
2026-04-18T08:00:00Z,2461148.833333333,42163.998762,398643.902885,29.030434109,8.690717287,28.690717287,0.249711589,20.000000000,0.159607571263,0.921159454892,92.115945489
2026-04-18T09:00:00Z,2461148.875000000,42164.473122,401533.887358,20.333790370,8.690618758,28.690618758,0.247914313,20.000000000,0.261498149171,0.929268062244,92.926806224
2026-04-18T10:00:00Z,2461148.916666667,42164.902751,402194.825776,17.623830905,8.690529522,28.690529522,0.247506906,20.000000000,0.293648966553,0.931826916853,93.182691685
2026-04-18T11:00:00Z,2461148.958333333,42165.258869,400600.333899,23.048543416,8.690455555,28.690455555,0.248492053,20.000000000,0.229123074280,0.926692419377,92.669241938
2026-04-18T12:00:00Z,2461149.000000000,42165.517588,396829.373162,32.836714927,8.690401820,28.690401820,0.250853420,20.000000000,0.118093564116,0.917857196814,91.785719681
2026-04-18T13:00:00Z,2461149.041666667,42165.660852,391065.386979,44.273584197,8.690372064,28.690372064,0.254550820,20.000000000,0.018448692059,0.909927834502,90.992783450
2026-04-18T14:00:00Z,2461149.083333333,42165.672754,383594.744066,56.486102894,8.690369592,28.690369592,0.259508320,20.000000000,0.000000000000,0.908459744591,90.845974459
2026-04-18T15:00:00Z,2461149.125000000,42165.555246,374803.790310,69.194334679,8.690393998,28.690393998,0.265595083,20.000000000,0.000000000000,0.908459642343,90.845964234
2026-04-18T16:00:00Z,2461149.166666667,42165.323050,365172.667872,82.290798466,8.690442225,28.690442225,0.272599983,20.000000000,0.000000000000,0.908459440299,90.845944030
2026-04-18T17:00:00Z,2461149.208333333,42164.995326,355263.414587,95.706888681,8.690510293,28.690510293,0.280203590,20.000000000,0.000000000000,0.908459155129,90.845915513
2026-04-18T18:00:00Z,2461149.250000000,42164.592031,345698.963925,109.344483157,8.690594060,28.690594060,0.287956045,20.000000000,0.000000000000,0.908458804192,90.845880419
2026-04-18T19:00:00Z,2461149.291666667,42164.136992,337129.289398,122.999309596,8.690688575,28.690688575,0.295275822,20.000000000,0.000000000000,0.908458408220,90.845840822
2026-04-18T20:00:00Z,2461149.333333333,42163.675488,330182.322735,136.201013169,8.690784436,28.690784436,0.301488420,20.000000000,0.000000000000,0.908458006612,90.845800661
2026-04-18T21:00:00Z,2461149.375000000,42163.254899,325401.429116,147.763333622,8.690871799,28.690871799,0.305918018,20.000000000,0.000000000000,0.908457640600,90.845764060
2026-04-18T22:00:00Z,2461149.416666667,42162.917805,323177.837562,154.677026369,8.690941821,28.690941821,0.308022876,20.000000000,0.000000000000,0.908457347243,90.845734724
2026-04-18T23:00:00Z,2461149.458333333,42162.697010,323693.853580,152.827199243,8.690987686,28.690987686,0.307531837,20.000000000,0.000000000000,0.908457155091,90.845715509
2026-04-19T00:00:00Z,2461149.500000000,42162.611363,326894.129518,143.596696098,8.691005477,28.691005477,0.304521088,20.000000000,0.000000000000,0.908457080555,90.845708056
2026-04-19T01:00:00Z,2461149.541666667,42162.663797,332495.072826,131.233074399,8.690994585,28.690994585,0.299391325,20.000000000,0.000000000000,0.908457126187,90.845712619
2026-04-19T02:00:00Z,2461149.583333333,42162.841817,340029.100074,117.867758798,8.690957606,28.690957606,0.292757651,20.000000000,0.000000000000,0.908457281113,90.845728111
2026-04-19T03:00:00Z,2461149.625000000,42163.120283,348909.103030,104.318042907,8.690899762,28.690899762,0.285306683,20.000000000,0.000000000000,0.908457523450,90.845752345
2026-04-19T04:00:00Z,2461149.666666667,42163.465876,358495.531755,90.924847303,8.690827976,28.690827976,0.277677316,20.000000000,0.000000000000,0.908457824201,90.845782420
2026-04-19T05:00:00Z,2461149.708333333,42163.842406,368153.354184,77.849053907,8.690749764,28.690749764,0.270392910,20.000000000,0.000000000000,0.908458151868,90.845815187
2026-04-19T06:00:00Z,2461149.750000000,42164.215974,377293.698620,65.188782624,8.690672170,28.690672170,0.263842305,20.000000000,0.000000000000,0.908458476951,90.845847695
2026-04-19T07:00:00Z,2461149.791666667,42164.559097,385400.813432,53.052937016,8.690600900,28.690600900,0.258292201,20.000000000,0.000000000000,0.908458775534,90.845877553
2026-04-19T08:00:00Z,2461149.833333333,42164.853144,392047.721014,41.655622193,8.690539825,28.690539825,0.253913000,20.000000000,0.036587574520,0.911370578077,91.137057808
2026-04-19T09:00:00Z,2461149.875000000,42165.088789,396904.344672,31.527237658,8.690490881,28.690490881,0.250806036,20.000000000,0.132056952681,0.918967994852,91.896799485
2026-04-19T10:00:00Z,2461149.916666667,42165.264605,399741.173070,24.044364950,8.690454364,28.690454364,0.249026139,20.000000000,0.217314553916,0.925752732175,92.575273217
2026-04-19T11:00:00Z,2461149.958333333,42165.384277,400430.548490,21.907957111,8.690429508,28.690429508,0.248597416,20.000000000,0.242706718691,0.927773480577,92.777348058
2026-04-19T12:00:00Z,2461150.000000000,42165.457385,398946.862376,26.399460953,8.690414324,28.690414324,0.249521957,20.000000000,0.189698273538,0.923555266155,92.355526616
2026-04-19T13:00:00Z,2461150.041666667,42165.503234,395366.366601,35.094791229,8.690404801,28.690404801,0.251781679,20.000000000,0.094949104782,0.916015406770,91.601540677
2026-04-19T14:00:00Z,2461150.083333333,42165.509324,389865.922422,45.734163303,8.690403536,28.690403536,0.255333978,20.000000000,0.010177987533,0.909269540898,90.926954090
2026-04-19T15:00:00Z,2461150.125000000,42165.451963,382721.337655,57.347566360,8.690415450,28.690415450,0.260100547,20.000000000,0.000000000000,0.908459552473,90.845955247
2026-04-19T16:00:00Z,2461150.166666667,42165.326947,374304.649113,69.555842575,8.690441415,28.690441415,0.265949261,20.000000000,0.000000000000,0.908459443691,90.845944369
2026-04-19T17:00:00Z,2461150.208333333,42165.157729,365077.849996,82.187421682,8.690476562,28.690476562,0.272670783,20.000000000,0.000000000000,0.908459296446,90.845929645
2026-04-19T18:00:00Z,2461150.250000000,42164.972761,355580.847401,95.126616892,8.690514980,28.690514980,0.279953446,20.000000000,0.000000000000,0.908459135493,90.845913549
2026-04-19T19:00:00Z,2461150.291666667,42164.787303,346410.916648,108.230514038,8.690553500,28.690553500,0.287364225,20.000000000,0.000000000000,0.908458974114,90.845897411
2026-04-19T20:00:00Z,2461150.333333333,42164.603572,338190.068136,121.240528474,8.690591662,28.690591662,0.294349641,20.000000000,0.000000000000,0.908458814235,90.845881424
2026-04-19T21:00:00Z,2461150.375000000,42164.431957,331518.562986,133.615650769,8.690627308,28.690627308,0.300273210,20.000000000,0.000000000000,0.908458664898,90.845866490
2026-04-19T22:00:00Z,2461150.416666667,42164.282198,326916.407277,144.140442629,8.690658414,28.690658414,0.304500336,20.000000000,0.000000000000,0.908458534578,90.845853458
2026-04-19T23:00:00Z,2461150.458333333,42164.162655,324760.573498,150.252280062,8.690683245,28.690683245,0.306521697,20.000000000,0.000000000000,0.908458430552,90.845843055
2026-04-20T00:00:00Z,2461150.500000000,42164.080417,325232.023738,148.974158858,8.690700327,28.690700327,0.306077365,20.000000000,0.000000000000,0.908458358988,90.845835899
2026-04-20T01:00:00Z,2461150.541666667,42164.041112,328288.077290,141.079350569,8.690708490,28.690708490,0.303228045,20.000000000,0.000000000000,0.908458324785,90.845832478
2026-04-20T02:00:00Z,2461150.583333333,42164.048319,333669.437651,129.800357702,8.690706993,28.690706993,0.298337594,20.000000000,0.000000000000,0.908458331056,90.845833106
2026-04-20T03:00:00Z,2461150.625000000,42164.102754,340939.486702,117.204046871,8.690695687,28.690695687,0.291975914,20.000000000,0.000000000000,0.908458378426,90.845837843
2026-04-20T04:00:00Z,2461150.666666667,42164.196688,349543.083196,104.221919676,8.690676176,28.690676176,0.284789206,20.000000000,0.000000000000,0.908458460167,90.845846017
2026-04-20T05:00:00Z,2461150.708333333,42164.328206,358869.492503,91.278300776,8.690648858,28.690648858,0.277387959,20.000000000,0.000000000000,0.908458574615,90.845857461
2026-04-20T06:00:00Z,2461150.750000000,42164.493838,368306.666422,78.588285449,8.690614455,28.690614455,0.270280355,20.000000000,0.000000000000,0.908458718746,90.845871875
2026-04-20T07:00:00Z,2461150.791666667,42164.678773,377282.850866,66.289037902,8.690576043,28.690576043,0.263849891,20.000000000,0.000000000000,0.908458879673,90.845887967
2026-04-20T08:00:00Z,2461150.833333333,42164.870315,385293.337159,54.523892657,8.690536259,28.690536259,0.258364252,20.000000000,0.000000000000,0.908459046348,90.845904635
2026-04-20T09:00:00Z,2461150.875000000,42165.053923,391916.521274,43.541741090,8.690498123,28.690498123,0.253998002,20.000000000,0.023132738465,0.910300050955,91.030005095
2026-04-20T10:00:00Z,2461150.916666667,42165.213446,396823.138936,33.891980073,8.690464989,28.690464989,0.250857361,20.000000000,0.107121680795,0.916983817434,91.698381743
2026-04-20T11:00:00Z,2461150.958333333,42165.334570,399780.820607,26.832611569,8.690439832,28.690439832,0.249001442,20.000000000,0.184681365653,0.923155926445,92.315592644
2026-04-20T12:00:00Z,2461151.000000000,42165.406418,400656.064753,24.554898731,8.690424909,28.690424909,0.248457488,20.000000000,0.211285969376,0.925273116058,92.527311606
2026-04-20T13:00:00Z,2461151.041666667,42165.429613,399414.619484,28.200602979,8.690420092,28.690420092,0.249229739,20.000000000,0.168991815069,0.921907474381,92.190747438
2026-04-20T14:00:00Z,2461151.083333333,42165.403287,396121.352262,36.047298835,8.690425560,28.690425560,0.251301794,20.000000000,0.085586021571,0.915270229314,91.527022931
2026-04-20T15:00:00Z,2461151.125000000,42165.318871,390939.635343,46.067775593,8.690443093,28.690443093,0.254632700,20.000000000,0.008519357855,0.909137385621,90.913738562
2026-04-20T16:00:00Z,2461151.166666667,42165.187006,384130.128195,57.223579127,8.690470481,28.690470481,0.259146626,20.000000000,0.000000000000,0.908459321921,90.845932192
2026-04-20T17:00:00Z,2461151.208333333,42165.024353,376047.899688,69.062428284,8.690504264,28.690504264,0.264716387,20.000000000,0.000000000000,0.908459180387,90.845918039
2026-04-20T18:00:00Z,2461151.250000000,42164.846656,367136.425014,81.366896999,8.690541173,28.690541173,0.271141876,20.000000000,0.000000000000,0.908459025761,90.845902576
2026-04-20T19:00:00Z,2461151.291666667,42164.664179,357916.243494,93.992332803,8.690579074,28.690579074,0.278126741,20.000000000,0.000000000000,0.908458866974,90.845886697
2026-04-20T20:00:00Z,2461151.333333333,42164.484704,348965.504699,106.775933402,8.690616352,28.690616352,0.285260569,20.000000000,0.000000000000,0.908458710798,90.845871080
2026-04-20T21:00:00Z,2461151.375000000,42164.317608,340889.632744,119.445369387,8.690651059,28.690651059,0.292018615,20.000000000,0.000000000000,0.908458565392,90.845856539
2026-04-20T22:00:00Z,2461151.416666667,42164.171739,334277.275956,131.461550368,8.690681358,28.690681358,0.297795102,20.000000000,0.000000000000,0.908458438457,90.845843846
2026-04-20T23:00:00Z,2461151.458333333,42164.055251,329644.489714,141.682107423,8.690705554,28.690705554,0.301980319,20.000000000,0.000000000000,0.908458337088,90.845833709
2026-04-21T00:00:00Z,2461151.500000000,42163.975452,327374.134062,147.848113565,8.690722129,28.690722129,0.304074587,20.000000000,0.000000000000,0.908458267647,90.845826765
2026-04-21T01:00:00Z,2461151.541666667,42163.938494,327663.375731,147.316916411,8.690729806,28.690729806,0.303806166,20.000000000,0.000000000000,0.908458235485,90.845823549
2026-04-21T02:00:00Z,2461151.583333333,42163.948870,330494.099990,140.378642108,8.690727650,28.690727650,0.301204003,20.000000000,0.000000000000,0.908458244514,90.845824451
2026-04-21T03:00:00Z,2461151.625000000,42164.008765,335635.878938,129.801849547,8.690715209,28.690715209,0.296589662,20.000000000,0.000000000000,0.908458296636,90.845829664
2026-04-21T04:00:00Z,2461151.666666667,42164.117382,342680.473061,117.663814599,8.690692648,28.690692648,0.290492519,20.000000000,0.000000000000,0.908458391155,90.845839116
2026-04-21T05:00:00Z,2461151.708333333,42164.270404,351096.789463,104.986264564,8.690660864,28.690660864,0.283528920,20.000000000,0.000000000000,0.908458524315,90.845852431
2026-04-21T06:00:00Z,2461151.750000000,42164.459747,360291.370092,92.254277332,8.690621536,28.690621536,0.276293249,20.000000000,0.000000000000,0.908458689081,90.845868908
2026-04-21T07:00:00Z,2461151.791666667,42164.673738,369662.392060,79.718345647,8.690577088,28.690577088,0.269289103,20.000000000,0.000000000000,0.908458875292,90.845887529
2026-04-21T08:00:00Z,2461151.833333333,42164.897736,378641.210024,67.537012561,8.690530563,28.690530563,0.262903334,20.000000000,0.000000000000,0.908459070209,90.845907021
2026-04-21T09:00:00Z,2461151.875000000,42165.115191,386720.809792,55.865096661,8.690485397,28.690485397,0.257410565,20.000000000,0.000000000000,0.908459259431,90.845925943
2026-04-21T10:00:00Z,2461151.916666667,42165.309041,393473.503112,44.950805343,8.690445135,28.690445135,0.252992921,20.000000000,0.014423066646,0.909607179285,90.960717929
2026-04-21T11:00:00Z,2461151.958333333,42165.463294,398561.028291,35.314993044,8.690413096,28.690413096,0.249763513,20.000000000,0.092762103172,0.915841335959,91.584133596
2026-04-21T12:00:00Z,2461152.000000000,42165.544652,401739.828991,28.112577667,8.690396199,28.690396199,0.247787226,20.000000000,0.169993368985,0.921987275609,92.198727561
2026-04-21T13:00:00Z,2461152.041666667,42165.547712,402863.659881,25.370919943,8.690395563,28.690395563,0.247095993,20.000000000,0.201694779564,0.924509996370,92.450999637
2026-04-21T14:00:00Z,2461152.083333333,42165.507524,401884.203721,28.378215153,8.690403910,28.690403910,0.247698209,20.000000000,0.166973563323,0.921746934803,92.174693480
2026-04-21T15:00:00Z,2461152.125000000,42165.389981,398851.871215,35.746908919,8.690428323,28.690428323,0.249581384,20.000000000,0.088511321364,0.915503005697,91.550300570
2026-04-21T16:00:00Z,2461152.166666667,42165.210067,393916.602269,45.476626983,8.690465691,28.690465691,0.252708339,20.000000000,0.011521714337,0.909376210882,90.937621088
2026-04-21T17:00:00Z,2461152.208333333,42164.994001,387326.800852,56.451994783,8.690510569,28.690510569,0.257007831,20.000000000,0.000000000000,0.908459153976,90.845915398
2026-04-21T18:00:00Z,2461152.250000000,42164.769170,379426.313481,68.170670295,8.690557267,28.690557267,0.262359335,20.000000000,0.000000000000,0.908458958334,90.845895833
2026-04-21T19:00:00Z,2461152.291666667,42164.548532,370648.057195,80.391921009,8.690603095,28.690603095,0.268572976,20.000000000,0.000000000000,0.908458766340,90.845876634
2026-04-21T20:00:00Z,2461152.333333333,42164.328327,361503.158010,92.963717604,8.690648833,28.690648833,0.275367084,20.000000000,0.000000000000,0.908458574720,90.845857472
2026-04-21T21:00:00Z,2461152.375000000,42164.123010,352564.005295,105.725836689,8.690691479,28.690691479,0.282348988,20.000000000,0.000000000000,0.908458396053,90.845839605
2026-04-21T22:00:00Z,2461152.416666667,42163.948181,344435.258299,118.420350203,8.690727793,28.690727793,0.289012542,20.000000000,0.000000000000,0.908458243915,90.845824391
2026-04-21T23:00:00Z,2461152.458333333,42163.819025,337712.834718,130.540259666,8.690754621,28.690754621,0.294765600,20.000000000,0.000000000000,0.908458131521,90.845813152
2026-04-22T00:00:00Z,2461152.500000000,42163.743065,332919.332903,141.030915955,8.690770399,28.690770399,0.299009788,20.000000000,0.000000000000,0.908458065420,90.845806542
2026-04-22T01:00:00Z,2461152.541666667,42163.727727,330458.923320,147.730659439,8.690773585,28.690773585,0.301236066,20.000000000,0.000000000000,0.908458052072,90.845805207
2026-04-22T02:00:00Z,2461152.583333333,42163.773893,330552.720215,147.867591791,8.690763995,28.690763995,0.301150587,20.000000000,0.000000000000,0.908458092247,90.845809225
2026-04-22T03:00:00Z,2461152.625000000,42163.876839,333207.388907,141.362136716,8.690742612,28.690742612,0.298751293,20.000000000,0.000000000000,0.908458181832,90.845818183
2026-04-22T04:00:00Z,2461152.666666667,42164.027138,338214.465658,130.949491217,8.690711393,28.690711393,0.294328408,20.000000000,0.000000000000,0.908458312624,90.845831262
2026-04-22T05:00:00Z,2461152.708333333,42164.210793,345181.578466,118.834190446,8.690673246,28.690673246,0.288387660,20.000000000,0.000000000000,0.908458472442,90.845847244
2026-04-22T06:00:00Z,2461152.750000000,42164.415594,353585.893314,106.110271388,8.690630707,28.690630707,0.281532973,20.000000000,0.000000000000,0.908458650659,90.845865066
2026-04-22T07:00:00Z,2461152.791666667,42164.632127,362834.721196,93.292065441,8.690585731,28.690585731,0.274356510,20.000000000,0.000000000000,0.908458839083,90.845883908
2026-04-22T08:00:00Z,2461152.833333333,42164.848828,372320.625839,80.640054477,8.690540721,28.690540721,0.267366462,20.000000000,0.000000000000,0.908459027651,90.845902765
2026-04-22T09:00:00Z,2461152.875000000,42165.051279,381464.668885,68.312208302,8.690498672,28.690498672,0.260957409,20.000000000,0.000000000000,0.908459203817,90.845920382
2026-04-22T10:00:00Z,2461152.916666667,42165.222968,389746.545952,56.453313182,8.690463012,28.690463012,0.255412185,20.000000000,0.000000000000,0.908459353214,90.845935321
2026-04-22T11:00:00Z,2461152.958333333,42165.347494,396723.712070,45.288352724,8.690437148,28.690437148,0.250920231,20.000000000,0.012536623190,0.909457094345,90.945709434
2026-04-22T12:00:00Z,2461153.000000000,42165.411443,402042.624067,35.295234870,8.690423866,28.690423866,0.247600606,20.000000000,0.092957918642,0.915856873341,91.585687334
2026-04-22T13:00:00Z,2461153.041666667,42165.401810,405445.127039,27.583053627,8.690425866,28.690425866,0.245522724,20.000000000,0.176043509700,0.922468606216,92.246860622
2026-04-22T14:00:00Z,2461153.083333333,42165.334554,406771.478369,24.287705469,8.690439835,28.690439835,0.244722148,20.000000000,0.214438640781,0.925523935145,92.552393515
2026-04-22T15:00:00Z,2461153.125000000,42165.207197,405962.150436,27.038370123,8.690466288,28.690466288,0.245210030,20.000000000,0.182306278362,0.922966812169,92.296681217
2026-04-22T16:00:00Z,2461153.166666667,42165.027028,403058.445448,34.455529118,8.690503709,28.690503709,0.246976578,20.000000000,0.101372871299,0.916526179496,91.652617950
2026-04-22T17:00:00Z,2461153.208333333,42164.806439,398202.684027,44.336169421,8.690549526,28.690549526,0.249988278,20.000000000,0.018064873178,0.909896547697,90.989654770
2026-04-22T18:00:00Z,2461153.250000000,42164.561784,391637.595178,55.483222138,8.690600342,28.690600342,0.254178902,20.000000000,0.000000000000,0.908458777872,90.845877787
2026-04-22T19:00:00Z,2461153.291666667,42164.311528,383704.217848,67.382408841,8.690652322,28.690652322,0.259434280,20.000000000,0.000000000000,0.908458560102,90.845856010
2026-04-22T20:00:00Z,2461153.333333333,42164.074023,374836.969612,79.799798749,8.690701655,28.690701655,0.265571573,20.000000000,0.000000000000,0.908458353424,90.845835342
2026-04-22T21:00:00Z,2461153.375000000,42163.862971,365553.740667,92.596321014,8.690745493,28.690745493,0.272315808,20.000000000,0.000000000000,0.908458169764,90.845816976
2026-04-22T22:00:00Z,2461153.416666667,42163.687293,356438.044451,105.632285199,8.690781984,28.690781984,0.279280181,20.000000000,0.000000000000,0.908458016885,90.845801689
2026-04-22T23:00:00Z,2461153.458333333,42163.558114,348109.808283,118.682616720,8.690808816,28.690808816,0.285961781,20.000000000,0.000000000000,0.908457904470,90.845790447
2026-04-23T00:00:00Z,2461153.500000000,42163.485499,341182.313344,131.295460111,8.690823899,28.690823899,0.291768107,20.000000000,0.000000000000,0.908457841278,90.845784128
2026-04-23T01:00:00Z,2461153.541666667,42163.477108,336205.854798,142.463707372,8.690825643,28.690825643,0.296086844,20.000000000,0.000000000000,0.908457833976,90.845783398
2026-04-23T02:00:00Z,2461153.583333333,42163.536455,333604.352645,149.940182748,8.690813315,28.690813315,0.298395799,20.000000000,0.000000000000,0.908457885621,90.845788562
2026-04-23T03:00:00Z,2461153.625000000,42163.661353,333617.591861,150.410496588,8.690787372,28.690787372,0.298383957,20.000000000,0.000000000000,0.908457994311,90.845799431
2026-04-23T04:00:00Z,2461153.666666667,42163.843175,336264.880894,143.573235642,8.690749605,28.690749605,0.296034870,20.000000000,0.000000000000,0.908458152537,90.845815254
2026-04-23T05:00:00Z,2461153.708333333,42164.056110,341341.871686,132.648881961,8.690705375,28.690705375,0.291631720,20.000000000,0.000000000000,0.908458337836,90.845833784
2026-04-23T06:00:00Z,2461153.750000000,42164.291319,348451.388130,120.071869170,8.690656520,28.690656520,0.285681456,20.000000000,0.000000000000,0.908458542516,90.845854252
2026-04-23T07:00:00Z,2461153.791666667,42164.551134,357057.994173,106.951565864,8.690602554,28.690602554,0.278795271,20.000000000,0.000000000000,0.908458768605,90.845876860
2026-04-23T08:00:00Z,2461153.833333333,42164.801610,366551.491576,93.778508843,8.690550529,28.690550529,0.271574560,20.000000000,0.000000000000,0.908458986563,90.845898656
2026-04-23T09:00:00Z,2461153.875000000,42165.031960,376304.428969,80.788469670,8.690502684,28.690502684,0.264535927,20.000000000,0.000000000000,0.908459187007,90.845918701
2026-04-23T10:00:00Z,2461153.916666667,42165.229235,385717.668946,68.115144366,8.690461710,28.690461710,0.258080021,20.000000000,0.000000000000,0.908459358667,90.845935867
2026-04-23T11:00:00Z,2461153.958333333,42165.377096,394252.116746,55.874712637,8.690431000,28.690431000,0.252493279,20.000000000,0.000000000000,0.908459487328,90.845948733
2026-04-23T12:00:00Z,2461154.000000000,42165.458337,401448.822657,44.252758297,8.690414126,28.690414126,0.247966845,20.000000000,0.018577610371,0.909937917280,90.993791728
2026-04-23T13:00:00Z,2461154.041666667,42165.459586,406940.740961,33.676442146,8.690413866,28.690413866,0.244620358,20.000000000,0.109340797114,0.917160623277,91.716062328
2026-04-23T14:00:00Z,2461154.083333333,42165.383307,410458.963740,25.262275110,8.690429709,28.690429709,0.242523598,20.000000000,0.202968687241,0.924611227666,92.461122767
2026-04-23T15:00:00Z,2461154.125000000,42165.236215,411836.574730,21.535378502,8.690460260,28.690460260,0.241712341,20.000000000,0.247152679120,0.928127150031,92.812715003
2026-04-23T16:00:00Z,2461154.166666667,42165.023391,411010.498446,24.678224243,8.690504464,28.690504464,0.242198153,20.000000000,0.209833864514,0.925157227933,92.515722793
2026-04-23T17:00:00Z,2461154.208333333,42164.761276,408021.744394,32.821874128,8.690558906,28.690558906,0.243972263,20.000000000,0.118251505791,0.917869107303,91.786910730
2026-04-23T18:00:00Z,2461154.250000000,42164.469491,403015.841464,43.326289103,8.690619512,28.690619512,0.247002687,20.000000000,0.024573412496,0.910414187593,91.041418759
2026-04-23T19:00:00Z,2461154.291666667,42164.164995,396243.060093,54.975037221,8.690682759,28.690682759,0.251224605,20.000000000,0.000000000000,0.908458432588,90.845843259
2026-04-23T20:00:00Z,2461154.333333333,42163.865895,388056.298788,67.308114326,8.690744885,28.690744885,0.256524685,20.000000000,0.000000000000,0.908458172308,90.845817231
2026-04-23T21:00:00Z,2461154.375000000,42163.591165,378906.227655,80.136879635,8.690801951,28.690801951,0.262719451,20.000000000,0.000000000000,0.908457933231,90.845793323
2026-04-23T22:00:00Z,2461154.416666667,42163.359690,369331.244787,93.358458301,8.690850032,28.690850032,0.269530553,20.000000000,0.000000000000,0.908457731794,90.845773179
2026-04-23T23:00:00Z,2461154.458333333,42163.188871,359939.009210,106.868838500,8.690885515,28.690885515,0.276563727,20.000000000,0.000000000000,0.908457583139,90.845758314
2026-04-24T00:00:00Z,2461154.500000000,42163.092888,351375.862843,120.487244675,8.690905453,28.690905453,0.283303731,20.000000000,0.000000000000,0.908457499610,90.845749961
2026-04-24T01:00:00Z,2461154.541666667,42163.080928,344281.326007,133.822257870,8.690907937,28.690907937,0.289141764,20.000000000,0.000000000000,0.908457489202,90.845748920
2026-04-24T02:00:00Z,2461154.583333333,42163.155712,339228.220658,145.911977347,8.690892403,28.690892403,0.293448824,20.000000000,0.000000000000,0.908457554282,90.845755428
2026-04-24T03:00:00Z,2461154.625000000,42163.312666,336655.193450,154.225038951,8.690859800,28.690859800,0.295691649,20.000000000,0.000000000000,0.908457690872,90.845769087
2026-04-24T04:00:00Z,2461154.666666667,42163.537719,336805.373654,154.328645146,8.690813053,28.690813053,0.295559800,20.000000000,0.000000000000,0.908457886721,90.845788672
2026-04-24T05:00:00Z,2461154.708333333,42163.796755,339688.264937,146.127003337,8.690759247,28.690759247,0.293051399,20.000000000,0.000000000000,0.908458112142,90.845811214
2026-04-24T06:00:00Z,2461154.750000000,42164.095731,345080.738930,134.031537809,8.690697146,28.690697146,0.288471933,20.000000000,0.000000000000,0.908458372315,90.845837231
2026-04-24T07:00:00Z,2461154.791666667,42164.423018,352557.208527,120.626063536,8.690629165,28.690629165,0.282354432,20.000000000,0.000000000000,0.908458657120,90.845865712
2026-04-24T08:00:00Z,2461154.833333333,42164.738918,361550.136848,106.892839786,8.690563550,28.690563550,0.275331303,20.000000000,0.000000000000,0.908458932010,90.845893201
2026-04-24T09:00:00Z,2461154.875000000,42165.029232,371418.753385,93.225269472,8.690503251,28.690503251,0.268015682,20.000000000,0.000000000000,0.908459184632,90.845918463
2026-04-24T10:00:00Z,2461154.916666667,42165.276525,381508.831323,79.797360579,8.690451888,28.690451888,0.260927201,20.000000000,0.000000000000,0.908459399816,90.845939982
2026-04-24T11:00:00Z,2461154.958333333,42165.457387,391199.510375,66.697218246,8.690414323,28.690414323,0.254463546,20.000000000,0.000000000000,0.908459557193,90.845955719
2026-04-24T12:00:00Z,2461155.000000000,42165.553419,399935.441221,53.997302868,8.690394378,28.690394378,0.248905174,20.000000000,0.000000000000,0.908459640754,90.845964075
2026-04-24T13:00:00Z,2461155.041666667,42165.565176,407246.764131,41.829372972,8.690391936,28.690391936,0.244436538,20.000000000,0.035271081682,0.911266434483,91.126643448
2026-04-24T14:00:00Z,2461155.083333333,42165.489139,412760.444464,30.554449397,8.690407728,28.690407728,0.241171320,20.000000000,0.142654386367,0.919811660193,91.981166019
2026-04-24T15:00:00Z,2461155.125000000,42165.324654,416206.446243,21.328242690,8.690441892,28.690441892,0.239174519,20.000000000,0.249624869865,0.928323957675,92.832395767
2026-04-24T16:00:00Z,2461155.166666667,42165.077457,417420.904158,17.506810632,8.690493235,28.690493235,0.238478653,20.000000000,0.295022567352,0.931936376555,93.193637656
2026-04-24T17:00:00Z,2461155.208333333,42164.761991,416347.784725,22.064115828,8.690558758,28.690558758,0.239093325,20.000000000,0.240846058779,0.927624872477,92.762487248
2026-04-24T18:00:00Z,2461155.250000000,42164.401617,413039.811695,31.625457838,8.690633610,28.690633610,0.241008198,20.000000000,0.130998857925,0.918883196385,91.888319639
2026-04-24T19:00:00Z,2461155.291666667,42164.024019,407658.906267,43.088867403,8.690712041,28.690712041,0.244189412,20.000000000,0.026191353601,0.910542551606,91.054255161
2026-04-24T20:00:00Z,2461155.333333333,42163.652082,400475.782717,55.427284543,8.690789298,28.690789298,0.248569336,20.000000000,0.000000000000,0.908457986243,90.845798624
2026-04-24T21:00:00Z,2461155.375000000,42163.309134,391867.901258,68.322903947,8.690860534,28.690860534,0.254029516,20.000000000,0.000000000000,0.908457687798,90.845768780
2026-04-24T22:00:00Z,2461155.416666667,42163.019167,382314.322311,81.666283456,8.690920766,28.690920766,0.260377454,20.000000000,0.000000000000,0.908457435454,90.845743545
2026-04-24T23:00:00Z,2461155.458333333,42162.804853,372384.775863,95.405623117,8.690965284,28.690965284,0.267320403,20.000000000,0.000000000000,0.908457248944,90.845724894
2026-04-25T00:00:00Z,2461155.500000000,42162.684797,362719.423972,109.480833070,8.690990223,28.690990223,0.274443720,20.000000000,0.000000000000,0.908457144463,90.845714446
2026-04-25T01:00:00Z,2461155.541666667,42162.670635,353995.284789,123.763567759,8.690993164,28.690993164,0.281207381,20.000000000,0.000000000000,0.908457132138,90.845713214
2026-04-25T02:00:00Z,2461155.583333333,42162.764811,346876.407084,137.938899993,8.690973602,28.690973602,0.286978594,20.000000000,0.000000000000,0.908457214097,90.845721410
2026-04-25T03:00:00Z,2461155.625000000,42162.959337,341948.894096,151.114391653,8.690933194,28.690933194,0.291114015,20.000000000,0.000000000000,0.908457383386,90.845738339
2026-04-25T04:00:00Z,2461155.666666667,42163.231747,339649.178222,160.222964952,8.690876609,28.690876609,0.293085124,20.000000000,0.000000000000,0.908457620452,90.845762045
2026-04-25T05:00:00Z,2461155.708333333,42163.559474,340200.441588,158.621178920,8.690808534,28.690808534,0.292610202,20.000000000,0.000000000000,0.908457905653,90.845790565
2026-04-25T06:00:00Z,2461155.750000000,42163.923338,343576.855719,147.894150285,8.690732954,28.690732954,0.289734625,20.000000000,0.000000000000,0.908458222296,90.845822230
2026-04-25T07:00:00Z,2461155.791666667,42164.305418,349507.712640,134.255323766,8.690653591,28.690653591,0.284818027,20.000000000,0.000000000000,0.908458554784,90.845855478
2026-04-25T08:00:00Z,2461155.833333333,42164.686969,357519.649250,119.924417447,8.690574340,28.690574340,0.278435267,20.000000000,0.000000000000,0.908458886805,90.845888681
2026-04-25T09:00:00Z,2461155.875000000,42165.046457,367002.693046,105.567706137,8.690499673,28.690499673,0.271240678,20.000000000,0.000000000000,0.908459199621,90.845919962
2026-04-25T10:00:00Z,2461155.916666667,42165.359025,377281.451043,91.426775546,8.690434753,28.690434753,0.263850870,20.000000000,0.000000000000,0.908459471603,90.845947160
2026-04-25T11:00:00Z,2461155.958333333,42165.597906,387677.108142,77.594054160,8.690385138,28.690385138,0.256775596,20.000000000,0.000000000000,0.908459679464,90.845967946
2026-04-25T12:00:00Z,2461156.000000000,42165.742512,397553.786738,64.102609668,8.690355104,28.690355104,0.250396317,20.000000000,0.000000000000,0.908459805290,90.845980529
2026-04-25T13:00:00Z,2461156.041666667,42165.795797,406349.210269,50.974285391,8.690344037,28.690344037,0.244976459,20.000000000,0.000000000000,0.908459851655,90.845985165
2026-04-25T14:00:00Z,2461156.083333333,42165.753794,413593.372616,38.275601772,8.690352761,28.690352761,0.240685627,20.000000000,0.064750580244,0.913612502563,91.361250256
2026-04-25T15:00:00Z,2461156.125000000,42165.609356,418919.010053,26.270037287,8.690382760,28.690382760,0.237625819,20.000000000,0.191201211645,0.923674998406,92.367499841
2026-04-25T16:00:00Z,2461156.166666667,42165.359624,422066.924025,16.136747532,8.690434628,28.690434628,0.235853517,20.000000000,0.310953343298,0.933204352953,93.320435295
2026-04-25T17:00:00Z,2461156.208333333,42165.017496,422888.584480,12.989880824,8.690505689,28.690505689,0.235395258,20.000000000,0.345628706924,0.935963433011,93.596343301
2026-04-25T18:00:00Z,2461156.250000000,42164.616106,421347.454871,20.354901050,8.690589059,28.690589059,0.236256249,20.000000000,0.261245851800,0.929248109480,92.924810948
2026-04-25T19:00:00Z,2461156.291666667,42164.179752,417519.761524,31.665834628,8.690679693,28.690679693,0.238422187,20.000000000,0.130564310016,0.918848423095,91.884842310
2026-04-25T20:00:00Z,2461156.333333333,42163.734347,411594.701601,44.113762239,8.690772210,28.690772210,0.241854384,20.000000000,0.019445670066,0.910005495089,91.000549509
2026-04-25T21:00:00Z,2461156.375000000,42163.307793,403873.824089,57.121170194,8.690860812,28.690860812,0.246477955,20.000000000,0.000000000000,0.908457686631,90.845768663
2026-04-25T22:00:00Z,2461156.416666667,42162.928571,394768.562230,70.555027961,8.690939585,28.690939585,0.252162959,20.000000000,0.000000000000,0.908457356612,90.845735661
2026-04-25T23:00:00Z,2461156.458333333,42162.623900,384794.074631,84.390227189,8.691002872,28.691002872,0.258699476,20.000000000,0.000000000000,0.908457091466,90.845709147
2026-04-26T00:00:00Z,2461156.500000000,42162.417588,374556.497703,98.624326381,8.691045729,28.691045729,0.265770438,20.000000000,0.000000000000,0.908456911916,90.845691192
2026-04-26T01:00:00Z,2461156.541666667,42162.327756,364729.669643,113.238707603,8.691064390,28.691064390,0.272931083,20.000000000,0.000000000000,0.908456833737,90.845683374
2026-04-26T02:00:00Z,2461156.583333333,42162.364740,356017.060826,128.159000885,8.691056707,28.691056707,0.279610427,20.000000000,0.000000000000,0.908456865923,90.845686592
2026-04-26T03:00:00Z,2461156.625000000,42162.529467,349096.298829,143.168217342,8.691022489,28.691022489,0.285153691,20.000000000,0.000000000000,0.908457009283,90.845700928
2026-04-26T04:00:00Z,2461156.666666667,42162.812634,344548.627375,157.535401487,8.690963668,28.690963668,0.288917445,20.000000000,0.000000000000,0.908457255716,90.845725572
2026-04-26T05:00:00Z,2461156.708333333,42163.194884,342783.717504,167.273668673,8.690884266,28.690884266,0.290405024,20.000000000,0.000000000000,0.908457588372,90.845758837
2026-04-26T06:00:00Z,2461156.750000000,42163.648077,343977.963306,161.502572599,8.690790129,28.690790129,0.289396767,20.000000000,0.000000000000,0.908457982758,90.845798276
2026-04-26T07:00:00Z,2461156.791666667,42164.137564,348045.575113,147.763200841,8.690688456,28.690688456,0.286014556,20.000000000,0.000000000000,0.908458408718,90.845840872
2026-04-26T08:00:00Z,2461156.833333333,42164.625243,354652.670381,132.786348197,8.690587161,28.690587161,0.280686130,20.000000000,0.000000000000,0.908458833093,90.845883309
2026-04-26T09:00:00Z,2461156.875000000,42165.073049,363269.143993,117.744405316,8.690494150,28.690494150,0.274028412,20.000000000,0.000000000000,0.908459222761,90.845922276
2026-04-26T10:00:00Z,2461156.916666667,42165.449173,373240.980144,102.940378146,8.690416029,28.690416029,0.266707173,20.000000000,0.000000000000,0.908459550045,90.845955005
2026-04-26T11:00:00Z,2461156.958333333,42165.733039,383863.649183,88.473339968,8.690357071,28.690357071,0.259326528,20.000000000,0.000000000000,0.908459797047,90.845979705
2026-04-26T12:00:00Z,2461157.000000000,42165.903590,394443.324595,74.363974905,8.690321649,28.690321649,0.252370881,20.000000000,0.000000000000,0.908459945448,90.845994545
2026-04-26T13:00:00Z,2461157.041666667,42165.940670,404340.820194,60.597381239,8.690313948,28.690313948,0.246193282,20.000000000,0.000000000000,0.908459977712,90.845997771
2026-04-26T14:00:00Z,2461157.083333333,42165.854234,412999.734056,47.148347783,8.690331900,28.690331900,0.241031586,20.000000000,0.003861918734,0.908767224231,90.876722423
2026-04-26T15:00:00Z,2461157.125000000,42165.647498,419963.175271,34.011538213,8.690374838,28.690374838,0.237035000,20.000000000,0.105894340314,0.916886526469,91.688652647
2026-04-26T16:00:00Z,2461157.166666667,42165.309855,424882.185585,21.300116484,8.690444965,28.690444965,0.234290747,20.000000000,0.249960667018,0.928350666685,92.835066669
2026-04-26T17:00:00Z,2461157.208333333,42164.851555,427519.861898,10.029882792,8.690540155,28.690540155,0.232845232,20.000000000,0.372356952569,0.938090254822,93.809025482
2026-04-26T18:00:00Z,2461157.250000000,42164.312086,427753.528448,9.549098177,8.690652206,28.690652206,0.232718036,20.000000000,0.375473847052,0.938337819967,93.833781997
2026-04-26T19:00:00Z,2461157.291666667,42163.764103,425576.008728,20.637657881,8.690766029,28.690766029,0.233908777,20.000000000,0.257873512793,0.928979005854,92.897900585
2026-04-26T20:00:00Z,2461157.333333333,42163.211269,421095.879902,33.347945725,8.690880862,28.690880862,0.236397397,20.000000000,0.112750495742,0.917430001998,91.743000200
2026-04-26T21:00:00Z,2461157.375000000,42162.636463,414537.578020,46.518416883,8.691000263,28.691000263,0.240137406,20.000000000,0.006438067209,0.908969427509,90.896942751
2026-04-26T22:00:00Z,2461157.416666667,42162.093460,406240.548265,60.023476438,8.691113060,28.691113060,0.245041986,20.000000000,0.000000000000,0.908456629830,90.845662983
2026-04-26T23:00:00Z,2461157.458333333,42161.682348,396655.614750,73.869968534,8.691198462,28.691198462,0.250963309,20.000000000,0.000000000000,0.908456272034,90.845627203
2026-04-27T00:00:00Z,2461157.500000000,42161.480446,386336.562295,88.091225149,8.691240404,28.691240404,0.257666586,20.000000000,0.000000000000,0.908456096313,90.845609631
2026-04-27T01:00:00Z,2461157.541666667,42161.499906,375924.526218,102.718126832,8.691236362,28.691236362,0.264803264,20.000000000,0.000000000000,0.908456113251,90.845611325
2026-04-27T02:00:00Z,2461157.583333333,42161.734764,366121.430592,117.760589531,8.691187573,28.691187573,0.271893565,20.000000000,0.000000000000,0.908456317652,90.845631765
2026-04-27T03:00:00Z,2461157.625000000,42162.159963,357645.852529,133.189003806,8.691099245,28.691099245,0.278337015,20.000000000,0.000000000000,0.908456687707,90.845668771
2026-04-27T04:00:00Z,2461157.666666667,42162.735083,351171.361291,148.897731107,8.690979777,28.690979777,0.283468712,20.000000000,0.000000000000,0.908457188225,90.845718823
2026-04-27T05:00:00Z,2461157.708333333,42163.410070,347251.368855,164.511902761,8.690839568,28.690839568,0.286668712,20.000000000,0.000000000000,0.908457775636,90.845777564
2026-04-27T06:00:00Z,2461157.750000000,42164.131466,346243.681542,174.098007751,8.690689723,28.690689723,0.287503023,20.000000000,0.000000000000,0.908458403411,90.845840341
2026-04-27T07:00:00Z,2461157.791666667,42164.847930,348254.761549,161.020419403,8.690540908,28.690540908,0.285842754,20.000000000,0.000000000000,0.908459026869,90.845902687
2026-04-27T08:00:00Z,2461157.833333333,42165.514184,353122.101561,145.298616629,8.690402527,28.690402527,0.281902743,20.000000000,0.000000000000,0.908459606614,90.845960661
2026-04-27T09:00:00Z,2461157.875000000,42166.092997,360441.049625,129.620536389,8.690282310,28.690282310,0.276178512,20.000000000,0.000000000000,0.908460110254,90.846011025
2026-04-27T10:00:00Z,2461157.916666667,42166.555368,369626.349340,114.248357976,8.690186281,28.690186281,0.269315361,20.000000000,0.000000000000,0.908460512563,90.846051256
2026-04-27T11:00:00Z,2461157.958333333,42166.879545,379988.717122,99.261932358,8.690118954,28.690118954,0.261971026,20.000000000,0.000000000000,0.908460794624,90.846079462
2026-04-27T12:00:00Z,2461158.000000000,42167.057687,390807.497674,84.675867079,8.690081957,28.690081957,0.254718796,20.000000000,0.000000000000,0.908460949620,90.846094962
2026-04-27T13:00:00Z,2461158.041666667,42167.091997,401388.355563,70.467805010,8.690074832,28.690074832,0.248004200,20.000000000,0.000000000000,0.908460979472,90.846097947
2026-04-27T14:00:00Z,2461158.083333333,42166.976315,411103.294986,56.593483140,8.690098857,28.690098857,0.242143483,20.000000000,0.000000000000,0.908460878820,90.846087882
2026-04-27T15:00:00Z,2461158.125000000,42166.707442,419415.372557,42.997102752,8.690154697,28.690154697,0.237344596,20.000000000,0.026820881152,0.910594982788,91.059498279
2026-04-27T16:00:00Z,2461158.166666667,42166.290725,425892.583898,29.619424692,8.690241244,28.690241244,0.233734907,20.000000000,0.153004246571,0.920635973376,92.063597338
2026-04-27T17:00:00Z,2461158.208333333,42165.745912,430214.942366,16.411951692,8.690354398,28.690354398,0.231386565,20.000000000,0.307778799856,0.932952066936,93.295206694
2026-04-27T18:00:00Z,2461158.250000000,42165.109943,432177.754619,3.587705708,8.690486487,28.690486487,0.230335676,20.000000000,0.378922438992,0.938612944471,93.861294447
2026-04-27T19:00:00Z,2461158.291666667,42164.438019,431693.017586,10.145596910,8.690626049,28.690626049,0.230594316,20.000000000,0.371529238256,0.938024027559,93.802402756
2026-04-27T20:00:00Z,2461158.333333333,42163.775849,428789.956833,23.272507356,8.690763589,28.690763589,0.232155530,20.000000000,0.226466334143,0.926479712210,92.647971221
2026-04-27T21:00:00Z,2461158.375000000,42163.157911,423615.120151,36.578921071,8.690891946,28.690891946,0.234991533,20.000000000,0.080478522867,0.914861833560,91.486183356
2026-04-27T22:00:00Z,2461158.416666667,42162.619262,416431.865663,50.084162764,8.691003836,28.691003836,0.239045050,20.000000000,0.000000000000,0.908457087430,90.845708743
2026-04-27T23:00:00Z,2461158.458333333,42162.195077,407618.484806,63.845859248,8.691091951,28.691091951,0.244213627,20.000000000,0.000000000000,0.908456718267,90.845671827
2026-04-28T00:00:00Z,2461158.500000000,42161.918623,397663.466278,77.923238187,8.691149379,28.691149379,0.250327255,20.000000000,0.000000000000,0.908456477668,90.845647767
2026-04-28T01:00:00Z,2461158.541666667,42161.817712,387155.390551,92.368707426,8.691170342,28.691170342,0.257121621,20.000000000,0.000000000000,0.908456389844,90.845638984
2026-04-28T02:00:00Z,2461158.583333333,42161.910214,376763.808656,107.219935286,8.691151126,28.691151126,0.264213382,20.000000000,0.000000000000,0.908456470349,90.845647035
2026-04-28T03:00:00Z,2461158.625000000,42162.199674,367206.690251,122.490097371,8.691090996,28.691090996,0.271089992,20.000000000,0.000000000000,0.908456722267,90.845672227
2026-04-28T04:00:00Z,2461158.666666667,42162.672204,359200.701324,138.156986153,8.690992838,28.690992838,0.277132186,20.000000000,0.000000000000,0.908457133504,90.845713350
2026-04-28T05:00:00Z,2461158.708333333,42163.295678,353394.159929,154.152374746,8.690863329,28.690863329,0.281685720,20.000000000,0.000000000000,0.908457676088,90.845767609
2026-04-28T06:00:00Z,2461158.750000000,42164.018211,350289.740707,170.331389720,8.690713247,28.690713247,0.284182161,20.000000000,0.000000000000,0.908458304856,90.845830486
2026-04-28T07:00:00Z,2461158.791666667,42164.765346,350172.846418,173.116682052,8.690558061,28.690558061,0.284277027,20.000000000,0.000000000000,0.908458955008,90.845895501
2026-04-28T08:00:00Z,2461158.833333333,42165.497127,353066.202229,156.950588430,8.690406069,28.690406069,0.281947375,20.000000000,0.000000000000,0.908459591772,90.845959177
2026-04-28T09:00:00Z,2461158.875000000,42166.180829,358726.186299,140.918884932,8.690264068,28.690264068,0.277498773,20.000000000,0.000000000000,0.908460186678,90.846018668
2026-04-28T10:00:00Z,2461158.916666667,42166.777022,366682.328623,125.201968279,8.690140246,28.690140246,0.271477658,20.000000000,0.000000000000,0.908460705421,90.846070542
2026-04-28T11:00:00Z,2461158.958333333,42167.237718,376306.109024,109.876212684,8.690044568,28.690044568,0.264534746,20.000000000,0.000000000000,0.908461106258,90.846110626
2026-04-28T12:00:00Z,2461159.000000000,42167.512667,386888.525096,94.970076574,8.689987467,28.689987467,0.257298977,20.000000000,0.000000000000,0.908461345477,90.846134548
2026-04-28T13:00:00Z,2461159.041666667,42167.571422,397709.209453,80.475340800,8.689975265,28.689975265,0.250298463,20.000000000,0.000000000000,0.908461396597,90.846139660
2026-04-28T14:00:00Z,2461159.083333333,42167.412252,408088.662534,66.358685119,8.690008321,28.690008321,0.243932256,20.000000000,0.000000000000,0.908461258112,90.846125811
2026-04-28T15:00:00Z,2461159.125000000,42167.053276,417423.367983,52.572521424,8.690082873,28.690082873,0.238477245,20.000000000,0.000000000000,0.908460945782,90.846094578
2026-04-28T16:00:00Z,2461159.166666667,42166.527553,425206.841453,39.065970727,8.690192058,28.690192058,0.234111859,20.000000000,0.057759879383,0.913056873520,91.305687352
2026-04-28T17:00:00Z,2461159.208333333,42165.876609,431041.094084,25.804099376,8.690327253,28.690327253,0.230943078,20.000000000,0.196627897269,0.924107072871,92.410707287
2026-04-28T18:00:00Z,2461159.250000000,42165.144831,434642.276426,12.872081333,8.690479241,28.690479241,0.229029613,20.000000000,0.346842426568,0.936060128553,93.606012855
2026-04-28T19:00:00Z,2461159.291666667,42164.372293,435843.142936,3.940205478,8.690639701,28.690639701,0.228398571,20.000000000,0.378922438992,0.938612302586,93.861230259
2026-04-28T20:00:00Z,2461159.333333333,42163.598766,434593.940644,14.568225033,8.690800372,28.690800372,0.229055086,20.000000000,0.328688026255,0.934614101903,93.461410190
2026-04-28T21:00:00Z,2461159.375000000,42162.869641,430962.624346,27.561387638,8.690951826,28.690951826,0.230985128,20.000000000,0.176298501778,0.922486694336,92.248669434
2026-04-28T22:00:00Z,2461159.416666667,42162.232712,425134.561144,40.846895738,8.691084133,28.691084133,0.234151663,20.000000000,0.042898685253,0.911870519926,91.187051993
2026-04-28T23:00:00Z,2461159.458333333,42161.735594,417411.380778,54.373259886,8.691187401,28.691187401,0.238484094,20.000000000,0.000000000000,0.908456318375,90.845631837
2026-04-29T00:00:00Z,2461159.500000000,42161.420816,408208.009238,68.176706613,8.691252792,28.691252792,0.243860938,20.000000000,0.000000000000,0.908456044416,90.845604442
2026-04-29T01:00:00Z,2461159.541666667,42161.319558,398046.089880,82.303587898,8.691273827,28.691273827,0.250086626,20.000000000,0.000000000000,0.908455956287,90.845595629
2026-04-29T02:00:00Z,2461159.583333333,42161.445711,387540.962193,96.792340360,8.691247620,28.691247620,0.256865804,20.000000000,0.000000000000,0.908456066082,90.845606608
2026-04-29T03:00:00Z,2461159.625000000,42161.791673,377378.331507,111.659941961,8.691175751,28.691175751,0.263783134,20.000000000,0.000000000000,0.908456367182,90.845636718
2026-04-29T04:00:00Z,2461159.666666667,42162.324478,368276.370222,126.883256559,8.691065071,28.691065071,0.270302590,20.000000000,0.000000000000,0.908456830884,90.845683088
2026-04-29T05:00:00Z,2461159.708333333,42162.985334,360930.807784,142.359893222,8.690927794,28.690927794,0.275803754,20.000000000,0.000000000000,0.908457406010,90.845740601
2026-04-29T06:00:00Z,2461159.750000000,42163.694628,355944.507716,157.750437495,8.690780460,28.690780460,0.279667421,20.000000000,0.000000000000,0.908458023268,90.845802327
2026-04-29T07:00:00Z,2461159.791666667,42164.371156,353751.572345,170.735460432,8.690639937,28.690639937,0.281401117,20.000000000,0.000000000000,0.908458611989,90.845861199
2026-04-29T08:00:00Z,2461159.833333333,42164.952091,354553.568140,165.744325695,8.690519273,28.690519273,0.280764586,20.000000000,0.000000000000,0.908459117507,90.845911751
2026-04-29T09:00:00Z,2461159.875000000,42165.405817,358287.332476,150.980117089,8.690425034,28.690425034,0.277838674,20.000000000,0.000000000000,0.908459512319,90.845951232
2026-04-29T10:00:00Z,2461159.916666667,42165.733168,364635.613232,135.507761799,8.690357044,28.690357044,0.273001485,20.000000000,0.000000000000,0.908459797160,90.845979716
2026-04-29T11:00:00Z,2461159.958333333,42165.957028,373076.710900,120.169365141,8.690310550,28.690310550,0.266824608,20.000000000,0.000000000000,0.908459991945,90.845999195
2026-04-29T12:00:00Z,2461160.000000000,42166.092185,382956.744224,105.157936757,8.690282479,28.690282479,0.259940660,20.000000000,0.000000000000,0.908460109548,90.846010955
2026-04-29T13:00:00Z,2461160.041666667,42166.066044,393564.462428,90.534789335,8.690287908,28.690287908,0.252934450,20.000000000,0.000000000000,0.908460086802,90.846008680
2026-04-29T14:00:00Z,2461160.083333333,42165.917657,404194.753935,76.307136944,8.690318727,28.690318727,0.246282251,20.000000000,0.000000000000,0.908459957687,90.845995769
2026-04-29T15:00:00Z,2461160.125000000,42165.712292,414195.269176,62.457186031,8.690361380,28.690361380,0.240335867,20.000000000,0.000000000000,0.908459778994,90.845977899
2026-04-29T16:00:00Z,2461160.166666667,42165.429786,422996.359176,48.964781816,8.690420056,28.690420056,0.235335281,20.000000000,0.000000000000,0.908459533176,90.845953318
2026-04-29T17:00:00Z,2461160.208333333,42165.021225,430128.762493,35.842672869,8.690504914,28.690504914,0.231432926,20.000000000,0.087576728903,0.915428312317,91.542831232
2026-04-29T18:00:00Z,2461160.250000000,42164.450946,435233.067516,23.254871452,8.690623364,28.690623364,0.228718724,20.000000000,0.226673911528,0.926496818166,92.649681817
2026-04-29T19:00:00Z,2461160.291666667,42163.799863,438064.512689,12.291062734,8.690758601,28.690758601,0.227240385,20.000000000,0.352701307404,0.936525193100,93.652519310
2026-04-29T20:00:00Z,2461160.333333333,42163.145011,438494.828195,10.371580686,8.690894626,28.690894626,0.227017382,20.000000000,0.369839994444,0.937888476604,93.788847660
2026-04-29T21:00:00Z,2461160.375000000,42162.512136,436512.599372,20.224074011,8.691026089,28.691026089,0.228048286,20.000000000,0.262812599975,0.929370956396,92.937095640
2026-04-29T22:00:00Z,2461160.416666667,42161.934678,432223.212588,32.568836781,8.691146044,28.691146044,0.230311451,20.000000000,0.120928264972,0.918079657205,91.807965721
2026-04-29T23:00:00Z,2461160.458333333,42161.454451,425848.066370,45.547437391,8.691245804,28.691245804,0.233759341,20.000000000,0.011151242836,0.909343461399,90.934346140
2026-04-30T00:00:00Z,2461160.500000000,42161.117872,417722.608840,58.895747176,8.691315725,28.691315725,0.238306408,20.000000000,0.000000000000,0.908455780751,90.845578075
2026-04-30T01:00:00Z,2461160.541666667,42160.968284,408292.005540,72.574415843,8.691346801,28.691346801,0.243810769,20.000000000,0.000000000000,0.908455650557,90.845565056
2026-04-30T02:00:00Z,2461160.583333333,42161.036351,398102.381412,86.588951041,8.691332660,28.691332660,0.250051263,20.000000000,0.000000000000,0.908455709799,90.845570980
2026-04-30T03:00:00Z,2461160.625000000,42161.331291,387784.584232,100.941805651,8.691271389,28.691271389,0.256704429,20.000000000,0.000000000000,0.908455966499,90.845596650
2026-04-30T04:00:00Z,2461160.666666667,42161.835657,378026.615616,115.601646037,8.691166614,28.691166614,0.263330765,20.000000000,0.000000000000,0.908456405462,90.845640546
2026-04-30T05:00:00Z,2461160.708333333,42162.606005,369531.064790,130.456819410,8.691006590,28.691006590,0.269384806,20.000000000,0.000000000000,0.908457075892,90.845707589
2026-04-30T06:00:00Z,2461160.750000000,42163.414886,362956.187649,145.188067630,8.690838567,28.690838567,0.274264693,20.000000000,0.000000000000,0.908457779828,90.845777983
2026-04-30T07:00:00Z,2461160.791666667,42164.154552,358845.545855,158.678102729,8.690684928,28.690684928,0.277406470,20.000000000,0.000000000000,0.908458423501,90.845842350
2026-04-30T08:00:00Z,2461160.833333333,42164.861765,357556.090928,165.605751849,8.690538034,28.690538034,0.278406889,20.000000000,0.000000000000,0.908459038908,90.845903891
2026-04-30T09:00:00Z,2461160.875000000,42165.478876,359204.802973,158.153068629,8.690409860,28.690409860,0.277129021,20.000000000,0.000000000000,0.908459575891,90.845957589
2026-04-30T10:00:00Z,2461160.916666667,42165.977582,363651.179194,144.588064426,8.690306281,28.690306281,0.273740529,20.000000000,0.000000000000,0.908460009830,90.846000983
2026-04-30T11:00:00Z,2461160.958333333,42166.343741,370520.332126,129.897244808,8.690230233,28.690230233,0.268665559,20.000000000,0.000000000000,0.908460328428,90.846032843
2026-04-30T12:00:00Z,2461161.000000000,42166.539878,379258.685806,115.126551461,8.690189498,28.690189498,0.262475295,20.000000000,0.000000000000,0.908460499085,90.846049909
2026-04-30T13:00:00Z,2461161.041666667,42166.561001,389204.917953,100.582330949,8.690185111,28.690185111,0.255767626,20.000000000,0.000000000000,0.908460517464,90.846051746
2026-04-30T14:00:00Z,2461161.083333333,42166.411292,399660.450917,86.375795737,8.690216204,28.690216204,0.249076436,20.000000000,0.000000000000,0.908460387204,90.846038720
2026-04-30T15:00:00Z,2461161.125000000,42166.099510,409946.675104,72.546326253,8.690280958,28.690280958,0.242826668,20.000000000,0.000000000000,0.908460115921,90.846011592
2026-04-30T16:00:00Z,2461161.166666667,42165.638554,419445.674797,59.111480057,8.690376695,28.690376695,0.237327449,20.000000000,0.000000000000,0.908459714832,90.845971483
2026-04-30T17:00:00Z,2461161.208333333,42165.049818,427626.189135,46.110393015,8.690498975,28.690498975,0.232787336,20.000000000,0.008314628195,0.909120859634,90.912085963
2026-04-30T18:00:00Z,2461161.250000000,42164.368739,434058.606726,33.690673934,8.690640439,28.690640439,0.229337586,20.000000000,0.109196404998,0.917148183698,91.714818370
2026-04-30T19:00:00Z,2461161.291666667,42163.649497,438422.799676,22.419487983,8.690789834,28.690789834,0.227054679,20.000000000,0.236613496687,0.927287087794,92.728708779
2026-04-30T20:00:00Z,2461161.333333333,42162.939132,440512.045033,14.724876044,8.690937391,28.690937391,0.225977806,20.000000000,0.326951658661,0.934475352117,93.447535212
2026-04-30T21:00:00Z,2461161.375000000,42162.279032,440234.552815,16.486168561,8.691074511,28.691074511,0.226120247,20.000000000,0.306929594870,0.932881472434,93.288147243
2026-04-30T22:00:00Z,2461161.416666667,42161.711478,437613.717278,25.843543674,8.691192410,28.691192410,0.227474471,20.000000000,0.196178709260,0.924067703041,92.406770304
2026-04-30T23:00:00Z,2461161.458333333,42161.277715,432787.665512,37.569904925,8.691282519,28.691282519,0.230011072,20.000000000,0.071184798030,0.914120626109,91.412062611
2026-05-01T00:00:00Z,2461161.500000000,42161.014051,426007.926584,50.148126789,8.691337293,28.691337293,0.233671622,20.000000000,0.000000000000,0.908455690391,90.845569039
2026-05-01T01:00:00Z,2461161.541666667,42160.946697,417636.525239,63.209206654,8.691351285,28.691351285,0.238355528,20.000000000,0.000000000000,0.908455631769,90.845563177
2026-05-01T02:00:00Z,2461161.583333333,42161.086688,408140.115800,76.646840692,8.691322203,28.691322203,0.243901504,20.000000000,0.000000000000,0.908455753610,90.845575361
2026-05-01T03:00:00Z,2461161.625000000,42161.422273,398078.693093,90.419234469,8.691252489,28.691252489,0.250066143,20.000000000,0.000000000000,0.908456045684,90.845604568
2026-05-01T04:00:00Z,2461161.666666667,42161.915199,388085.476865,104.481649069,8.691150091,28.691150091,0.256505398,20.000000000,0.000000000000,0.908456474688,90.845647469
2026-05-01T05:00:00Z,2461161.708333333,42162.544169,378838.518640,118.731007459,8.691019435,28.691019435,0.262766407,20.000000000,0.000000000000,0.908457022077,90.845702208
2026-05-01T06:00:00Z,2461161.750000000,42163.271286,371014.115421,132.916072989,8.690868396,28.690868396,0.268307989,20.000000000,0.000000000000,0.908457654860,90.845765486
2026-05-01T07:00:00Z,2461161.791666667,42164.036606,365223.305079,146.380020435,8.690709427,28.690709427,0.272562187,20.000000000,0.000000000000,0.908458320863,90.845832086
2026-05-01T08:00:00Z,2461161.833333333,42164.786138,361943.878352,157.069702274,8.690553743,28.690553743,0.275031781,20.000000000,0.000000000000,0.908458973100,90.845897310
2026-05-01T09:00:00Z,2461161.875000000,42165.470946,361457.455201,159.443017940,8.690411507,28.690411507,0.275401902,20.000000000,0.000000000000,0.908459568990,90.845956899
2026-05-01T10:00:00Z,2461161.916666667,42166.044602,363807.409026,151.312479692,8.690292362,28.690292362,0.273622975,20.000000000,0.000000000000,0.908460068145,90.846006815
2026-05-01T11:00:00Z,2461161.958333333,42166.466118,368792.744702,138.628282365,8.690204817,28.690204817,0.269924116,20.000000000,0.000000000000,0.908460434907,90.846043491
2026-05-01T12:00:00Z,2461162.000000000,42166.703996,375999.475380,124.694090835,8.690155413,28.690155413,0.264750480,20.000000000,0.000000000000,0.908460641883,90.846064188
2026-05-01T13:00:00Z,2461162.041666667,42166.745769,384859.284763,110.532479371,8.690146737,28.690146737,0.258655642,20.000000000,0.000000000000,0.908460678228,90.846067823
2026-05-01T14:00:00Z,2461162.083333333,42166.590808,394718.229885,96.508747315,8.690178920,28.690178920,0.252195113,20.000000000,0.000000000000,0.908460543399,90.846054340
2026-05-01T15:00:00Z,2461162.125000000,42166.243422,404899.992487,82.776733781,8.690251068,28.690251068,0.245853284,20.000000000,0.000000000000,0.908460241140,90.846024114
2026-05-01T16:00:00Z,2461162.166666667,42165.720523,414756.892292,69.413686255,8.690359671,28.690359671,0.240010426,20.000000000,0.000000000000,0.908459786157,90.845978616
2026-05-01T17:00:00Z,2461162.208333333,42165.059858,423706.921429,56.484696893,8.690496890,28.690496890,0.234940619,20.000000000,0.000000000000,0.908459211282,90.845921128
2026-05-01T18:00:00Z,2461162.250000000,42164.311458,431257.016945,44.110685851,8.690652337,28.690652337,0.230827448,20.000000000,0.019464200323,0.910007471888,91.000747189
2026-05-01T19:00:00Z,2461162.291666667,42163.521595,437014.755234,32.621510214,8.690816402,28.690816402,0.227786244,20.000000000,0.120367506966,0.918036414551,91.803641455
2026-05-01T20:00:00Z,2461162.333333333,42162.739359,440695.775045,23.037669840,8.690978889,28.690978889,0.225883593,20.000000000,0.229259238580,0.926701062481,92.670106248
2026-05-01T21:00:00Z,2461162.375000000,42162.014682,442127.074284,18.326777246,8.691129425,28.691129425,0.225152336,20.000000000,0.285369650429,0.931165556506,93.116555651
2026-05-01T22:00:00Z,2461162.416666667,42161.395841,441248.272754,21.807800036,8.691257980,28.691257980,0.225600757,20.000000000,0.243912512219,0.927865963680,92.786596368
2026-05-01T23:00:00Z,2461162.458333333,42160.926441,438111.724380,30.845404626,8.691355493,28.691355493,0.227215897,20.000000000,0.139476716164,0.919554818551,91.955481855
2026-05-02T00:00:00Z,2461162.500000000,42160.642024,432881.754269,42.076239559,8.691414580,28.691414580,0.229961077,20.000000000,0.033435205907,0.911116055739,91.111605574
2026-05-02T01:00:00Z,2461162.541666667,42160.566624,425832.761365,54.262503219,8.691430243,28.691430243,0.233767743,20.000000000,0.000000000000,0.908455300966,90.845530097
2026-05-02T02:00:00Z,2461162.583333333,42160.709810,417345.356716,67.003084548,8.691400497,28.691400497,0.238521822,20.000000000,0.000000000000,0.908455425591,90.845542559
2026-05-02T03:00:00Z,2461162.625000000,42161.064749,407899.019964,80.145549545,8.691326761,28.691326761,0.244045667,20.000000000,0.000000000000,0.908455734515,90.845573452
2026-05-02T04:00:00Z,2461162.666666667,42161.607807,398058.954063,93.603824327,8.691213947,28.691213947,0.250078543,20.000000000,0.000000000000,0.908456207159,90.845620716
2026-05-02T05:00:00Z,2461162.708333333,42162.295391,388453.969139,107.278687699,8.691071113,28.691071113,0.256262073,20.000000000,0.000000000000,0.908456805569,90.845680557
2026-05-02T06:00:00Z,2461162.750000000,42163.078431,379742.611861,120.985014442,8.690908456,28.690908456,0.262140807,20.000000000,0.000000000000,0.908457487028,90.845748703
2026-05-02T07:00:00Z,2461162.791666667,42163.908523,372565.293281,134.315191115,8.690736031,28.690736031,0.267190879,20.000000000,0.000000000000,0.908458209404,90.845820940
2026-05-02T08:00:00Z,2461162.833333333,42164.730555,367483.728504,146.266053905,8.690565287,28.690565287,0.270885621,20.000000000,0.000000000000,0.908458924733,90.845892473
2026-05-02T09:00:00Z,2461162.875000000,42165.485186,364915.754620,154.236034316,8.690408549,28.690408549,0.272791904,20.000000000,0.000000000000,0.908459581381,90.845958138
2026-05-02T10:00:00Z,2461162.916666667,42166.115231,365079.050509,153.934450499,8.690277693,28.690277693,0.272669886,20.000000000,0.000000000000,0.908460129600,90.846012960
2026-05-02T11:00:00Z,2461162.958333333,42166.581174,367959.384332,145.604405145,8.690180921,28.690180921,0.270535449,20.000000000,0.000000000000,0.908460535017,90.846053502
2026-05-02T12:00:00Z,2461163.000000000,42166.852129,373313.183939,133.563392872,8.690124648,28.690124648,0.266655588,20.000000000,0.000000000000,0.908460770770,90.846077077
2026-05-02T13:00:00Z,2461163.041666667,42166.902351,380703.938263,120.267595021,8.690114218,28.690114218,0.261478863,20.000000000,0.000000000000,0.908460814467,90.846081447
2026-05-02T14:00:00Z,2461163.083333333,42166.730478,389560.592151,106.660491954,8.690149913,28.690149913,0.255534105,20.000000000,0.000000000000,0.908460664924,90.846066492
2026-05-02T15:00:00Z,2461163.125000000,42166.349063,399242.383316,93.131498767,8.690229128,28.690229128,0.249337259,20.000000000,0.000000000000,0.908460333059,90.846033306
2026-05-02T16:00:00Z,2461163.166666667,42165.784027,409097.977685,79.865044776,8.690346481,28.690346481,0.243330429,20.000000000,0.000000000000,0.908459841413,90.845984141
2026-05-02T17:00:00Z,2461163.208333333,42165.072869,418511.599134,66.972175888,8.690494188,28.690494188,0.237857143,20.000000000,0.000000000000,0.908459222603,90.845922260
2026-05-02T18:00:00Z,2461163.250000000,42164.262844,426935.174244,54.566991973,8.690662434,28.690662434,0.233164115,20.000000000,0.000000000000,0.908458517736,90.845851774
2026-05-02T19:00:00Z,2461163.291666667,42163.409390,433908.839528,42.858739403,8.690839709,28.690839709,0.229416744,20.000000000,0.027789701562,0.910669209230,91.066920923
2026-05-02T20:00:00Z,2461163.333333333,42162.567864,439072.148577,32.356944088,8.691014513,28.691014513,0.226718883,20.000000000,0.123173529846,0.918258880765,91.825888077
2026-05-02T21:00:00Z,2461163.375000000,42161.791951,442170.421406,24.404837503,8.691175694,28.691175694,0.225130263,20.000000000,0.213065611657,0.925411590073,92.541159007
2026-05-02T22:00:00Z,2461163.416666667,42161.132242,443057.917846,21.799681661,8.691312740,28.691312740,0.224679299,20.000000000,0.244010094705,0.927873499626,92.787349963
2026-05-02T23:00:00Z,2461163.458333333,42160.633427,441698.995077,26.140932147,8.691416365,28.691416365,0.225370547,20.000000000,0.192716015389,0.923791212341,92.379121234
2026-05-03T00:00:00Z,2461163.500000000,42160.331294,438168.100454,34.963319887,8.691479133,28.691479133,0.227186662,20.000000000,0.096272674194,0.916116232131,91.611623213
2026-05-03T01:00:00Z,2461163.541666667,42160.249718,432648.757885,45.822274818,8.691496080,28.691496080,0.230084920,20.000000000,0.009736328993,0.909229817580,90.922981758
2026-05-03T02:00:00Z,2461163.583333333,42160.398006,425431.187551,57.674853469,8.691465274,28.691465274,0.233988403,20.000000000,0.000000000000,0.908455154205,90.845515420
2026-05-03T03:00:00Z,2461163.625000000,42160.769080,416907.631308,70.118464918,8.691388184,28.691388184,0.238772255,20.000000000,0.000000000000,0.908455477178,90.845547718
2026-05-03T04:00:00Z,2461163.666666667,42161.338976,407563.782056,82.971503401,8.691269793,28.691269793,0.244246406,20.000000000,0.000000000000,0.908455973188,90.845597319
2026-05-03T05:00:00Z,2461163.708333333,42162.067825,397963.967840,96.111914170,8.691118385,28.691118385,0.250138233,20.000000000,0.000000000000,0.908456607519,90.845660752
2026-05-03T06:00:00Z,2461163.750000000,42162.895006,388726.785713,109.392493769,8.690946557,28.690946557,0.256082221,20.000000000,0.000000000000,0.908457327401,90.845732740
2026-05-03T07:00:00Z,2461163.791666667,42163.773262,380490.191591,122.549855755,8.690764126,28.690764126,0.261625754,20.000000000,0.000000000000,0.908458091698,90.845809170
2026-05-03T08:00:00Z,2461163.833333333,42164.648180,373862.440666,135.030918892,8.690582397,28.690582397,0.266263831,20.000000000,0.000000000000,0.908458853052,90.845885305
2026-05-03T09:00:00Z,2461163.875000000,42165.451376,369361.554241,145.570614850,8.690415572,28.690415572,0.269508435,20.000000000,0.000000000000,0.908459551963,90.845955196
2026-05-03T10:00:00Z,2461163.916666667,42166.134996,367355.221201,151.442484816,8.690273588,28.690273588,0.270980383,20.000000000,0.000000000000,0.908460146798,90.846014680
2026-05-03T11:00:00Z,2461163.958333333,42166.649163,368011.233883,149.598003625,8.690166801,28.690166801,0.270497333,20.000000000,0.000000000000,0.908460594173,90.846059417
2026-05-03T12:00:00Z,2461164.000000000,42166.946763,371272.937433,141.181683334,8.690104994,28.690104994,0.268120944,20.000000000,0.000000000000,0.908460853108,90.846085311
2026-05-03T13:00:00Z,2461164.041666667,42167.011461,376868.116767,129.572340655,8.690091557,28.690091557,0.264140254,20.000000000,0.000000000000,0.908460909400,90.846090940
2026-05-03T14:00:00Z,2461164.083333333,42166.829056,384348.083088,116.751979917,8.690129440,28.690129440,0.258999669,20.000000000,0.000000000000,0.908460750694,90.846075069
2026-05-03T15:00:00Z,2461164.125000000,42166.414585,393144.921205,103.583109534,8.690215520,28.690215520,0.253204368,20.000000000,0.000000000000,0.908460390069,90.846039007
2026-05-03T16:00:00Z,2461164.166666667,42165.803795,402632.922983,90.457614306,8.690342376,28.690342376,0.247237597,20.000000000,0.000000000000,0.908459858613,90.845985861
2026-05-03T17:00:00Z,2461164.208333333,42165.044279,412183.330543,77.578640264,8.690500126,28.690500126,0.241508995,20.000000000,0.000000000000,0.908459197726,90.845919773
2026-05-03T18:00:00Z,2461164.250000000,42164.188189,421206.673336,65.084439791,8.690677941,28.690677941,0.236335215,20.000000000,0.000000000000,0.908458452772,90.845845277
2026-05-03T19:00:00Z,2461164.291666667,42163.289793,429182.316022,53.131224418,8.690864551,28.690864551,0.231943292,20.000000000,0.000000000000,0.908457670966,90.845767097
2026-05-03T20:00:00Z,2461164.333333333,42162.405046,435676.515151,42.004379899,8.691048334,28.691048334,0.228485924,20.000000000,0.033966028411,0.911159831661,91.115983166
2026-05-03T21:00:00Z,2461164.375000000,42161.589061,440353.354276,32.354813590,8.691217841,28.691217841,0.226059242,20.000000000,0.123198510372,0.918260016798,91.826001680
2026-05-03T22:00:00Z,2461164.416666667,42160.894830,442980.800568,25.694554522,8.691362060,28.691362060,0.224718413,20.000000000,0.197920618724,0.924205609030,92.420560903
2026-05-03T23:00:00Z,2461164.458333333,42160.370931,443433.632125,24.466498382,8.691470898,28.691470898,0.224488931,20.000000000,0.212342029795,0.925352772473,92.535277247
2026-05-04T00:00:00Z,2461164.500000000,42160.057599,441694.567813,29.337481093,8.691535993,28.691535993,0.225372806,20.000000000,0.156171167441,0.920882564551,92.088256455
2026-05-04T01:00:00Z,2461164.541666667,42159.987266,437854.210715,38.073977756,8.691550605,28.691550605,0.227349529,20.000000000,0.066580466886,0.913753101909,91.375310191
2026-05-04T02:00:00Z,2461164.583333333,42160.217574,432109.923085,48.711530642,8.691502758,28.691502758,0.230371834,20.000000000,0.000000000000,0.908454997159,90.845499716
2026-05-04T03:00:00Z,2461164.625000000,42160.737403,424762.999153,60.340990961,8.691394765,28.691394765,0.234356488,20.000000000,0.000000000000,0.908455449607,90.845544961
2026-05-04T04:00:00Z,2461164.666666667,42161.491210,416213.417706,72.572713426,8.691238168,28.691238168,0.239170512,20.000000000,0.000000000000,0.908456105682,90.845610568
2026-05-04T05:00:00Z,2461164.708333333,42162.399966,406950.366344,85.210741969,8.691049390,28.691049390,0.244614572,20.000000000,0.000000000000,0.908456896580,90.845689658
2026-05-04T06:00:00Z,2461164.750000000,42163.373905,397536.214243,98.108714850,8.690847080,28.690847080,0.250407386,20.000000000,0.000000000000,0.908457744164,90.845774416
2026-05-04T07:00:00Z,2461164.791666667,42164.326039,388581.164877,111.082201051,8.690649308,28.690649308,0.256178189,20.000000000,0.000000000000,0.908458572729,90.845857273
2026-05-04T08:00:00Z,2461164.833333333,42165.183505,380706.152258,123.806558611,8.690471208,28.690471208,0.261477342,20.000000000,0.000000000000,0.908459318875,90.845931887
2026-05-04T09:00:00Z,2461164.875000000,42165.894515,374493.473757,135.618572841,8.690323534,28.690323534,0.265815165,20.000000000,0.000000000000,0.908459937551,90.845993755
2026-05-04T10:00:00Z,2461164.916666667,42166.429908,370428.668068,145.080536315,8.690212337,28.690212337,0.268732042,20.000000000,0.000000000000,0.908460403401,90.846040340
2026-05-04T11:00:00Z,2461164.958333333,42166.779736,368842.540954,149.500710810,8.690139683,28.690139683,0.269887674,20.000000000,0.000000000000,0.908460707783,90.846070778
2026-05-04T12:00:00Z,2461165.000000000,42166.946585,369866.426768,146.659928540,8.690105031,28.690105031,0.269140550,20.000000000,0.000000000000,0.908460852954,90.846085295
2026-05-04T13:00:00Z,2461165.041666667,42166.939084,373413.247434,138.086808143,8.690106589,28.690106589,0.266584132,20.000000000,0.000000000000,0.908460846427,90.846084643
2026-05-04T14:00:00Z,2461165.083333333,42166.770436,379190.280792,126.669936227,8.690141614,28.690141614,0.262522645,20.000000000,0.000000000000,0.908460699691,90.846069969
2026-05-04T15:00:00Z,2461165.125000000,42166.452829,386739.835250,114.114149206,8.690207577,28.690207577,0.257397902,20.000000000,0.000000000000,0.908460423345,90.846042335
2026-05-04T16:00:00Z,2461165.166666667,42166.003321,395495.749729,101.210708195,8.690300935,28.690300935,0.251699310,20.000000000,0.000000000000,0.908460032226,90.846003223
2026-05-04T17:00:00Z,2461165.208333333,42165.446360,404842.516519,88.340382556,8.690416614,28.690416614,0.245888188,20.000000000,0.000000000000,0.908459547597,90.845954760
2026-05-04T18:00:00Z,2461165.250000000,42164.816696,414166.973624,75.712574286,8.690547395,28.690547395,0.240352287,20.000000000,0.000000000000,0.908458999691,90.845899969
2026-05-04T19:00:00Z,2461165.291666667,42164.165453,422898.024214,63.481272151,8.690682664,28.690682664,0.235390003,20.000000000,0.000000000000,0.908458432987,90.845843299
2026-05-04T20:00:00Z,2461165.333333333,42163.537081,430533.718694,51.832274438,8.690813185,28.690813185,0.231215241,20.000000000,0.000000000000,0.908457886167,90.845788617
2026-05-04T21:00:00Z,2461165.375000000,42162.969866,436658.691702,41.106650648,8.690931007,28.690931007,0.227971988,20.000000000,0.040839451277,0.911707292821,91.170729282
2026-05-04T22:00:00Z,2461165.416666667,42162.498146,440954.531594,32.057959398,8.691028995,28.691028995,0.225751042,20.000000000,0.126360422493,0.918512424950,91.851242495
2026-05-04T23:00:00Z,2461165.458333333,42162.151249,443205.466791,26.302728932,8.691101055,28.691101055,0.224604500,20.000000000,0.190830520281,0.923642490421,92.364249042
2026-05-05T00:00:00Z,2461165.500000000,42161.952305,443301.220311,26.028007721,8.691142383,28.691142383,0.224555985,20.000000000,0.194027324607,0.923896710885,92.389671088
2026-05-05T01:00:00Z,2461165.541666667,42161.916755,441238.149165,31.372298274,8.691149767,28.691149767,0.225605934,20.000000000,0.133740407485,0.919099199514,91.909919951
2026-05-05T02:00:00Z,2461165.583333333,42162.050647,437119.197490,40.200162627,8.691121954,28.691121954,0.227731818,20.000000000,0.048149681510,0.912288222480,91.228822248
2026-05-05T03:00:00Z,2461165.625000000,42162.349013,431152.679737,50.801733442,8.691059974,28.691059974,0.230883307,20.000000000,0.000000000000,0.908456852237,90.845685224
2026-05-05T04:00:00Z,2461165.666666667,42162.794830,423649.403400,62.365142484,8.690967366,28.690967366,0.234972516,20.000000000,0.000000000000,0.908457240222,90.845724022
2026-05-05T05:00:00Z,2461165.708333333,42163.335754,415016.855089,74.524523549,8.690855004,28.690855004,0.239860085,20.000000000,0.000000000000,0.908457710963,90.845771096
2026-05-05T06:00:00Z,2461165.750000000,42163.960536,405749.744107,87.083498930,8.690725227,28.690725227,0.245338396,20.000000000,0.000000000000,0.908458254666,90.845825467
2026-05-05T07:00:00Z,2461165.791666667,42164.634768,396412.700342,99.884643775,8.690585183,28.690585183,0.251117096,20.000000000,0.000000000000,0.908458841381,90.845884138
2026-05-05T08:00:00Z,2461165.833333333,42165.296418,387613.482905,112.721835722,8.690447756,28.690447756,0.256817745,20.000000000,0.000000000000,0.908459417126,90.845941713
2026-05-05T09:00:00Z,2461165.875000000,42165.902216,379965.154993,125.228362278,8.690321934,28.690321934,0.261987271,20.000000000,0.000000000000,0.908459944252,90.845994425
2026-05-05T10:00:00Z,2461165.916666667,42166.411148,374035.580000,136.657319918,8.690216234,28.690216234,0.266140578,20.000000000,0.000000000000,0.908460387078,90.846038708
2026-05-05T11:00:00Z,2461165.958333333,42166.786939,370289.300998,145.427568086,8.690138187,28.690138187,0.268833186,20.000000000,0.000000000000,0.908460714050,90.846071405
2026-05-05T12:00:00Z,2461166.000000000,42167.001027,369031.084518,148.821771337,8.690093724,28.690093724,0.269749783,20.000000000,0.000000000000,0.908460900322,90.846090032
2026-05-05T13:00:00Z,2461166.041666667,42167.035604,370364.274106,145.118702160,8.690086543,28.690086543,0.268778766,20.000000000,0.000000000000,0.908460930407,90.846093041
2026-05-05T14:00:00Z,2461166.083333333,42166.887017,374175.820470,136.173090110,8.690117402,28.690117402,0.266040828,20.000000000,0.000000000000,0.908460801125,90.846080113
2026-05-05T15:00:00Z,2461166.125000000,42166.569235,380152.713205,124.667745260,8.690183401,28.690183401,0.261858012,20.000000000,0.000000000000,0.908460524629,90.846052463
2026-05-05T16:00:00Z,2461166.166666667,42166.103607,387824.459648,112.132520409,8.690280107,28.690280107,0.256678035,20.000000000,0.000000000000,0.908460119486,90.846011949
2026-05-05T17:00:00Z,2461166.208333333,42165.519893,396619.807586,99.289188047,8.690401341,28.690401341,0.250985966,20.000000000,0.000000000000,0.908459611582,90.845961158
2026-05-05T18:00:00Z,2461166.250000000,42164.856745,405924.765709,86.493615594,8.690539077,28.690539077,0.245232614,20.000000000,0.000000000000,0.908459034540,90.845903454
2026-05-05T19:00:00Z,2461166.291666667,42164.164828,415132.603013,73.947693669,8.690682793,28.690682793,0.239793206,20.000000000,0.000000000000,0.908458432443,90.845843244
2026-05-05T20:00:00Z,2461166.333333333,42163.491367,423681.441291,61.808219869,8.690822681,28.690822681,0.234954748,20.000000000,0.000000000000,0.908457846384,90.845784638
2026-05-05T21:00:00Z,2461166.375000000,42162.878352,431080.284512,50.275266318,8.690950016,28.690950016,0.230922082,20.000000000,0.000000000000,0.908457312908,90.845731291
2026-05-05T22:00:00Z,2461166.416666667,42162.363343,436925.583622,39.727186171,8.691056997,28.691056997,0.227832733,20.000000000,0.052098826775,0.912602757613,91.260275761
2026-05-05T23:00:00Z,2461166.458333333,42161.978982,440911.035069,31.006344038,8.691136841,28.691136841,0.225773313,20.000000000,0.137717006269,0.919415701347,91.941570135
2026-05-06T00:00:00Z,2461166.500000000,42161.751959,442833.016959,25.871461147,8.691184001,28.691184001,0.224793407,20.000000000,0.195852869443,0.924041808764,92.404180876
2026-05-06T01:00:00Z,2461166.541666667,42161.700513,442593.347952,26.426015103,8.691194688,28.691194688,0.224915136,20.000000000,0.189400067935,0.923528266361,92.352826636
2026-05-06T02:00:00Z,2461166.583333333,42161.828139,440200.292141,32.388199803,8.691168176,28.691168176,0.226137846,20.000000000,0.122843267046,0.918231955507,91.823195551
2026-05-06T03:00:00Z,2461166.625000000,42162.126113,435768.703091,41.547830829,8.691106277,28.691106277,0.228437587,20.000000000,0.037415295477,0.911434072859,91.143407286
2026-05-06T04:00:00Z,2461166.666666667,42162.575947,429518.951143,52.334125716,8.691012834,28.691012834,0.231761506,20.000000000,0.000000000000,0.908457049733,90.845704973
2026-05-06T05:00:00Z,2461166.708333333,42163.149949,421774.006493,64.021615539,8.690893600,28.690893600,0.236017316,20.000000000,0.000000000000,0.908457549267,90.845754927
2026-05-06T06:00:00Z,2461166.750000000,42163.812148,412953.613378,76.281014938,8.690756049,28.690756049,0.241058506,20.000000000,0.000000000000,0.908458125537,90.845812554
2026-05-06T07:00:00Z,2461166.791666667,42164.519681,403563.713941,88.930578229,8.690609087,28.690609087,0.246667357,20.000000000,0.000000000000,0.908458741234,90.845874123
2026-05-06T08:00:00Z,2461166.833333333,42165.224916,394178.612038,101.816018963,8.690462607,28.690462607,0.252540363,20.000000000,0.000000000000,0.908459354908,90.845935491
2026-05-06T09:00:00Z,2461166.875000000,42165.878457,385413.044750,114.723764503,8.690326869,28.690326869,0.258284004,20.000000000,0.000000000000,0.908459923579,90.845992358
2026-05-06T10:00:00Z,2461166.916666667,42166.432828,377881.997935,127.261638687,8.690211731,28.690211731,0.263431544,20.000000000,0.000000000000,0.908460405942,90.846040594
2026-05-06T11:00:00Z,2461166.958333333,42166.846436,372148.543249,138.609918815,8.690125830,28.690125830,0.267490094,20.000000000,0.000000000000,0.908460765817,90.846076582
2026-05-06T12:00:00Z,2461167.000000000,42167.087276,368664.492649,147.002555171,8.690075812,28.690075812,0.270018019,20.000000000,0.000000000000,0.908460975364,90.846097536
2026-05-06T13:00:00Z,2461167.041666667,42167.127547,367714.149409,149.513135767,8.690067448,28.690067448,0.270715875,20.000000000,0.000000000000,0.908461010403,90.846101040
2026-05-06T14:00:00Z,2461167.083333333,42166.925116,369374.886655,144.771382859,8.690109490,28.690109490,0.269498707,20.000000000,0.000000000000,0.908460834274,90.846083427
2026-05-06T15:00:00Z,2461167.125000000,42166.541292,373505.178173,135.126933982,8.690189204,28.690189204,0.266518517,20.000000000,0.000000000000,0.908460500316,90.846050032
2026-05-06T16:00:00Z,2461167.166666667,42166.066378,379765.112452,123.229622099,8.690287839,28.690287839,0.262125275,20.000000000,0.000000000000,0.908460087092,90.846008709
2026-05-06T17:00:00Z,2461167.208333333,42165.508760,387662.558222,110.467414737,8.690403653,28.690403653,0.256785234,20.000000000,0.000000000000,0.908459601894,90.845960189
2026-05-06T18:00:00Z,2461167.250000000,42164.833459,396611.040053,97.479904809,8.690543914,28.690543914,0.250991515,20.000000000,0.000000000000,0.908459014278,90.845901428
2026-05-06T19:00:00Z,2461167.291666667,42164.111714,405988.317560,84.580926099,8.690693826,28.690693826,0.245194226,20.000000000,0.000000000000,0.908458386223,90.845838622
2026-05-06T20:00:00Z,2461167.333333333,42163.408741,415185.123540,71.950278493,8.690839844,28.690839844,0.239762873,20.000000000,0.000000000000,0.908457774480,90.845777448
2026-05-06T21:00:00Z,2461167.375000000,42162.772208,423641.754065,59.733469185,8.690972065,28.690972065,0.234976759,20.000000000,0.000000000000,0.908457220534,90.845722053
2026-05-06T22:00:00Z,2461167.416666667,42162.243465,430872.901077,48.129996892,8.691081900,28.691081900,0.231033228,20.000000000,0.000851912253,0.908524553401,90.852455340
2026-05-06T23:00:00Z,2461167.458333333,42161.855318,436483.208625,37.542425579,8.691162530,28.691162530,0.228063642,20.000000000,0.071437203482,0.914141214600,91.414121460
2026-05-07T00:00:00Z,2461167.500000000,42161.630755,440176.395931,28.915989221,8.691209180,28.691209180,0.226150122,20.000000000,0.160902091474,0.921260408737,92.126040874
2026-05-07T01:00:00Z,2461167.541666667,42161.582389,441760.286008,24.276292153,8.691219227,28.691219227,0.225339278,20.000000000,0.214583636680,0.925532208280,92.553220828
2026-05-07T02:00:00Z,2461167.583333333,42161.712368,441149.377227,25.807957230,8.691192226,28.691192226,0.225651332,20.000000000,0.196594034658,0.924100754360,92.410075436
2026-05-07T03:00:00Z,2461167.625000000,42162.012497,438365.932047,32.677899195,8.691129879,28.691129879,0.227084134,20.000000000,0.119775494495,0.917987990372,91.798799037
2026-05-07T04:00:00Z,2461167.666666667,42162.464500,433539.992425,42.436639157,8.691035984,28.691035984,0.229611929,20.000000000,0.030794896950,0.910907532779,91.090753278
2026-05-07T05:00:00Z,2461167.708333333,42163.039052,426908.220001,53.623827492,8.690916635,28.690916635,0.233178837,20.000000000,0.000000000000,0.908457452759,90.845745276
2026-05-07T06:00:00Z,2461167.750000000,42163.696469,418810.939529,65.616580618,8.690780078,28.690780078,0.237687136,20.000000000,0.000000000000,0.908458024870,90.845802487
2026-05-07T07:00:00Z,2461167.791666667,42164.392903,409686.116378,78.141167388,8.690635420,28.690635420,0.242981106,20.000000000,0.000000000000,0.908458630913,90.845863091
2026-05-07T08:00:00Z,2461167.833333333,42165.082275,400058.256975,91.045643009,8.690492234,28.690492234,0.248828761,20.000000000,0.000000000000,0.908459230789,90.845923079
2026-05-07T09:00:00Z,2461167.875000000,42165.718906,390519.522536,104.192491934,8.690360007,28.690360007,0.254906631,20.000000000,0.000000000000,0.908459784750,90.845978475
2026-05-07T10:00:00Z,2461167.916666667,42166.260139,381700.012970,117.375339301,8.690247597,28.690247597,0.260796510,20.000000000,0.000000000000,0.908460255685,90.846025569
2026-05-07T11:00:00Z,2461167.958333333,42166.668920,374225.006415,130.191186975,8.690162698,28.690162698,0.266005861,20.000000000,0.000000000000,0.908460611363,90.846061136
2026-05-07T12:00:00Z,2461168.000000000,42166.916253,368659.753951,141.745298024,8.690111330,28.690111330,0.270021489,20.000000000,0.000000000000,0.908460826563,90.846082656
2026-05-07T13:00:00Z,2461168.041666667,42166.983375,365447.477238,149.976360358,8.690097390,28.690097390,0.272394991,20.000000000,0.000000000000,0.908460884964,90.846088496
2026-05-07T14:00:00Z,2461168.083333333,42166.863457,364852.034193,151.456050440,8.690122295,28.690122295,0.272839546,20.000000000,0.000000000000,0.908460780626,90.846078063
2026-05-07T15:00:00Z,2461168.125000000,42166.562601,366919.837395,145.251061949,8.690184779,28.690184779,0.271301928,20.000000000,0.000000000000,0.908460518856,90.846051886
2026-05-07T16:00:00Z,2461168.166666667,42166.099998,371472.558138,134.533557879,8.690280856,28.690280856,0.267976861,20.000000000,0.000000000000,0.908460116346,90.846011635
2026-05-07T17:00:00Z,2461168.208333333,42165.512821,378133.010980,121.968970678,8.690402810,28.690402810,0.263256671,20.000000000,0.000000000000,0.908459605428,90.845960543
2026-05-07T18:00:00Z,2461168.250000000,42164.845549,386375.926753,108.773480820,8.690541403,28.690541403,0.257640334,20.000000000,0.000000000000,0.908459024798,90.845902480
2026-05-07T19:00:00Z,2461168.291666667,42164.141491,395589.592664,95.477125143,8.690687641,28.690687641,0.251639601,20.000000000,0.000000000000,0.908458412135,90.845841214
2026-05-07T20:00:00Z,2461168.333333333,42163.443564,405135.057961,82.333090471,8.690832610,28.690832610,0.245710635,20.000000000,0.000000000000,0.908457804784,90.845780478
2026-05-07T21:00:00Z,2461168.375000000,42162.793816,414394.624938,69.484289914,8.690967577,28.690967577,0.240220247,20.000000000,0.000000000000,0.908457239339,90.845723934
2026-05-07T22:00:00Z,2461168.416666667,42162.233239,422807.111240,57.051093729,8.691084024,28.691084024,0.235440618,20.000000000,0.000000000000,0.908456751479,90.845675148
2026-05-07T23:00:00Z,2461168.458333333,42161.801236,429891.174375,45.217415832,8.691173765,28.691173765,0.231560833,20.000000000,0.012930212881,0.909485329152,90.948532915
2026-05-08T00:00:00Z,2461168.500000000,42161.539253,435259.573950,34.398029743,8.691228188,28.691228188,0.228704795,20.000000000,0.101963690751,0.916570160195,91.657016019
2026-05-08T01:00:00Z,2461168.541666667,42161.461100,438627.313719,25.678103904,8.691244423,28.691244423,0.226948812,20.000000000,0.198111327494,0.924221278002,92.422127800
2026-05-08T02:00:00Z,2461168.583333333,42161.563165,439816.083877,21.585793662,8.691223220,28.691223220,0.226335393,20.000000000,0.246561124078,0.928076879142,92.807687914
2026-05-08T03:00:00Z,2461168.625000000,42161.836040,438756.469471,24.508725243,8.691166535,28.691166535,0.226882005,20.000000000,0.211840047752,0.925314101167,92.531410117
2026-05-08T04:00:00Z,2461168.666666667,42162.266091,435488.859857,32.654410303,8.691077199,28.691077199,0.228584381,20.000000000,0.120022903564,0.918007899263,91.800789926
2026-05-08T05:00:00Z,2461168.708333333,42162.826925,430163.415943,43.251080450,8.690960699,28.690960699,0.231414282,20.000000000,0.025084675349,0.910453443191,91.045344319
2026-05-08T06:00:00Z,2461168.750000000,42163.479522,423038.939654,55.011978234,8.690825141,28.690825141,0.235311594,20.000000000,0.000000000000,0.908457836077,90.845783608
2026-05-08T07:00:00Z,2461168.791666667,42164.179000,414479.826446,67.453002483,8.690679850,28.690679850,0.240170866,20.000000000,0.000000000000,0.908458444775,90.845844478
2026-05-08T08:00:00Z,2461168.833333333,42164.877761,404949.729048,80.375229709,8.690534712,28.690534712,0.245823088,20.000000000,0.000000000000,0.908459052828,90.845905283
2026-05-08T09:00:00Z,2461168.875000000,42165.528602,394999.680855,93.669355588,8.690399532,28.690399532,0.252015415,20.000000000,0.000000000000,0.908459619159,90.845961916
2026-05-08T10:00:00Z,2461168.916666667,42166.087692,385247.641117,107.226043871,8.690283412,28.690283412,0.258394898,20.000000000,0.000000000000,0.908460105638,90.846010564
2026-05-08T11:00:00Z,2461168.958333333,42166.517308,376346.132009,120.859337304,8.690194185,28.690194185,0.264506614,20.000000000,0.000000000000,0.908460479448,90.846047945
2026-05-08T12:00:00Z,2461169.000000000,42166.788191,368935.701212,134.171088419,8.690137927,28.690137927,0.269819524,20.000000000,0.000000000000,0.908460715139,90.846071514
2026-05-08T13:00:00Z,2461169.041666667,42166.881431,363585.323142,146.184776007,8.690118562,28.690118562,0.273790112,20.000000000,0.000000000000,0.908460796265,90.846079626
2026-05-08T14:00:00Z,2461169.083333333,42166.789780,360726.682417,154.338478308,8.690137597,28.690137597,0.275959825,20.000000000,0.000000000000,0.908460716522,90.846071652
2026-05-08T15:00:00Z,2461169.125000000,42166.518299,360595.601566,154.243135536,8.690193980,28.690193980,0.276060141,20.000000000,0.000000000000,0.908460480310,90.846048031
2026-05-08T16:00:00Z,2461169.166666667,42166.084273,363196.531158,145.951409499,8.690284122,28.690284122,0.274083199,20.000000000,0.000000000000,0.908460102663,90.846010266
2026-05-08T17:00:00Z,2461169.208333333,42165.518360,368301.416532,133.843686299,8.690401659,28.690401659,0.270284208,20.000000000,0.000000000000,0.908459610248,90.845961025
2026-05-08T18:00:00Z,2461169.250000000,42164.862779,375483.278182,120.439190799,8.690537824,28.690537824,0.265114449,20.000000000,0.000000000000,0.908459039791,90.845903979
2026-05-08T19:00:00Z,2461169.291666667,42164.164483,384173.796241,106.696959230,8.690682865,28.690682865,0.259117169,20.000000000,0.000000000000,0.908458432143,90.845843214
2026-05-08T20:00:00Z,2461169.333333333,42163.471031,393729.040448,93.006181251,8.690826905,28.690826905,0.252828723,20.000000000,0.000000000000,0.908457828687,90.845782869
2026-05-08T21:00:00Z,2461169.375000000,42162.827341,403489.764019,79.543307695,8.690960613,28.690960613,0.246712566,20.000000000,0.000000000000,0.908457268514,90.845726851
2026-05-08T22:00:00Z,2461169.416666667,42162.273507,412828.916491,66.402713683,8.691075659,28.691075659,0.241131319,20.000000000,0.000000000000,0.908456786524,90.845678652
2026-05-08T23:00:00Z,2461169.458333333,42161.843487,421184.968646,53.667515869,8.691164988,28.691164988,0.236347394,20.000000000,0.000000000000,0.908456412276,90.845641228
2026-05-09T00:00:00Z,2461169.500000000,42161.564200,428083.185077,41.489606882,8.691223005,28.691223005,0.232538824,20.000000000,0.037863175748,0.911469224998,91.146922500
2026-05-09T01:00:00Z,2461169.541666667,42161.455370,433148.186670,30.277306853,8.691245613,28.691245613,0.229819626,20.000000000,0.145716592744,0.920051832502,92.005183250
2026-05-09T02:00:00Z,2461169.583333333,42161.530271,436110.628024,21.312932810,8.691230054,28.691230054,0.228258484,20.000000000,0.249818102389,0.928336032612,92.833603261
2026-05-09T03:00:00Z,2461169.625000000,42161.784204,436811.014090,18.085404648,8.691177303,28.691177303,0.227892490,20.000000000,0.288221739441,0.931392317951,93.139231795
2026-05-09T04:00:00Z,2461169.666666667,42162.199066,435201.392168,23.104489507,8.691091123,28.691091123,0.228735371,20.000000000,0.228466559477,0.926637512874,92.663751287
2026-05-09T05:00:00Z,2461169.708333333,42162.744954,431346.074992,32.842940073,8.690977727,28.690977727,0.230779790,20.000000000,0.118034627264,0.917850094008,91.785009401
2026-05-09T06:00:00Z,2461169.750000000,42163.382588,425421.486938,44.401465673,8.690845276,28.690845276,0.233993738,20.000000000,0.017667818795,0.909863712068,90.986371207
2026-05-09T07:00:00Z,2461169.791666667,42164.066417,417714.896004,56.812930844,8.690703234,28.690703234,0.238310808,20.000000000,0.000000000000,0.908458346805,90.845834681
2026-05-09T08:00:00Z,2461169.833333333,42164.748192,408621.156516,69.768228514,8.690561624,28.690561624,0.243614374,20.000000000,0.000000000000,0.908458940081,90.845894008
2026-05-09T09:00:00Z,2461169.875000000,42165.380684,398635.830982,83.154904714,8.690430254,28.690430254,0.249716645,20.000000000,0.000000000000,0.908459490450,90.845949045
2026-05-09T10:00:00Z,2461169.916666667,42165.921116,388342.138642,96.913443675,8.690318009,28.690318009,0.256335869,20.000000000,0.000000000000,0.908459960698,90.845996070
2026-05-09T11:00:00Z,2461169.958333333,42166.334435,378388.292870,110.970952148,8.690232166,28.690232166,0.263079062,20.000000000,0.000000000000,0.908460320331,90.846032033
2026-05-09T12:00:00Z,2461170.000000000,42166.602570,369451.537991,125.175999841,8.690176478,28.690176478,0.269442793,20.000000000,0.000000000000,0.908460553633,90.846055363
2026-05-09T13:00:00Z,2461170.041666667,42166.712416,362187.019519,139.161085494,8.690153664,28.690153664,0.274847147,20.000000000,0.000000000000,0.908460649208,90.846064921
2026-05-09T14:00:00Z,2461170.083333333,42166.648454,357162.649876,151.881667013,8.690166948,28.690166948,0.278713578,20.000000000,0.000000000000,0.908460593556,90.846059356
2026-05-09T15:00:00Z,2461170.125000000,42166.399467,354789.294739,159.895760326,8.690218660,28.690218660,0.280578041,20.000000000,0.000000000000,0.908460376915,90.846037691
2026-05-09T16:00:00Z,2461170.166666667,42165.984006,355261.881926,157.118422192,8.690304947,28.690304947,0.280204799,20.000000000,0.000000000000,0.908460015419,90.846001542
2026-05-09T17:00:00Z,2461170.208333333,42165.459401,358528.536571,146.150163038,8.690413905,28.690413905,0.277651754,20.000000000,0.000000000000,0.908459558945,90.845955895
2026-05-09T18:00:00Z,2461170.250000000,42164.873203,364298.305843,132.558474419,8.690535659,28.690535659,0.273254262,20.000000000,0.000000000000,0.908459048861,90.845904886
2026-05-09T19:00:00Z,2461170.291666667,42164.272460,372084.824773,118.311960841,8.690660437,28.690660437,0.267535902,20.000000000,0.000000000000,0.908458526105,90.845852610
2026-05-09T20:00:00Z,2461170.333333333,42163.699125,381271.660310,104.033736871,8.690779526,28.690779526,0.261089512,20.000000000,0.000000000000,0.908458027181,90.845802718
2026-05-09T21:00:00Z,2461170.375000000,42163.186946,391181.845242,89.958994689,8.690885915,28.690885915,0.254475037,20.000000000,0.000000000000,0.908457581464,90.845758146
2026-05-09T22:00:00Z,2461170.416666667,42162.760557,401138.323994,76.182984387,8.690974485,28.690974485,0.248158784,20.000000000,0.000000000000,0.908457210394,90.845721039
2026-05-09T23:00:00Z,2461170.458333333,42162.436428,410509.365348,62.746677347,8.691041815,28.691041815,0.242493821,20.000000000,0.000000000000,0.908456928313,90.845692831
2026-05-10T00:00:00Z,2461170.500000000,42162.224950,418738.983675,49.686846363,8.691085746,28.691085746,0.237727980,20.000000000,0.000000000000,0.908456744265,90.845674427
2026-05-10T01:00:00Z,2461170.541666667,42162.132695,425365.456123,37.103147218,8.691104910,28.691104910,0.234024561,20.000000000,0.075523557387,0.914466637715,91.446663771
2026-05-10T02:00:00Z,2461170.583333333,42162.163958,430031.677192,25.355611131,8.691098416,28.691098416,0.231485175,20.000000000,0.201883272028,0.924522051519,92.452205152
2026-05-10T03:00:00Z,2461170.625000000,42162.320956,432490.512154,15.975615273,8.691065802,28.691065802,0.230169107,20.000000000,0.312812032332,0.933349618421,93.334961842
2026-05-10T04:00:00Z,2461170.666666667,42162.602763,432607.372144,14.393679486,8.691007263,28.691007263,0.230106931,20.000000000,0.330616853440,0.934766726318,93.476672632
2026-05-10T05:00:00Z,2461170.708333333,42163.000540,430361.363879,22.327658842,8.690924635,28.690924635,0.231307841,20.000000000,0.237709394620,0.927373731830,92.737373183
2026-05-10T06:00:00Z,2461170.750000000,42163.499876,425845.900704,33.693353611,8.690820913,28.690820913,0.233760530,20.000000000,0.109170755198,0.917145386454,91.714538645
2026-05-10T07:00:00Z,2461170.791666667,42164.056360,419268.221040,46.148280870,8.690705323,28.690705323,0.237427898,20.000000000,0.008134724105,0.909105678830,90.910567883
2026-05-10T08:00:00Z,2461170.833333333,42164.624657,410948.032508,59.164514745,8.690587283,28.690587283,0.242234969,20.000000000,0.000000000000,0.908458832583,90.845883258
2026-05-10T09:00:00Z,2461170.875000000,42165.170530,401314.065316,72.609347220,8.690473903,28.690473903,0.248050111,20.000000000,0.000000000000,0.908459307584,90.845930758
2026-05-10T10:00:00Z,2461170.916666667,42165.667865,390896.521371,86.451372773,8.690370608,28.690370608,0.254660785,20.000000000,0.000000000000,0.908459740337,90.845974034
2026-05-10T11:00:00Z,2461170.958333333,42166.094612,380312.496837,100.678757609,8.690281975,28.690281975,0.261747995,20.000000000,0.000000000000,0.908460111659,90.846011166
2026-05-10T12:00:00Z,2461171.000000000,42166.428094,370240.472700,115.257948408,8.690212714,28.690212714,0.268868641,20.000000000,0.000000000000,0.908460401823,90.846040182
2026-05-10T13:00:00Z,2461171.041666667,42166.639399,361379.870041,130.085817316,8.690168829,28.690168829,0.275461029,20.000000000,0.000000000000,0.908460585678,90.846058568
2026-05-10T14:00:00Z,2461171.083333333,42166.698861,354393.808837,144.871547694,8.690156479,28.690156479,0.280891154,20.000000000,0.000000000000,0.908460637415,90.846063741
2026-05-10T15:00:00Z,2461171.125000000,42166.610659,349838.657440,158.601660706,8.690174798,28.690174798,0.284548590,20.000000000,0.000000000000,0.908460560671,90.846056067
2026-05-10T16:00:00Z,2461171.166666667,42166.386810,348090.784055,166.183457545,8.690221288,28.690221288,0.285977409,20.000000000,0.000000000000,0.908460365902,90.846036590
2026-05-10T17:00:00Z,2461171.208333333,42166.039639,349289.396098,158.926856137,8.690293392,28.690293392,0.284996049,20.000000000,0.000000000000,0.908460063826,90.846006383
2026-05-10T18:00:00Z,2461171.250000000,42165.584062,353313.548764,145.226696238,8.690388013,28.690388013,0.281749989,20.000000000,0.000000000000,0.908459667418,90.845966742
2026-05-10T19:00:00Z,2461171.291666667,42165.052390,359801.534736,130.392590496,8.690498441,28.690498441,0.276669398,20.000000000,0.000000000000,0.908459204784,90.845920478
2026-05-10T20:00:00Z,2461171.333333333,42164.486575,368205.367590,115.480997071,8.690615964,28.690615964,0.270354714,20.000000000,0.000000000000,0.908458712426,90.845871243
2026-05-10T21:00:00Z,2461171.375000000,42163.928751,377863.232532,100.791346791,8.690731829,28.690731829,0.263444626,20.000000000,0.000000000000,0.908458227007,90.845822701
2026-05-10T22:00:00Z,2461171.416666667,42163.417153,388071.256241,86.425917251,8.690838096,28.690838096,0.256514798,20.000000000,0.000000000000,0.908457781800,90.845778180
2026-05-10T23:00:00Z,2461171.458333333,42162.983363,398142.425162,72.409809123,8.690928203,28.690928203,0.250026114,20.000000000,0.000000000000,0.908457404295,90.845740430
2026-05-11T00:00:00Z,2461171.500000000,42162.651346,407448.635824,58.734766233,8.690997171,28.690997171,0.244315431,20.000000000,0.000000000000,0.908457115351,90.845711535
2026-05-11T01:00:00Z,2461171.541666667,42162.437873,415447.480251,45.387837395,8.691041515,28.691041515,0.239611460,20.000000000,0.012000179817,0.909411873538,90.941187354
2026-05-11T02:00:00Z,2461171.583333333,42162.353535,421697.684953,32.394313485,8.691059035,28.691059035,0.236060032,20.000000000,0.122777090665,0.918227146610,91.822714661
2026-05-11T03:00:00Z,2461171.625000000,42162.426587,425867.209953,19.977573511,8.691043860,28.691043860,0.233748833,20.000000000,0.265752802458,0.929604855824,92.960485582
2026-05-11T04:00:00Z,2461171.666666667,42162.671315,427737.045634,9.848924063,8.690993023,28.690993023,0.232727004,20.000000000,0.373598617311,0.938187166069,93.818716607
2026-05-11T05:00:00Z,2461171.708333333,42163.059560,427202.807958,11.727154149,8.690912375,28.690912375,0.233018042,20.000000000,0.358141944799,0.936957501028,93.695750103
2026-05-11T06:00:00Z,2461171.750000000,42163.549625,424275.314219,22.843186360,8.690810580,28.690810580,0.234625872,20.000000000,0.231569706489,0.926885628811,92.688562881
2026-05-11T07:00:00Z,2461171.791666667,42164.093476,419080.611338,35.465213786,8.690697614,28.690697614,0.237534187,20.000000000,0.091280714269,0.915722258795,91.572225879
2026-05-11T08:00:00Z,2461171.833333333,42164.644136,411859.475652,48.582897869,8.690583237,28.690583237,0.241698901,20.000000000,0.000071793463,0.908464562675,90.846456268
2026-05-11T09:00:00Z,2461171.875000000,42165.161517,402965.820517,62.058364325,8.690475775,28.690475775,0.247033348,20.000000000,0.000000000000,0.908459299741,90.845929974
2026-05-11T10:00:00Z,2461171.916666667,42165.615524,392862.733465,75.889910542,8.690381479,28.690381479,0.253386242,20.000000000,0.000000000000,0.908459694794,90.845969479
2026-05-11T11:00:00Z,2461171.958333333,42165.986137,382113.903890,90.104834896,8.690304504,28.690304504,0.260514023,20.000000000,0.000000000000,0.908460017274,90.846001727
2026-05-11T12:00:00Z,2461172.000000000,42166.261087,371367.050982,104.727449488,8.690247400,28.690247400,0.268052996,20.000000000,0.000000000000,0.908460256510,90.846025651
2026-05-11T13:00:00Z,2461172.041666667,42166.427437,361325.002548,119.758559277,8.690212851,28.690212851,0.275502858,20.000000000,0.000000000000,0.908460401251,90.846040125
2026-05-11T14:00:00Z,2461172.083333333,42166.459850,352700.301674,135.149923522,8.690206119,28.690206119,0.282239877,20.000000000,0.000000000000,0.908460429453,90.846042945
2026-05-11T15:00:00Z,2461172.125000000,42166.398182,346152.189485,150.741649986,8.690218926,28.690218926,0.287579014,20.000000000,0.000000000000,0.908460375797,90.846037580
2026-05-11T16:00:00Z,2461172.166666667,42166.248236,342210.426414,165.861266730,8.690250069,28.690250069,0.290891531,20.000000000,0.000000000000,0.908460245329,90.846024533
2026-05-11T17:00:00Z,2461172.208333333,42165.999296,341201.350112,171.780912724,8.690301771,28.690301771,0.291751828,20.000000000,0.000000000000,0.908460028723,90.846002872
2026-05-11T18:00:00Z,2461172.250000000,42165.668713,343195.964542,158.439615154,8.690370432,28.690370432,0.290056186,20.000000000,0.000000000000,0.908459741075,90.845974107
2026-05-11T19:00:00Z,2461172.291666667,42165.279860,347997.545891,142.884179131,8.690451195,28.690451195,0.286054031,20.000000000,0.000000000000,0.908459402718,90.845940272
2026-05-11T20:00:00Z,2461172.333333333,42164.860231,355173.716306,127.320218710,8.690538353,28.690538353,0.280274355,20.000000000,0.000000000000,0.908459037573,90.845903757
2026-05-11T21:00:00Z,2461172.375000000,42164.439235,364121.405598,112.046591539,8.690625796,28.690625796,0.273387017,20.000000000,0.000000000000,0.908458671231,90.845867123
2026-05-11T22:00:00Z,2461172.416666667,42164.045920,374144.308021,97.153806333,8.690707492,28.690707492,0.266063235,20.000000000,0.000000000000,0.908458328968,90.845832897
2026-05-11T23:00:00Z,2461172.458333333,42163.706840,384524.369916,82.659177587,8.690777923,28.690777923,0.258880929,20.000000000,0.000000000000,0.908458033896,90.845803390
2026-05-12T00:00:00Z,2461172.500000000,42163.444268,394577.197774,68.541052202,8.690832464,28.690832464,0.252285255,20.000000000,0.000000000000,0.908457805397,90.845780540
2026-05-12T01:00:00Z,2461172.541666667,42163.274847,403689.569699,54.756131025,8.690867656,28.690867656,0.246590455,20.000000000,0.000000000000,0.908457657959,90.845765796
2026-05-12T02:00:00Z,2461172.583333333,42163.208742,411342.080853,41.251405281,8.690881387,28.690881387,0.242002917,20.000000000,0.039705287893,0.911617246849,91.161724685
2026-05-12T03:00:00Z,2461172.625000000,42163.249449,417121.411800,27.976517913,8.690872932,28.690872932,0.238649881,20.000000000,0.171550084473,0.922109157823,92.210915782
2026-05-12T04:00:00Z,2461172.666666667,42163.393799,420726.241269,14.924703640,8.690842947,28.690842947,0.236605090,20.000000000,0.324721524236,0.934298279332,93.429827933
2026-05-12T05:00:00Z,2461172.708333333,42163.625875,421969.636933,3.235319800,8.690794741,28.690794741,0.235907894,20.000000000,0.378922438992,0.938611653044,93.861165304
2026-05-12T06:00:00Z,2461172.750000000,42163.923604,420779.862100,11.895389253,8.690732898,28.690732898,0.236574939,20.000000000,0.356545765918,0.936831233070,93.683123307
2026-05-12T07:00:00Z,2461172.791666667,42164.263119,417200.478969,24.870092529,8.690662377,28.690662377,0.238604652,20.000000000,0.207577649990,0.924977022511,92.497702251
2026-05-12T08:00:00Z,2461172.833333333,42164.621281,411390.128068,38.096088947,8.690587984,28.690587984,0.241974652,20.000000000,0.066371153418,0.913740478217,91.374047822
2026-05-12T09:00:00Z,2461172.875000000,42164.977136,403621.826001,51.545334445,8.690514071,28.690514071,0.246631843,20.000000000,0.000000000000,0.908459139301,90.845913930
2026-05-12T10:00:00Z,2461172.916666667,42165.312231,394281.038588,65.266988163,8.690444472,28.690444472,0.252474757,20.000000000,0.000000000000,0.908459430886,90.845943089
2026-05-12T11:00:00Z,2461172.958333333,42165.610084,383861.013443,79.318884888,8.690382608,28.690382608,0.259328308,20.000000000,0.000000000000,0.908459690060,90.845969006
2026-05-12T12:00:00Z,2461173.000000000,42165.855368,372952.812748,93.754084771,8.690331664,28.690331664,0.266913250,20.000000000,0.000000000000,0.908459903489,90.845990349
2026-05-12T13:00:00Z,2461173.041666667,42166.033413,362226.280318,108.611347405,8.690294685,28.690294685,0.274817357,20.000000000,0.000000000000,0.908460058409,90.846005841
2026-05-12T14:00:00Z,2461173.083333333,42166.130340,352397.323666,123.904435009,8.690274554,28.690274554,0.282482539,20.000000000,0.000000000000,0.908460142747,90.846014275
2026-05-12T15:00:00Z,2461173.125000000,42166.106952,344177.424652,139.611095911,8.690279412,28.690279412,0.289229052,20.000000000,0.000000000000,0.908460122397,90.846012240
2026-05-12T16:00:00Z,2461173.166666667,42166.006970,338205.939560,155.663184328,8.690300178,28.690300178,0.294335828,20.000000000,0.000000000000,0.908460035400,90.846003540
2026-05-12T17:00:00Z,2461173.208333333,42165.831135,334970.898180,171.946260197,8.690336697,28.690336697,0.297178454,20.000000000,0.000000000000,0.908459882403,90.845988240
2026-05-12T18:00:00Z,2461173.250000000,42165.576365,334737.294241,171.684935338,8.690389612,28.690389612,0.297385849,20.000000000,0.000000000000,0.908459660720,90.845966072
2026-05-12T19:00:00Z,2461173.291666667,42165.255057,337503.254094,155.400444481,8.690456347,28.690456347,0.294948644,20.000000000,0.000000000000,0.908459381136,90.845938114
2026-05-12T20:00:00Z,2461173.333333333,42164.885651,343000.051631,139.346486849,8.690533073,28.690533073,0.290221860,20.000000000,0.000000000000,0.908459059693,90.845905969
2026-05-12T21:00:00Z,2461173.375000000,42164.492771,350736.187375,123.638752551,8.690614677,28.690614677,0.283820427,20.000000000,0.000000000000,0.908458717818,90.845871782
2026-05-12T22:00:00Z,2461173.416666667,42164.105747,360069.800207,108.346371732,8.690695065,28.690695065,0.276463268,20.000000000,0.000000000000,0.908458381030,90.845838103
2026-05-12T23:00:00Z,2461173.458333333,42163.755516,370287.651191,93.493235095,8.690767813,28.690767813,0.268834384,20.000000000,0.000000000000,0.908458076254,90.845807625
2026-05-13T00:00:00Z,2461173.500000000,42163.458288,380673.858194,79.066384014,8.690829552,28.690829552,0.261499525,20.000000000,0.000000000000,0.908457817598,90.845781760
2026-05-13T01:00:00Z,2461173.541666667,42163.150564,390561.249658,65.026035578,8.690893472,28.690893472,0.254879397,20.000000000,0.000000000000,0.908457549803,90.845754980
2026-05-13T02:00:00Z,2461173.583333333,42162.900010,399360.708962,51.320504832,8.690945518,28.690945518,0.249263383,20.000000000,0.000000000000,0.908457331756,90.845733176
2026-05-13T03:00:00Z,2461173.625000000,42162.831765,406581.341210,37.895015982,8.690959694,28.690959694,0.244836593,20.000000000,0.068200590067,0.913884502880,91.388450288
2026-05-13T04:00:00Z,2461173.666666667,42163.014916,411841.442597,24.706201706,8.690921649,28.690921649,0.241709484,20.000000000,0.209509826864,0.925129694040,92.512969404
2026-05-13T05:00:00Z,2461173.708333333,42163.402381,414873.267692,11.805118238,8.690841165,28.690841165,0.239943101,20.000000000,0.357405546453,0.936899198648,93.689919865
2026-05-13T06:00:00Z,2461173.750000000,42163.881543,415523.777584,3.548373904,8.690741635,28.690741635,0.239567463,20.000000000,0.378922438992,0.938611875533,93.861187553
2026-05-13T07:00:00Z,2461173.791666667,42164.388831,413753.205965,15.066829563,8.690636266,28.690636266,0.240592649,20.000000000,0.323125921680,0.934172171208,93.417217121
2026-05-13T08:00:00Z,2461173.833333333,42164.873937,409635.545351,28.046442496,8.690535506,28.690535506,0.243011103,20.000000000,0.170748558284,0.922046788039,92.204678804
2026-05-13T09:00:00Z,2461173.875000000,42165.302539,403358.199212,41.260785377,8.690446485,28.690446485,0.246793037,20.000000000,0.039628621867,0.911612967982,91.161296798
2026-05-13T10:00:00Z,2461173.916666667,42165.660503,395220.980764,54.706756977,8.690372137,28.690372137,0.251874300,20.000000000,0.000000000000,0.908459733931,90.845973393
2026-05-13T11:00:00Z,2461173.958333333,42165.949895,385633.689081,68.433546104,8.690312032,28.690312032,0.258136223,20.000000000,0.000000000000,0.908459985738,90.845998574
2026-05-13T12:00:00Z,2461174.000000000,42166.178918,375110.522377,82.495024202,8.690264465,28.690264465,0.265377901,20.000000000,0.000000000000,0.908460185014,90.846018501
2026-05-13T13:00:00Z,2461174.041666667,42166.330158,364258.447342,96.936190680,8.690233054,28.690233054,0.273284163,20.000000000,0.000000000000,0.908460316609,90.846031661
2026-05-13T14:00:00Z,2461174.083333333,42166.324209,353755.500196,111.780727281,8.690234290,28.690234290,0.281397992,20.000000000,0.000000000000,0.908460311433,90.846031143
2026-05-13T15:00:00Z,2461174.125000000,42166.163421,344315.032734,127.011703489,8.690267684,28.690267684,0.289113458,20.000000000,0.000000000000,0.908460171530,90.846017153
2026-05-13T16:00:00Z,2461174.166666667,42165.882268,336631.515885,142.533265288,8.690326077,28.690326077,0.295712447,20.000000000,0.000000000000,0.908459926895,90.845992690
2026-05-13T17:00:00Z,2461174.208333333,42165.525506,331309.423948,158.019941875,8.690400175,28.690400175,0.300462759,20.000000000,0.000000000000,0.908459616465,90.845961647
2026-05-13T18:00:00Z,2461174.250000000,42165.119874,328784.857346,171.171644156,8.690484424,28.690484424,0.302769876,20.000000000,0.000000000000,0.908459263506,90.845926351
2026-05-13T19:00:00Z,2461174.291666667,42164.663370,329258.840552,165.733587142,8.690579242,28.690579242,0.302334021,20.000000000,0.000000000000,0.908458866270,90.845886627
2026-05-13T20:00:00Z,2461174.333333333,42164.187266,332663.901474,150.769608362,8.690678133,28.690678133,0.299239381,20.000000000,0.000000000000,0.908458451969,90.845845197
2026-05-13T21:00:00Z,2461174.375000000,42163.725797,338675.398401,135.216866481,8.690773986,28.690773986,0.293927827,20.000000000,0.000000000000,0.908458050392,90.845805039
2026-05-13T22:00:00Z,2461174.416666667,42163.310955,346764.123380,119.848525093,8.690860156,28.690860156,0.287071520,20.000000000,0.000000000000,0.908457689383,90.845768938
2026-05-13T23:00:00Z,2461174.458333333,42162.970122,356271.799812,104.846033575,8.690930954,28.690930954,0.279410500,20.000000000,0.000000000000,0.908457392772,90.845739277
2026-05-14T00:00:00Z,2461174.500000000,42162.724467,366488.085351,90.265341670,8.690981982,28.690981982,0.271621546,20.000000000,0.000000000000,0.908457178987,90.845717899
2026-05-14T01:00:00Z,2461174.541666667,42162.588125,376714.316337,76.108765121,8.691010304,28.691010304,0.264248094,20.000000000,0.000000000000,0.908457060332,90.845706033
2026-05-14T02:00:00Z,2461174.583333333,42162.567993,386308.693354,62.353679755,8.691014486,28.691014486,0.257685174,20.000000000,0.000000000000,0.908457042811,90.845704281
2026-05-14T03:00:00Z,2461174.625000000,42162.663933,394714.448724,48.974948559,8.690994557,28.690994557,0.252197529,20.000000000,0.000000000000,0.908457126306,90.845712631
2026-05-14T04:00:00Z,2461174.666666667,42162.868396,401475.419552,35.979168702,8.690952085,28.690952085,0.247950418,20.000000000,0.086252662889,0.915321073071,91.532107307
2026-05-14T05:00:00Z,2461174.708333333,42163.165501,406243.618127,23.515485061,8.690890369,28.690890369,0.245040134,20.000000000,0.223584391765,0.926249843376,92.624984338
2026-05-14T06:00:00Z,2461174.750000000,42163.544492,408782.096212,12.578027687,8.690811646,28.690811646,0.243518461,20.000000000,0.349838451899,0.936297152067,93.629715207
2026-05-14T07:00:00Z,2461174.791666667,42163.970808,408965.671690,10.069672106,8.690723094,28.690723094,0.243409151,20.000000000,0.372076514170,0.938067171824,93.806717182
2026-05-14T08:00:00Z,2461174.833333333,42164.407715,406780.740381,19.508600118,8.690632343,28.690632343,0.244716576,20.000000000,0.271335182484,0.930050811566,93.005081157
2026-05-14T09:00:00Z,2461174.875000000,42164.821816,402324.741907,31.631112201,8.690546332,28.690546332,0.247426982,20.000000000,0.130936886522,0.918878630507,91.887863051
2026-05-14T10:00:00Z,2461174.916666667,42165.185970,395805.410286,44.414783488,8.690470696,28.690470696,0.251502391,20.000000000,0.017584469921,0.909858648674,90.985864867
2026-05-14T11:00:00Z,2461174.958333333,42165.480531,387539.386316,57.576643794,8.690409516,28.690409516,0.256866848,20.000000000,0.000000000000,0.908459577331,90.845957733
2026-05-14T12:00:00Z,2461175.000000000,42165.692682,377949.169044,71.076951316,8.690365453,28.690365453,0.263384725,20.000000000,0.000000000000,0.908459761931,90.845976193
2026-05-14T13:00:00Z,2461175.041666667,42165.814610,367556.539486,84.925446726,8.690340129,28.690340129,0.270831960,20.000000000,0.000000000000,0.908459868024,90.845986802
2026-05-14T14:00:00Z,2461175.083333333,42165.841551,356969.508667,99.131019191,8.690334534,28.690334534,0.278864379,20.000000000,0.000000000000,0.908459891466,90.845989147
2026-05-14T15:00:00Z,2461175.125000000,42165.770629,346858.763508,113.670044632,8.690349264,28.690349264,0.286993192,20.000000000,0.000000000000,0.908459829755,90.845982976
2026-05-14T16:00:00Z,2461175.166666667,42165.600572,337919.229536,128.440025265,8.690384584,28.690384584,0.294585561,20.000000000,0.000000000000,0.908459681783,90.845968178
2026-05-14T17:00:00Z,2461175.208333333,42165.342851,330814.234075,143.139502945,8.690438112,28.690438112,0.300912520,20.000000000,0.000000000000,0.908459457530,90.845945753
2026-05-14T18:00:00Z,2461175.250000000,42165.016747,326104.768032,156.762050547,8.690505844,28.690505844,0.305258212,20.000000000,0.000000000000,0.908459173769,90.845917377
2026-05-14T19:00:00Z,2461175.291666667,42164.644915,324174.957450,164.796915439,8.690583075,28.690583075,0.307075428,20.000000000,0.000000000000,0.908458850211,90.845885021
2026-05-14T20:00:00Z,2461175.333333333,42164.251672,325172.708647,158.946419872,8.690664755,28.690664755,0.306133197,20.000000000,0.000000000000,0.908458508014,90.845850801
2026-05-14T21:00:00Z,2461175.375000000,42163.861507,328985.030508,145.841539821,8.690745797,28.690745797,0.302585652,20.000000000,0.000000000000,0.908458168490,90.845816849
2026-05-14T22:00:00Z,2461175.416666667,42163.497873,335257.263194,131.280184945,8.690821329,28.690821329,0.296924612,20.000000000,0.000000000000,0.908457852046,90.845785205
2026-05-14T23:00:00Z,2461175.458333333,42163.182234,343449.202243,116.571147658,8.690886894,28.690886894,0.289842315,20.000000000,0.000000000000,0.908457577363,90.845757736
2026-05-15T00:00:00Z,2461175.500000000,42162.933291,352909.356350,102.088010030,8.690938604,28.690938604,0.282072684,20.000000000,0.000000000000,0.908457360719,90.845736072
2026-05-15T01:00:00Z,2461175.541666667,42162.766285,362947.581687,87.964008522,8.690973296,28.690973296,0.274271197,20.000000000,0.000000000000,0.908457215379,90.845721538
2026-05-15T02:00:00Z,2461175.583333333,42162.692276,372893.570334,74.245470994,8.690988669,28.690988669,0.266955655,20.000000000,0.000000000000,0.908457150972,90.845715097
2026-05-15T03:00:00Z,2461175.625000000,42162.717394,382137.473717,60.950136651,8.690983451,28.690983451,0.260497955,20.000000000,0.000000000000,0.908457172831,90.845717283
2026-05-15T04:00:00Z,2461175.666666667,42162.842090,390154.804011,48.111620703,8.690957549,28.690957549,0.255144920,20.000000000,0.000893733186,0.908528402378,90.852840238
2026-05-15T05:00:00Z,2461175.708333333,42163.060533,396519.968067,35.856239239,8.690912173,28.690912173,0.251049162,20.000000000,0.087448666966,0.915416415260,91.541641526
2026-05-15T06:00:00Z,2461175.750000000,42163.359559,400912.643674,24.647033199,8.690850060,28.690850060,0.248298477,20.000000000,0.210205786342,0.925185376661,92.518537666
2026-05-15T07:00:00Z,2461175.791666667,42163.717506,403120.181910,16.316136241,8.690775708,28.690775708,0.246938754,20.000000000,0.308890798389,0.933038791897,93.303879190
2026-05-15T08:00:00Z,2461175.833333333,42164.109065,403038.076318,15.947388148,8.690694376,28.690694376,0.246989060,20.000000000,0.313130956578,0.933376553705,93.337655371
2026-05-15T09:00:00Z,2461175.875000000,42164.506871,400669.565613,23.884510711,8.690611748,28.690611748,0.248449116,20.000000000,0.219208012335,0.925902749451,92.590274945
2026-05-15T10:00:00Z,2461175.916666667,42164.883393,396124.949322,34.921117906,8.690533542,28.690533542,0.251299512,20.000000000,0.096684696830,0.916152981439,91.615298144
2026-05-15T11:00:00Z,2461175.958333333,42165.212841,389620.603484,47.033460831,8.690465115,28.690465115,0.255494746,20.000000000,0.004299470146,0.908801485365,90.880148536
2026-05-15T12:00:00Z,2461176.000000000,42165.472907,381477.218794,59.706227345,8.690411100,28.690411100,0.260948824,20.000000000,0.000000000000,0.908459570697,90.845957070
2026-05-15T13:00:00Z,2461176.041666667,42165.646199,372116.183013,72.791155531,8.690375107,28.690375107,0.267513356,20.000000000,0.000000000000,0.908459721485,90.845972149
2026-05-15T14:00:00Z,2461176.083333333,42165.721311,362052.216937,86.235801371,8.690359507,28.690359507,0.274949482,20.000000000,0.000000000000,0.908459786842,90.845978684
2026-05-15T15:00:00Z,2461176.125000000,42165.693451,351879.368348,99.997067407,8.690365293,28.690365293,0.282898347,20.000000000,0.000000000000,0.908459762601,90.845976260
2026-05-15T16:00:00Z,2461176.166666667,42165.564658,342246.557029,113.986456887,8.690392043,28.690392043,0.290860822,20.000000000,0.000000000000,0.908459650533,90.845965053
2026-05-15T17:00:00Z,2461176.208333333,42165.343582,333818.802235,127.990712149,8.690437960,28.690437960,0.298204104,20.000000000,0.000000000000,0.908459458166,90.845945817
2026-05-15T18:00:00Z,2461176.250000000,42165.044903,327222.307076,141.473512690,8.690499996,28.690499996,0.304215675,20.000000000,0.000000000000,0.908459198269,90.845919827
2026-05-15T19:00:00Z,2461176.291666667,42164.688373,322976.842916,152.916048356,8.690574049,28.690574049,0.308214566,20.000000000,0.000000000000,0.908458888027,90.845888803
2026-05-15T20:00:00Z,2461176.333333333,42164.297568,321426.743073,158.115126282,8.690655222,28.690655222,0.309700964,20.000000000,0.000000000000,0.908458547953,90.845854795
2026-05-15T21:00:00Z,2461176.375000000,42163.898373,322688.359008,152.997153004,8.690738139,28.690738139,0.308490113,20.000000000,0.000000000000,0.908458200571,90.845820057
2026-05-15T22:00:00Z,2461176.416666667,42163.517305,326631.193473,141.622619075,8.690817293,28.690817293,0.304766228,20.000000000,0.000000000000,0.908457868957,90.845786896
2026-05-15T23:00:00Z,2461176.458333333,42163.179779,332899.659815,128.221328178,8.690887403,28.690887403,0.299027459,20.000000000,0.000000000000,0.908457575227,90.845757523
2026-05-16T00:00:00Z,2461176.500000000,42162.908420,340967.727019,114.325134616,8.690943771,28.690943771,0.291951731,20.000000000,0.000000000000,0.908457339075,90.845733908
2026-05-16T01:00:00Z,2461176.541666667,42162.722597,350208.907821,100.477704214,8.690982371,28.690982371,0.284247755,20.000000000,0.000000000000,0.908457177359,90.845717736
2026-05-16T02:00:00Z,2461176.583333333,42162.635041,359963.636378,86.901314854,8.691000558,28.691000558,0.276544806,20.000000000,0.000000000000,0.908457101161,90.845710116
2026-05-16T03:00:00Z,2461176.625000000,42162.649860,369593.278702,73.699233792,8.690997480,28.690997480,0.269339460,20.000000000,0.000000000000,0.908457114058,90.845711406
2026-05-16T04:00:00Z,2461176.666666667,42162.764706,378517.871998,60.940333393,8.690973624,28.690973624,0.262989001,20.000000000,0.000000000000,0.908457214005,90.845721401
2026-05-16T05:00:00Z,2461176.708333333,42162.971181,386239.352237,48.724646905,8.690930734,28.690930734,0.257731436,20.000000000,0.000000000000,0.908457393693,90.845739369
2026-05-16T06:00:00Z,2461176.750000000,42163.255510,392354.332383,37.292098625,8.690871673,28.690871673,0.253714575,20.000000000,0.073755681278,0.914326931760,91.432693176
2026-05-16T07:00:00Z,2461176.791666667,42163.599376,396560.257082,27.313472379,8.690800245,28.690800245,0.251023657,20.000000000,0.179142830857,0.922713673903,92.271367390
2026-05-16T08:00:00Z,2461176.833333333,42163.980848,398657.810819,20.684759011,8.690721008,28.690721008,0.249702877,20.000000000,0.257310665716,0.928934404522,92.893440452
2026-05-16T09:00:00Z,2461176.875000000,42164.375379,398551.440640,20.725852149,8.690639060,28.690639060,0.249769521,20.000000000,0.256819029068,0.928895624643,92.889562464
2026-05-16T10:00:00Z,2461176.916666667,42164.756949,396249.042591,27.387013908,8.690559805,28.690559805,0.251220812,20.000000000,0.178294634871,0.922647183934,92.264718393
2026-05-16T11:00:00Z,2461176.958333333,42165.099465,391861.265932,37.331868105,8.690488663,28.690488663,0.254033818,20.000000000,0.073381757993,0.914298780505,91.429878051
2026-05-16T12:00:00Z,2461177.000000000,42165.378470,385600.419561,48.681827310,8.690430714,28.690430714,0.258158495,20.000000000,0.000001622083,0.908459617605,90.845961760
2026-05-16T13:00:00Z,2461177.041666667,42165.581189,377778.528800,60.768686006,8.690388610,28.690388610,0.263503695,20.000000000,0.000000000000,0.908459664917,90.845966492
2026-05-16T14:00:00Z,2461177.083333333,42165.695744,368803.348024,73.345492592,8.690364817,28.690364817,0.269916355,20.000000000,0.000000000000,0.908459764596,90.845976460
2026-05-16T15:00:00Z,2461177.125000000,42165.726660,359170.636470,86.297709246,8.690358396,28.690358396,0.277155384,20.000000000,0.000000000000,0.908459791496,90.845979150
2026-05-16T16:00:00Z,2461177.166666667,42165.630690,349450.603547,99.531397215,8.690378329,28.690378329,0.284864574,20.000000000,0.000000000000,0.908459707990,90.845970799
2026-05-16T17:00:00Z,2461177.208333333,42165.421156,340263.678674,112.901154147,8.690421848,28.690421848,0.292555821,20.000000000,0.000000000000,0.908459525667,90.845952567
2026-05-16T18:00:00Z,2461177.250000000,42165.124506,332243.153861,126.111381730,8.690483462,28.690483462,0.299618336,20.000000000,0.000000000000,0.908459267536,90.845926754
2026-05-16T19:00:00Z,2461177.291666667,42164.765397,325983.152168,138.497516580,8.690558051,28.690558051,0.305372097,20.000000000,0.000000000000,0.908458955051,90.845895505
2026-05-16T20:00:00Z,2461177.333333333,42164.370883,321975.474825,148.464751990,8.690639994,28.690639994,0.309173146,20.000000000,0.000000000000,0.908458611752,90.845861175
2026-05-16T21:00:00Z,2461177.375000000,42163.967525,320545.777741,152.699501411,8.690723775,28.690723775,0.310552132,20.000000000,0.000000000000,0.908458260748,90.845826075
2026-05-16T22:00:00Z,2461177.416666667,42163.579855,321805.252152,148.641082174,8.690804300,28.690804300,0.309336688,20.000000000,0.000000000000,0.908457923389,90.845792339
2026-05-16T23:00:00Z,2461177.458333333,42163.230151,325633.178028,138.792907339,8.690876940,28.690876940,0.305700298,20.000000000,0.000000000000,0.908457619063,90.845761906
2026-05-17T00:00:00Z,2461177.500000000,42162.938857,331696.567609,126.505096606,8.690937448,28.690937448,0.300112067,20.000000000,0.000000000000,0.908457365563,90.845736556
2026-05-17T01:00:00Z,2461177.541666667,42162.724587,339500.039168,113.402162586,8.690981957,28.690981957,0.293213874,20.000000000,0.000000000000,0.908457179091,90.845717909
2026-05-17T02:00:00Z,2461177.583333333,42162.602837,348450.305292,100.162921269,8.691007248,28.691007248,0.285682343,20.000000000,0.000000000000,0.908457073135,90.845707313
2026-05-17T03:00:00Z,2461177.625000000,42162.584126,357919.241655,87.093413647,8.691011135,28.691011135,0.278124411,20.000000000,0.000000000000,0.908457056851,90.845705685
2026-05-17T04:00:00Z,2461177.666666667,42162.671744,367295.266495,74.351743982,8.690992934,28.690992934,0.271024616,20.000000000,0.000000000000,0.908457133103,90.845713310
2026-05-17T05:00:00Z,2461177.708333333,42162.860081,376019.794330,62.051235686,8.690953812,28.690953812,0.264736174,20.000000000,0.000000000000,0.908457297007,90.845729701
2026-05-17T06:00:00Z,2461177.750000000,42163.133237,383610.288307,50.338474068,8.690897071,28.690897071,0.259497805,20.000000000,0.000000000000,0.908457534724,90.845753472
2026-05-17T07:00:00Z,2461177.791666667,42163.471173,389673.357129,39.509876601,8.690826875,28.690826875,0.255460157,20.000000000,0.053941314471,0.912750342228,91.275034223
2026-05-17T08:00:00Z,2461177.833333333,42163.851269,393911.396466,30.274143598,8.690747923,28.690747923,0.252711678,20.000000000,0.145745512563,0.920056218959,92.005621896
2026-05-17T09:00:00Z,2461177.875000000,42164.247939,396125.478957,24.283470638,8.690665530,28.690665530,0.251299176,20.000000000,0.214491607099,0.925527204527,92.552720453
2026-05-17T10:00:00Z,2461177.916666667,42164.634059,396216.282609,23.970156967,8.690585330,28.690585330,0.251241584,20.000000000,0.218194082230,0.925822174134,92.582217413
2026-05-17T11:00:00Z,2461177.958333333,42164.982677,394184.097684,29.498351197,8.690512921,28.690512921,0.252536848,20.000000000,0.154359081630,0.920742649549,92.074264955
2026-05-17T12:00:00Z,2461178.000000000,42165.268961,390128.380410,38.474387165,8.690453459,28.690453459,0.255162201,20.000000000,0.062972580783,0.913470591990,91.347059199
2026-05-17T13:00:00Z,2461178.041666667,42165.470723,384246.849231,49.125714658,8.690411553,28.690411553,0.259067906,20.000000000,0.000000000000,0.908459568797,90.845956880
2026-05-17T14:00:00Z,2461178.083333333,42165.574193,376833.699447,60.675767686,8.690390063,28.690390063,0.264164378,20.000000000,0.000000000000,0.908459658830,90.845965883
2026-05-17T15:00:00Z,2461178.125000000,42165.578469,368276.213345,72.796523902,8.690389175,28.690389175,0.270302705,20.000000000,0.000000000000,0.908459662551,90.845966255
2026-05-17T16:00:00Z,2461178.166666667,42165.478702,359047.116462,85.322846026,8.690409896,28.690409896,0.277250732,20.000000000,0.000000000000,0.908459575740,90.845957574
2026-05-17T17:00:00Z,2461178.208333333,42165.282055,349691.571583,98.125581051,8.690450740,28.690450740,0.284668276,20.000000000,0.000000000000,0.908459404628,90.845940463
2026-05-17T18:00:00Z,2461178.250000000,42165.001996,340804.645217,111.029646332,8.690508908,28.690508908,0.292091437,20.000000000,0.000000000000,0.908459160933,90.845916093
2026-05-17T19:00:00Z,2461178.291666667,42164.657304,332996.477987,123.712109687,8.690580502,28.690580502,0.298940516,20.000000000,0.000000000000,0.908458860991,90.845886099
2026-05-17T20:00:00Z,2461178.333333333,42164.270800,326843.751168,135.500765554,8.690660782,28.690660782,0.304568026,20.000000000,0.000000000000,0.908458524660,90.845852466
2026-05-17T21:00:00Z,2461178.375000000,42163.867910,322830.409551,144.934050090,8.690744467,28.690744467,0.308354371,20.000000000,0.000000000000,0.908458174061,90.845817406
2026-05-17T22:00:00Z,2461178.416666667,42163.475101,321286.920709,149.293680764,8.690826059,28.690826059,0.309835745,20.000000000,0.000000000000,0.908457832229,90.845783223
2026-05-17T23:00:00Z,2461178.458333333,42163.118280,322342.692268,146.381275253,8.690900178,28.690900178,0.308820928,20.000000000,0.000000000000,0.908457521707,90.845752171
2026-05-18T00:00:00Z,2461178.500000000,42162.821184,325906.152091,137.766707635,8.690961892,28.690961892,0.305444246,20.000000000,0.000000000000,0.908457263156,90.845726316
2026-05-18T01:00:00Z,2461178.541666667,42162.603857,331679.293325,126.348250514,8.691007036,28.691007036,0.300127697,20.000000000,0.000000000000,0.908457074023,90.845707402
2026-05-18T02:00:00Z,2461178.583333333,42162.481279,339201.717232,113.832715721,8.691032499,28.691032499,0.293471753,20.000000000,0.000000000000,0.908456967346,90.845696735
2026-05-18T03:00:00Z,2461178.625000000,42162.462238,347910.421715,101.010922163,8.691036454,28.691036454,0.286125666,20.000000000,0.000000000000,0.908456950774,90.845695077
2026-05-18T04:00:00Z,2461178.666666667,42162.578017,357200.199261,88.259010117,8.691012404,28.691012404,0.278684279,20.000000000,0.000000000000,0.908457051535,90.845705153
2026-05-18T05:00:00Z,2461178.708333333,42162.869869,366474.419241,75.777547134,8.690951779,28.690951779,0.271631675,20.000000000,0.000000000000,0.908457305525,90.845730553
2026-05-18T06:00:00Z,2461178.750000000,42163.297433,375182.063869,63.707163314,8.690862964,28.690862964,0.265327298,20.000000000,0.000000000000,0.908457677615,90.845767762
2026-05-18T07:00:00Z,2461178.791666667,42163.805175,382841.751612,52.211834164,8.690757498,28.690757498,0.260018738,20.000000000,0.000000000000,0.908458119468,90.845811947
2026-05-18T08:00:00Z,2461178.833333333,42164.335372,389056.027651,41.590335285,8.690647370,28.690647370,0.255865508,20.000000000,0.037086376848,0.911409820949,91.140982095
2026-05-18T09:00:00Z,2461178.875000000,42164.838067,393519.070589,32.502401926,8.690542957,28.690542957,0.252963625,20.000000000,0.121624725875,0.918137606450,91.813760645
2026-05-18T10:00:00Z,2461178.916666667,42165.277052,396020.459839,26.386862984,8.690451778,28.690451778,0.251365818,20.000000000,0.189845004590,0.923566785726,92.356678573
2026-05-18T11:00:00Z,2461178.958333333,42165.630902,396446.819594,25.374174130,8.690378285,28.690378285,0.251095484,20.000000000,0.201656429221,0.924507016933,92.450701693
2026-05-18T12:00:00Z,2461179.000000000,42165.889670,394782.419727,29.970365794,8.690324540,28.690324540,0.252154107,20.000000000,0.149101874164,0.920325083484,92.032508348
2026-05-18T13:00:00Z,2461179.041666667,42166.046396,391109.288067,38.249411473,8.690291989,28.690291989,0.254522247,20.000000000,0.064985415020,0.913631444721,91.363144472
2026-05-18T14:00:00Z,2461179.083333333,42166.070587,385606.933081,48.437022914,8.690286965,28.690286965,0.258154135,20.000000000,0.000258754668,0.908480681797,90.848068180
2026-05-18T15:00:00Z,2461179.125000000,42165.947129,378550.503432,59.659250167,8.690312606,28.690312606,0.262966331,20.000000000,0.000000000000,0.908459983332,90.845998333
2026-05-18T16:00:00Z,2461179.166666667,42165.701411,370307.869956,71.526799114,8.690363640,28.690363640,0.268819705,20.000000000,0.000000000000,0.908459769527,90.845976953
2026-05-18T17:00:00Z,2461179.208333333,42165.391562,361333.295750,83.842521240,8.690427995,28.690427995,0.275496535,20.000000000,0.000000000000,0.908459499916,90.845949992
2026-05-18T18:00:00Z,2461179.250000000,42165.086608,352155.383751,96.462591013,8.690491334,28.690491334,0.282676613,20.000000000,0.000000000000,0.908459234559,90.845923456
2026-05-18T19:00:00Z,2461179.291666667,42164.838088,343356.275234,109.210120997,8.690542952,28.690542952,0.289920760,20.000000000,0.000000000000,0.908459018306,90.845901831
2026-05-18T20:00:00Z,2461179.333333333,42164.611678,335538.911285,121.777655143,8.690589979,28.690589979,0.296675374,20.000000000,0.000000000000,0.908458821289,90.845882129
2026-05-18T21:00:00Z,2461179.375000000,42164.395457,329281.323852,133.545986943,8.690634889,28.690634889,0.302313378,20.000000000,0.000000000000,0.908458633136,90.845863314
2026-05-18T22:00:00Z,2461179.416666667,42164.204409,325079.369899,143.200385821,8.690674572,28.690674572,0.306221097,20.000000000,0.000000000000,0.908458466887,90.845846689
2026-05-18T23:00:00Z,2461179.458333333,42164.049992,323286.243410,148.266532493,8.690706646,28.690706646,0.307919587,20.000000000,0.000000000000,0.908458332512,90.845833251
2026-05-19T00:00:00Z,2461179.500000000,42163.939808,324062.667169,146.389843676,8.690729533,28.690729533,0.307181833,20.000000000,0.000000000000,0.908458236629,90.845823663
2026-05-19T01:00:00Z,2461179.541666667,42163.877981,327352.294288,138.557429634,8.690742375,28.690742375,0.304094874,20.000000000,0.000000000000,0.908458182826,90.845818283
2026-05-19T02:00:00Z,2461179.583333333,42163.865921,332890.486729,127.568470255,8.690744880,28.690744880,0.299035699,20.000000000,0.000000000000,0.908458172331,90.845817233
2026-05-19T03:00:00Z,2461179.625000000,42163.903074,340243.437913,115.267964912,8.690737163,28.690737163,0.292573225,20.000000000,0.000000000000,0.908458204662,90.845820466
2026-05-19T04:00:00Z,2461179.666666667,42163.987332,348865.239123,102.542810465,8.690719661,28.690719661,0.285342555,20.000000000,0.000000000000,0.908458277985,90.845827798
2026-05-19T05:00:00Z,2461179.708333333,42164.115098,358157.953860,89.817391810,8.690693123,28.690693123,0.277939040,20.000000000,0.000000000000,0.908458389167,90.845838917
2026-05-19T06:00:00Z,2461179.750000000,42164.281394,367523.645149,77.314763133,8.690658581,28.690658581,0.270856200,20.000000000,0.000000000000,0.908458533879,90.845853388
2026-05-19T07:00:00Z,2461179.791666667,42164.476811,376403.184596,65.182870783,8.690617992,28.690617992,0.264466521,20.000000000,0.000000000000,0.908458703929,90.845870393
2026-05-19T08:00:00Z,2461179.833333333,42164.688135,384302.484453,53.579100367,8.690574098,28.690574098,0.259030400,20.000000000,0.000000000000,0.908458887820,90.845888782
2026-05-19T09:00:00Z,2461179.875000000,42164.899390,390808.537021,42.774626875,8.690530220,28.690530220,0.254718118,20.000000000,0.028378487284,0.910717359913,91.071735991
2026-05-19T10:00:00Z,2461179.916666667,42165.093473,395598.443625,33.361449043,8.690489908,28.690489908,0.251633971,20.000000000,0.112605658353,0.917420114106,91.742011411
2026-05-19T11:00:00Z,2461179.958333333,42165.254326,398444.141365,26.666977165,8.690456499,28.690456499,0.249836784,20.000000000,0.186597525771,0.923308339797,92.330833980
2026-05-19T12:00:00Z,2461180.000000000,42165.369092,399214.727322,24.872794977,8.690432662,28.690432662,0.249354532,20.000000000,0.207542869812,0.924975217180,92.497521718
2026-05-19T13:00:00Z,2461180.041666667,42165.429673,397877.549465,28.890469461,8.690420079,28.690420079,0.250192563,20.000000000,0.161179926279,0.921285824074,92.128582407
2026-05-19T14:00:00Z,2461180.083333333,42165.432857,394498.608091,36.917128066,8.690419418,28.690419418,0.252335514,20.000000000,0.077265918841,0.914608162306,91.460816231
2026-05-19T15:00:00Z,2461180.125000000,42165.378923,389242.576755,47.027148543,8.690430620,28.690430620,0.255742881,20.000000000,0.004323787583,0.908803565001,90.880356500
2026-05-19T16:00:00Z,2461180.166666667,42165.272445,382371.998974,58.249157278,8.690452735,28.690452735,0.260338179,20.000000000,0.000000000000,0.908459396266,90.845939627
2026-05-19T17:00:00Z,2461180.208333333,42165.121564,374244.798048,70.158293176,8.690484073,28.690484073,0.265991793,20.000000000,0.000000000000,0.908459264976,90.845926498
2026-05-19T18:00:00Z,2461180.250000000,42164.936764,365308.660689,82.549488227,8.690522457,28.690522457,0.272498501,20.000000000,0.000000000000,0.908459104170,90.845910417
2026-05-19T19:00:00Z,2461180.291666667,42164.729765,356089.988044,95.285450831,8.690565451,28.690565451,0.279553162,20.000000000,0.000000000000,0.908458924046,90.845892405
2026-05-19T20:00:00Z,2461180.333333333,42164.510605,347174.262623,108.208885568,8.690610972,28.690610972,0.286732381,20.000000000,0.000000000000,0.908458733337,90.845873334
2026-05-19T21:00:00Z,2461180.375000000,42164.293456,339174.885618,121.050330680,8.690656076,28.690656076,0.293494969,20.000000000,0.000000000000,0.908458544375,90.845854437
2026-05-19T22:00:00Z,2461180.416666667,42164.095468,332687.862186,133.260701922,8.690697200,28.690697200,0.299217829,20.000000000,0.000000000000,0.908458372085,90.845837209
2026-05-19T23:00:00Z,2461180.458333333,42163.932734,328234.020436,143.629562241,8.690731002,28.690731002,0.303277985,20.000000000,0.000000000000,0.908458230473,90.845823047
2026-05-20T00:00:00Z,2461180.500000000,42163.817365,326196.404165,149.657838879,8.690754966,28.690754966,0.305172457,20.000000000,0.000000000000,0.908458130076,90.845813008
2026-05-20T01:00:00Z,2461180.541666667,42163.752539,326766.502591,148.470937267,8.690768431,28.690768431,0.304640028,20.000000000,0.000000000000,0.908458073663,90.845807366
2026-05-20T02:00:00Z,2461180.583333333,42163.741233,329914.797173,140.742322848,8.690770780,28.690770780,0.301732897,20.000000000,0.000000000000,0.908458063825,90.845806382
2026-05-20T03:00:00Z,2461180.625000000,42163.786796,335395.182843,129.575861848,8.690761315,28.690761315,0.296802511,20.000000000,0.000000000000,0.908458103475,90.845810347
2026-05-20T04:00:00Z,2461180.666666667,42163.888725,342781.777887,117.025568887,8.690740143,28.690740143,0.290406667,20.000000000,0.000000000000,0.908458192176,90.845819218
2026-05-20T05:00:00Z,2461180.708333333,42164.041909,351526.137782,104.036247100,8.690708325,28.690708325,0.283182620,20.000000000,0.000000000000,0.908458325479,90.845832548
2026-05-20T06:00:00Z,2461180.750000000,42164.236385,361019.295258,91.041005227,8.690667930,28.690667930,0.275736153,20.000000000,0.000000000000,0.908458494712,90.845849471
2026-05-20T07:00:00Z,2461180.791666667,42164.457796,370646.473462,78.256646238,8.690621941,28.690621941,0.268574124,20.000000000,0.000000000000,0.908458687383,90.845868738
2026-05-20T08:00:00Z,2461180.833333333,42164.688586,379828.731617,65.816124800,8.690574004,28.690574004,0.262081370,20.000000000,0.000000000000,0.908458888213,90.845888821
2026-05-20T09:00:00Z,2461180.875000000,42164.909771,388051.239872,53.850795160,8.690528063,28.690528063,0.256528029,20.000000000,0.000000000000,0.908459080682,90.845908068
2026-05-20T10:00:00Z,2461180.916666667,42165.103033,394880.765580,42.587235466,8.690487922,28.690487922,0.252091308,20.000000000,0.029708426743,0.910823370335,91.082337034
2026-05-20T11:00:00Z,2461180.958333333,42165.252762,399975.669902,32.548937832,8.690456824,28.690456824,0.248880139,20.000000000,0.121130947201,0.918098673643,91.809867364
2026-05-20T12:00:00Z,2461181.000000000,42165.352614,403090.883773,25.040921142,8.690436084,28.690436084,0.246956703,20.000000000,0.205566731073,0.924817946718,92.481794672
2026-05-20T13:00:00Z,2461181.041666667,42165.425559,404077.658410,22.611771478,8.690420934,28.690420934,0.246353620,20.000000000,0.234318613121,0.927106012266,92.710601227
2026-05-20T14:00:00Z,2461181.083333333,42165.390660,402899.152749,26.650734252,8.690428182,28.690428182,0.247074225,20.000000000,0.186785227461,0.923323395254,92.332339525
2026-05-20T15:00:00Z,2461181.125000000,42165.285327,399612.388650,35.046641348,8.690450060,28.690450060,0.249106394,20.000000000,0.095429576243,0.916053451863,91.605345186
2026-05-20T16:00:00Z,2461181.166666667,42165.130133,394376.469252,45.548297374,8.690482294,28.690482294,0.252413663,20.000000000,0.011142629325,0.909345974701,90.934597470
2026-05-20T17:00:00Z,2461181.208333333,42164.935120,387453.621096,57.124856613,8.690522798,28.690522798,0.256923708,20.000000000,0.000000000000,0.908459102739,90.845910274
2026-05-20T18:00:00Z,2461181.250000000,42164.711743,379205.786208,69.366571374,8.690569195,28.690569195,0.262511911,20.000000000,0.000000000000,0.908458908363,90.845890836
2026-05-20T19:00:00Z,2461181.291666667,42164.472573,370089.450555,82.093595121,8.690618872,28.690618872,0.268978359,20.000000000,0.000000000000,0.908458700241,90.845870024
2026-05-20T20:00:00Z,2461181.333333333,42164.231242,360644.980022,95.196374945,8.690668998,28.690668998,0.276022343,20.000000000,0.000000000000,0.908458490237,90.845849024
2026-05-20T21:00:00Z,2461181.375000000,42164.002343,351477.189377,108.552034978,8.690716543,28.690716543,0.283222057,20.000000000,0.000000000000,0.908458291048,90.845829105
2026-05-20T22:00:00Z,2461181.416666667,42163.800804,343223.501238,121.941197642,8.690758406,28.690758406,0.290032915,20.000000000,0.000000000000,0.908458115665,90.845811566
2026-05-20T23:00:00Z,2461181.458333333,42163.639019,336507.176914,134.890604751,8.690792011,28.690792011,0.295821713,20.000000000,0.000000000000,0.908457974875,90.845797488
2026-05-21T00:00:00Z,2461181.500000000,42163.528049,331876.856460,146.259669309,8.690815061,28.690815061,0.299949033,20.000000000,0.000000000000,0.908457878306,90.845787831
2026-05-21T01:00:00Z,2461181.541666667,42163.478417,329740.054995,153.283690974,8.690825371,28.690825371,0.301892798,20.000000000,0.000000000000,0.908457835114,90.845783511
2026-05-21T02:00:00Z,2461181.583333333,42163.497960,330305.106031,152.104101891,8.690821311,28.690821311,0.301376347,20.000000000,0.000000000000,0.908457852121,90.845785212
2026-05-21T03:00:00Z,2461181.625000000,42163.589233,333548.413423,143.524525930,8.690802352,28.690802352,0.298445843,20.000000000,0.000000000000,0.908457931550,90.845793155
2026-05-21T04:00:00Z,2461181.666666667,42163.747517,339217.976396,131.508073941,8.690769474,28.690769474,0.293457686,20.000000000,0.000000000000,0.908458069293,90.845806929
2026-05-21T05:00:00Z,2461181.708333333,42163.960366,346871.823544,118.286932687,8.690725263,28.690725263,0.286982386,20.000000000,0.000000000000,0.908458254518,90.845825452
2026-05-21T06:00:00Z,2461181.750000000,42164.206497,355938.637366,104.757180513,8.690674138,28.690674138,0.279672034,20.000000000,0.000000000000,0.908458468704,90.845846870
2026-05-21T07:00:00Z,2461181.791666667,42164.469245,365783.479223,91.295968470,8.690619563,28.690619563,0.272144772,20.000000000,0.000000000000,0.908458697345,90.845869735
2026-05-21T08:00:00Z,2461181.833333333,42164.736290,375765.423198,78.077501745,8.690564096,28.690564096,0.264915386,20.000000000,0.000000000000,0.908458929723,90.845892972
2026-05-21T09:00:00Z,2461181.875000000,42164.992585,385281.379551,65.197579013,8.690510863,28.690510863,0.258372270,20.000000000,0.000000000000,0.908459152743,90.845915274
2026-05-21T10:00:00Z,2461181.916666667,42165.220094,393795.643378,52.745868274,8.690463609,28.690463609,0.252785961,20.000000000,0.000000000000,0.908459350713,90.845935071
2026-05-21T11:00:00Z,2461181.958333333,42165.399161,400858.037486,40.891438755,8.690426417,28.690426417,0.248332301,20.000000000,0.042538207278,0.911844589507,91.184458951
2026-05-21T12:00:00Z,2461182.000000000,42165.511377,406114.201606,30.082670379,8.690403110,28.690403110,0.245118222,20.000000000,0.147858210831,0.920225786737,92.022578674
2026-05-21T13:00:00Z,2461182.041666667,42165.543175,409311.063681,21.663430205,8.690396505,28.690396505,0.243203752,20.000000000,0.245623654014,0.928005741179,92.800574118
2026-05-21T14:00:00Z,2461182.083333333,42165.489473,410299.670833,18.943158104,8.690407659,28.690407659,0.242617755,20.000000000,0.278055636121,0.930586549583,93.058654958
2026-05-21T15:00:00Z,2461182.125000000,42165.355368,409036.736021,23.932499689,8.690435512,28.690435512,0.243366861,20.000000000,0.218637708305,0.925858104432,92.585810443
2026-05-21T16:00:00Z,2461182.166666667,42165.150038,405585.120453,33.405378481,8.690478159,28.690478159,0.245437978,20.000000000,0.112148908163,0.917383816301,91.738381630
2026-05-21T17:00:00Z,2461182.208333333,42164.892686,400114.424880,44.708562389,8.690531612,28.690531612,0.248793830,20.000000000,0.015827823388,0.909718603981,90.971860398
2026-05-21T18:00:00Z,2461182.250000000,42164.578641,392900.201198,56.901274288,8.690596841,28.690596841,0.253362079,20.000000000,0.000000000000,0.908458792540,90.845879254
2026-05-21T19:00:00Z,2461182.291666667,42164.266056,384324.287338,69.666641297,8.690661767,28.690661767,0.259015705,20.000000000,0.000000000000,0.908458520532,90.845852053
2026-05-21T20:00:00Z,2461182.333333333,42163.969837,374866.379211,82.886724951,8.690723295,28.690723295,0.265550738,20.000000000,0.000000000000,0.908458262760,90.845826276
2026-05-21T21:00:00Z,2461182.375000000,42163.693839,365093.876890,96.497967171,8.690780624,28.690780624,0.272658813,20.000000000,0.000000000000,0.908458022581,90.845802258
2026-05-21T22:00:00Z,2461182.416666667,42163.453001,355641.751494,110.422135441,8.690830650,28.690830650,0.279905503,20.000000000,0.000000000000,0.908457812996,90.845781300
2026-05-21T23:00:00Z,2461182.458333333,42163.261885,347178.068611,124.498191236,8.690870348,28.690870348,0.286729237,20.000000000,0.000000000000,0.908457646680,90.845764668
2026-05-22T00:00:00Z,2461182.500000000,42163.134106,340353.646540,138.340392417,8.690896891,28.690896891,0.292478487,20.000000000,0.000000000000,0.908457535480,90.845753548
2026-05-22T01:00:00Z,2461182.541666667,42163.081205,335737.022727,150.881454940,8.690907879,28.690907879,0.296500311,20.000000000,0.000000000000,0.908457489443,90.845748944
2026-05-22T02:00:00Z,2461182.583333333,42163.111107,333743.437053,158.795430012,8.690901668,28.690901668,0.298271444,20.000000000,0.000000000000,0.908457515465,90.845751547
2026-05-22T03:00:00Z,2461182.625000000,42163.226440,334573.975684,156.397226920,8.690877711,28.690877711,0.297531015,20.000000000,0.000000000000,0.908457615834,90.845761583
2026-05-22T04:00:00Z,2461182.666666667,42163.423121,338183.178333,145.833102266,8.690836857,28.690836857,0.294355638,20.000000000,0.000000000000,0.908457786994,90.845778699
2026-05-22T05:00:00Z,2461182.708333333,42163.689625,344286.252686,132.466979156,8.690781499,28.690781499,0.289137626,20.000000000,0.000000000000,0.908458018914,90.845801891
2026-05-22T06:00:00Z,2461182.750000000,42164.007223,352403.163994,118.365303604,8.690715530,28.690715530,0.282477857,20.000000000,0.000000000000,0.908458295294,90.845829529
2026-05-22T07:00:00Z,2461182.791666667,42164.351332,361924.755856,104.203791367,8.690644055,28.690644055,0.275046313,20.000000000,0.000000000000,0.908458594738,90.845859474
2026-05-22T08:00:00Z,2461182.833333333,42164.694110,372182.563355,90.238833514,8.690572857,28.690572857,0.267465644,20.000000000,0.000000000000,0.908458893020,90.845889302
2026-05-22T09:00:00Z,2461182.875000000,42165.013344,382508.789970,76.574041621,8.690506551,28.690506551,0.260245077,20.000000000,0.000000000000,0.908459170807,90.845917081
2026-05-22T10:00:00Z,2461182.916666667,42165.291299,392280.673097,63.253585106,8.690448820,28.690448820,0.253762216,20.000000000,0.000000000000,0.908459412671,90.845941267
2026-05-22T11:00:00Z,2461182.958333333,42165.507039,400949.714038,50.315355765,8.690404011,28.690404011,0.248275520,20.000000000,0.000000000000,0.908459600397,90.845960040
2026-05-22T12:00:00Z,2461183.000000000,42165.638757,408059.182828,37.858013709,8.690376653,28.690376653,0.243949879,20.000000000,0.068532464905,0.913913355286,91.391335529
2026-05-22T13:00:00Z,2461183.041666667,42165.669461,413253.758748,26.227525027,8.690370276,28.690370276,0.240883424,20.000000000,0.191695269871,0.923714366609,92.371436661
2026-05-22T14:00:00Z,2461183.083333333,42165.596372,416284.492185,16.827822066,8.690385456,28.690385456,0.239129677,20.000000000,0.302956163779,0.932568163631,93.256816363
2026-05-22T15:00:00Z,2461183.125000000,42165.432667,417011.298064,14.582443179,8.690419458,28.690419458,0.238712898,20.000000000,0.328526020292,0.934602805714,93.460280571
2026-05-22T16:00:00Z,2461183.166666667,42165.166609,415404.087391,21.817599014,8.690474718,28.690474718,0.239636490,20.000000000,0.243785209872,0.927859114774,92.785911477
2026-05-22T17:00:00Z,2461183.208333333,42164.829101,411543.724283,32.851601112,8.690544819,28.690544819,0.241884342,20.000000000,0.117938607863,0.917844266696,91.784426670
2026-05-22T18:00:00Z,2461183.250000000,42164.462331,405622.531231,45.106574741,8.690620999,28.690620999,0.245415341,20.000000000,0.013543153147,0.909536421213,90.953642121
2026-05-22T19:00:00Z,2461183.291666667,42164.070999,397943.408988,57.972260672,8.690702283,28.690702283,0.250151155,20.000000000,0.000000000000,0.908458350793,90.845835079
2026-05-22T20:00:00Z,2461183.333333333,42163.681991,388917.359966,71.291194010,8.690783085,28.690783085,0.255956737,20.000000000,0.000000000000,0.908458012271,90.845801227
2026-05-22T21:00:00Z,2461183.375000000,42163.325483,379057.396675,85.023765962,8.690857138,28.690857138,0.262614677,20.000000000,0.000000000000,0.908457702026,90.845770203
2026-05-22T22:00:00Z,2461183.416666667,42163.030746,368965.888049,99.155986551,8.690918361,28.690918361,0.269797449,20.000000000,0.000000000000,0.908457445530,90.845744553
2026-05-22T23:00:00Z,2461183.458333333,42162.821565,359311.352119,113.655094991,8.690961812,28.690961812,0.277046842,20.000000000,0.000000000000,0.908457263488,90.845726349
2026-05-23T00:00:00Z,2461183.500000000,42162.712622,350790.390989,128.421481057,8.690984443,28.690984443,0.283776571,20.000000000,0.000000000000,0.908457168678,90.845716868
2026-05-23T01:00:00Z,2461183.541666667,42162.701192,344072.358495,143.177351022,8.690986817,28.690986817,0.289317371,20.000000000,0.000000000000,0.908457158731,90.845715873
2026-05-23T02:00:00Z,2461183.583333333,42162.784988,339728.405773,157.002060047,8.690969410,28.690969410,0.293016773,20.000000000,0.000000000000,0.908457231657,90.845723166
2026-05-23T03:00:00Z,2461183.625000000,42162.961215,338156.890553,165.530821880,8.690932804,28.690932804,0.294378521,20.000000000,0.000000000000,0.908457385020,90.845738502
2026-05-23T04:00:00Z,2461183.666666667,42163.222117,339523.024100,159.742731227,8.690878609,28.690878609,0.293194024,20.000000000,0.000000000000,0.908457612072,90.845761207
2026-05-23T05:00:00Z,2461183.708333333,42163.554435,343731.651409,146.457201762,8.690809580,28.690809580,0.289604146,20.000000000,0.000000000000,0.908457901268,90.845790127
2026-05-23T06:00:00Z,2461183.750000000,42163.939077,350442.909567,131.740987722,8.690729684,28.690729684,0.284057952,20.000000000,0.000000000000,0.908458235993,90.845823599
2026-05-23T07:00:00Z,2461183.791666667,42164.351371,359124.942308,116.872221351,8.690644046,28.690644046,0.277190648,20.000000000,0.000000000000,0.908458594773,90.845859477
2026-05-23T08:00:00Z,2461183.833333333,42164.762183,369126.125419,102.202721360,8.690558718,28.690558718,0.269680329,20.000000000,0.000000000000,0.908458952255,90.845895226
2026-05-23T09:00:00Z,2461183.875000000,42165.140056,379747.538017,87.851942757,8.690480233,28.690480233,0.262137406,20.000000000,0.000000000000,0.908459281067,90.845928107
2026-05-23T10:00:00Z,2461183.916666667,42165.454172,390302.833818,73.851538645,8.690414991,28.690414991,0.255048151,20.000000000,0.000000000000,0.908459554395,90.845955439
2026-05-23T11:00:00Z,2461183.958333333,42165.677676,400161.090974,60.195548362,8.690368570,28.690368570,0.248764816,20.000000000,0.000000000000,0.908459748875,90.845974887
2026-05-23T12:00:00Z,2461184.000000000,42165.790769,408774.152543,46.870855156,8.690345081,28.690345081,0.243523193,20.000000000,0.004943041342,0.908853202011,90.885320201
2026-05-23T13:00:00Z,2461184.041666667,42165.783073,415692.442693,33.898307422,8.690346679,28.690346679,0.239470260,20.000000000,0.107055382947,0.916979037274,91.697903727
2026-05-23T14:00:00Z,2461184.083333333,42165.663877,420573.323991,21.471721513,8.690371436,28.690371436,0.236691118,20.000000000,0.247911274860,0.928187889288,92.818788929
2026-05-23T15:00:00Z,2461184.125000000,42165.444212,423185.196936,10.958373805,8.690417060,28.690417060,0.235230267,20.000000000,0.365057610604,0.937509907349,93.750990735
2026-05-23T16:00:00Z,2461184.166666667,42165.131558,423409.487930,10.967829858,8.690481998,28.690481998,0.235105659,20.000000000,0.364977209708,0.937503237193,93.750323719
2026-05-23T17:00:00Z,2461184.208333333,42164.740894,421241.600951,21.503523799,8.690563140,28.690563140,0.236315619,20.000000000,0.247534239707,0.928157082647,92.815708265
2026-05-23T18:00:00Z,2461184.250000000,42164.297048,416791.417878,33.969573292,8.690655330,28.690655330,0.238838832,20.000000000,0.106327479970,0.916919819513,91.691981951
2026-05-23T19:00:00Z,2461184.291666667,42163.832939,410283.362856,47.003230534,8.690751731,28.690751731,0.242627398,20.000000000,0.004418113765,0.908809725952,90.880972595
2026-05-23T20:00:00Z,2461184.333333333,42163.375249,402055.516434,60.414364363,8.690846800,28.690846800,0.247592666,20.000000000,0.000000000000,0.908457745334,90.845774533
2026-05-23T21:00:00Z,2461184.375000000,42162.946346,392556.317184,74.187918440,8.690935893,28.690935893,0.253584028,20.000000000,0.000000000000,0.908457372081,90.845737208
2026-05-23T22:00:00Z,2461184.416666667,42162.572692,382336.923554,88.346677623,8.691013510,28.691013510,0.260362062,20.000000000,0.000000000000,0.908457046901,90.845704690
2026-05-23T23:00:00Z,2461184.458333333,42162.283676,372035.875997,102.913622780,8.691073547,28.691073547,0.267571102,20.000000000,0.000000000000,0.908456795374,90.845679537
2026-05-24T00:00:00Z,2461184.500000000,42162.108350,362351.734326,117.890076937,8.691109967,28.691109967,0.274722209,20.000000000,0.000000000000,0.908456642788,90.845664279
2026-05-24T01:00:00Z,2461184.541666667,42162.070574,353999.446007,133.230222563,8.691117814,28.691117814,0.281204076,20.000000000,0.000000000000,0.908456609912,90.845660991
2026-05-24T02:00:00Z,2461184.583333333,42162.183744,347648.723217,148.783355164,8.691094305,28.691094305,0.286341054,20.000000000,0.000000000000,0.908456708404,90.845670840
2026-05-24T03:00:00Z,2461184.625000000,42162.446548,343848.897685,163.966265093,8.691039713,28.691039713,0.289505395,20.000000000,0.000000000000,0.908456937120,90.845693712
2026-05-24T04:00:00Z,2461184.666666667,42162.841018,342953.585951,172.171250340,8.690957772,28.690957772,0.290261182,20.000000000,0.000000000000,0.908457280418,90.845728042
2026-05-24T05:00:00Z,2461184.708333333,42163.333628,345065.300355,160.125725196,8.690855446,28.690855446,0.288484840,20.000000000,0.000000000000,0.908457709114,90.845770911
2026-05-24T06:00:00Z,2461184.750000000,42163.879421,350018.392152,144.701041487,8.690742076,28.690742076,0.284402472,20.000000000,0.000000000000,0.908458184079,90.845818408
2026-05-24T07:00:00Z,2461184.791666667,42164.432975,357406.456134,129.152951332,8.690627097,28.690627097,0.278523450,20.000000000,0.000000000000,0.908458665784,90.845866578
2026-05-24T08:00:00Z,2461184.833333333,42164.954975,366644.240817,113.861668043,8.690518674,28.690518674,0.271505860,20.000000000,0.000000000000,0.908459120016,90.845912002
2026-05-24T09:00:00Z,2461184.875000000,42165.409009,377044.145130,98.936471456,8.690424371,28.690424371,0.264016935,20.000000000,0.000000000000,0.908459515097,90.845951510
2026-05-24T10:00:00Z,2461184.916666667,42165.763757,387888.496006,84.402489590,8.690350691,28.690350691,0.256635660,20.000000000,0.000000000000,0.908459823776,90.845982378
2026-05-24T11:00:00Z,2461184.958333333,42165.995093,398486.658594,70.242343601,8.690302644,28.690302644,0.249810127,20.000000000,0.000000000000,0.908460025066,90.846002507
2026-05-24T12:00:00Z,2461185.000000000,42166.087656,408214.436256,56.415426635,8.690283420,28.690283420,0.243857098,20.000000000,0.000000000000,0.908460105607,90.846010561
2026-05-24T13:00:00Z,2461185.041666667,42166.035785,416538.393147,42.870816631,8.690294193,28.690294193,0.238983915,20.000000000,0.027701212399,0.910664452915,91.066445291
2026-05-24T14:00:00Z,2461185.083333333,42165.843759,423029.467742,29.560636252,8.690334075,28.690334075,0.235316863,20.000000000,0.153661313821,0.920687872216,92.068787222
2026-05-24T15:00:00Z,2461185.125000000,42165.525336,427369.917528,16.481645312,8.690400210,28.690400210,0.232926927,20.000000000,0.306973327285,0.932887777536,93.288777754
2026-05-24T16:00:00Z,2461185.166666667,42165.102633,429356.561696,4.427535052,8.690488006,28.690488006,0.231849162,20.000000000,0.378922438992,0.938612938110,93.861293811
2026-05-24T17:00:00Z,2461185.208333333,42164.604461,428902.200778,10.629825400,8.690591478,28.690591478,0.232094774,20.000000000,0.367797807808,0.937727234594,93.772723459
2026-05-24T18:00:00Z,2461185.250000000,42164.064309,426036.234262,23.539129793,8.690703672,28.690703672,0.233656096,20.000000000,0.223301503186,0.926228113987,92.622811399
2026-05-24T19:00:00Z,2461185.291666667,42163.518117,420904.855231,36.772401749,8.690817124,28.690817124,0.236504685,20.000000000,0.078638302252,0.914715706923,91.471570692
2026-05-24T20:00:00Z,2461185.333333333,42163.002004,413770.659385,50.237657526,8.690924331,28.690924331,0.240582500,20.000000000,0.000000000000,0.908457420518,90.845742052
2026-05-24T21:00:00Z,2461185.375000000,42162.550040,405010.921040,63.973615950,8.691018215,28.691018215,0.245785947,20.000000000,0.000000000000,0.908457027187,90.845702719
2026-05-24T22:00:00Z,2461185.416666667,42162.192084,395113.027476,78.033856971,8.691092573,28.691092573,0.251943118,20.000000000,0.000000000000,0.908456715662,90.845671566
2026-05-24T23:00:00Z,2461185.458333333,42161.929539,384664.540699,92.468744595,8.691147112,28.691147112,0.258786593,20.000000000,0.000000000000,0.908456487168,90.845648717
2026-05-25T00:00:00Z,2461185.500000000,42161.817006,374334.266523,107.315223676,8.691170489,28.691170489,0.265928219,20.000000000,0.000000000000,0.908456389229,90.845638923
2026-05-25T01:00:00Z,2461185.541666667,42161.884306,364839.874588,122.586259092,8.691156508,28.691156508,0.272848640,20.000000000,0.000000000000,0.908456447801,90.845644780
2026-05-25T02:00:00Z,2461185.583333333,42162.119114,356898.032801,138.260207649,8.691107731,28.691107731,0.278920227,20.000000000,0.000000000000,0.908456652156,90.845665216
2026-05-25T03:00:00Z,2461185.625000000,42162.497327,351157.227749,154.272118493,8.691029165,28.691029165,0.283480121,20.000000000,0.000000000000,0.908456981312,90.845698131
2026-05-25T04:00:00Z,2461185.666666667,42162.982365,348120.184440,170.507418519,8.690928411,28.690928411,0.285953257,20.000000000,0.000000000000,0.908457403427,90.845740343
2026-05-25T05:00:00Z,2461185.708333333,42163.530463,348071.902392,173.119968431,8.690814560,28.690814560,0.285992923,20.000000000,0.000000000000,0.908457880407,90.845788041
2026-05-25T06:00:00Z,2461185.750000000,42164.096421,351034.122882,156.868291733,8.690697002,28.690697002,0.283579536,20.000000000,0.000000000000,0.908458372915,90.845837291
2026-05-25T07:00:00Z,2461185.791666667,42164.638674,356761.905675,140.816153495,8.690584371,28.690584371,0.279026654,20.000000000,0.000000000000,0.908458844780,90.845884478
2026-05-25T08:00:00Z,2461185.833333333,42165.122812,364783.490001,125.087763808,8.690483814,28.690483814,0.272890814,20.000000000,0.000000000000,0.908459266062,90.845926606
2026-05-25T09:00:00Z,2461185.875000000,42165.523127,374469.380157,109.753718757,8.690400669,28.690400669,0.265832268,20.000000000,0.000000000000,0.908459614395,90.845961440
2026-05-25T10:00:00Z,2461185.916666667,42165.822299,385109.945314,94.840344079,8.690338532,28.690338532,0.258487287,20.000000000,0.000000000000,0.908459874715,90.845987471
2026-05-25T11:00:00Z,2461185.958333333,42166.009802,395984.521724,80.337824364,8.690299589,28.690299589,0.251388631,20.000000000,0.000000000000,0.908460037865,90.846003786
2026-05-25T12:00:00Z,2461186.000000000,42166.083454,406413.706384,66.210787358,8.690284292,28.690284292,0.244937582,20.000000000,0.000000000000,0.908460101951,90.846010195
2026-05-25T13:00:00Z,2461186.041666667,42166.070516,415794.149184,52.408573429,8.690286979,28.690286979,0.239411683,20.000000000,0.000000000000,0.908460090693,90.846009069
2026-05-25T14:00:00Z,2461186.083333333,42165.916413,423619.640194,38.873646658,8.690318986,28.690318986,0.234989025,20.000000000,0.059440901609,0.913190113262,91.319011326
2026-05-25T15:00:00Z,2461186.125000000,42165.653554,429492.487529,25.551873222,8.690373580,28.690373580,0.231775786,20.000000000,0.199575993935,0.924341480863,92.434148086
2026-05-25T16:00:00Z,2461186.166666667,42165.300772,433128.976221,12.434992879,8.690446852,28.690446852,0.229829819,20.000000000,0.351269171682,0.936412533429,93.641253343
2026-05-25T17:00:00Z,2461186.208333333,42164.878458,434361.840524,2.509294011,8.690534567,28.690534567,0.229177482,20.000000000,0.378922438992,0.938612743041,93.861274304
2026-05-25T18:00:00Z,2461186.250000000,42164.412520,433141.214645,14.314499706,8.690631345,28.690631345,0.229823325,20.000000000,0.331482488767,0.934837186302,93.483718630
2026-05-25T19:00:00Z,2461186.291666667,42163.933185,429534.897532,27.467226188,8.690730908,28.690730908,0.231752901,20.000000000,0.177375795550,0.922573348189,92.257334819
2026-05-25T20:00:00Z,2461186.333333333,42163.473243,423728.140235,40.815831528,8.690826445,28.690826445,0.234928854,20.000000000,0.043144643877,0.911891172283,91.189117228
2026-05-25T21:00:00Z,2461186.375000000,42163.065779,416022.614330,54.382134162,8.690911084,28.690911084,0.239280206,20.000000000,0.000000000000,0.908457476018,90.845747602
2026-05-25T22:00:00Z,2461186.416666667,42162.741560,406833.588526,68.219579789,8.690978432,28.690978432,0.244684787,20.000000000,0.000000000000,0.908457193862,90.845719386
2026-05-25T23:00:00Z,2461186.458333333,42162.526326,396683.511199,82.381902538,8.691023141,28.691023141,0.250945660,20.000000000,0.000000000000,0.908457006550,90.845700655
2026-05-26T00:00:00Z,2461186.500000000,42162.438291,386189.146181,96.912872701,8.691041429,28.691041429,0.257764943,20.000000000,0.000000000000,0.908456929934,90.845692993
2026-05-26T01:00:00Z,2461186.541666667,42162.486163,376038.352196,111.835731445,8.691031484,28.691031484,0.264723108,20.000000000,0.000000000000,0.908456971596,90.845697160
2026-05-26T02:00:00Z,2461186.583333333,42162.667984,366952.198258,127.138157521,8.690993715,28.690993715,0.271278002,20.000000000,0.000000000000,0.908457129831,90.845712983
2026-05-26T03:00:00Z,2461186.625000000,42162.970968,359629.598125,142.744529257,8.690930778,28.690930778,0.276801673,20.000000000,0.000000000000,0.908457393508,90.845739351
2026-05-26T04:00:00Z,2461186.666666667,42163.372419,354676.378104,158.412582785,8.690847388,28.690847388,0.280667368,20.000000000,0.000000000000,0.908457742871,90.845774287
2026-05-26T05:00:00Z,2461186.708333333,42163.841647,352528.666984,172.354464043,8.690749922,28.690749922,0.282377292,20.000000000,0.000000000000,0.908458151207,90.845815121
2026-05-26T06:00:00Z,2461186.750000000,42164.342700,353388.487758,166.602236247,8.690645848,28.690645848,0.281690241,20.000000000,0.000000000000,0.908458587227,90.845858723
2026-05-26T07:00:00Z,2461186.791666667,42164.835772,357191.337696,151.293950333,8.690543433,28.690543433,0.278691193,20.000000000,0.000000000000,0.908459016290,90.845901629
2026-05-26T08:00:00Z,2461186.833333333,42165.286863,363617.125113,135.628443996,8.690449741,28.690449741,0.273766166,20.000000000,0.000000000000,0.908459408812,90.845940881
2026-05-26T09:00:00Z,2461186.875000000,42165.669294,372140.453797,120.183665371,8.690370311,28.690370311,0.267495909,20.000000000,0.000000000000,0.908459741581,90.845974158
2026-05-26T10:00:00Z,2461186.916666667,42165.959678,382103.466009,105.098574251,8.690310000,28.690310000,0.260521139,20.000000000,0.000000000000,0.908459994251,90.845999425
2026-05-26T11:00:00Z,2461186.958333333,42166.137927,392791.278287,90.415696869,8.690272979,28.690272979,0.253432338,20.000000000,0.000000000000,0.908460149348,90.846014935
2026-05-26T12:00:00Z,2461187.000000000,42166.188772,403495.777660,76.132382127,8.690262419,28.690262419,0.246708889,20.000000000,0.000000000000,0.908460193589,90.846019359
2026-05-26T13:00:00Z,2461187.041666667,42166.109243,413562.151388,62.222854403,8.690278936,28.690278936,0.240703797,20.000000000,0.000000000000,0.908460124390,90.846012439
2026-05-26T14:00:00Z,2461187.083333333,42165.906593,422419.039972,48.656304464,8.690321025,28.690321025,0.235656915,20.000000000,0.000012751078,0.908460962759,90.846096276
2026-05-26T15:00:00Z,2461187.125000000,42165.588014,429596.140484,35.424410228,8.690387192,28.690387192,0.231719863,20.000000000,0.091680018893,0.915755334951,91.575533495
2026-05-26T16:00:00Z,2461187.166666667,42165.167421,434733.538517,22.632561519,8.690474549,28.690474549,0.228981534,20.000000000,0.234071809982,0.927086147678,92.708614768
2026-05-26T17:00:00Z,2461187.208333333,42164.667063,437586.160982,11.163560659,8.690578475,28.690578475,0.227488796,20.000000000,0.363276784732,0.937367517484,93.736751748
2026-05-26T18:00:00Z,2461187.250000000,42164.118073,438025.633236,9.172934527,8.690692505,28.690692505,0.227260555,20.000000000,0.377442591369,0.938494318831,93.849431883
2026-05-26T19:00:00Z,2461187.291666667,42163.559276,436040.876980,19.739935084,8.690808575,28.690808575,0.228294997,20.000000000,0.268582202095,0.929830998026,92.983099803
2026-05-26T20:00:00Z,2461187.333333333,42163.034067,431738.056519,32.354132441,8.690917671,28.690917671,0.230570260,20.000000000,0.123202293651,0.918261575438,91.826157544
2026-05-26T21:00:00Z,2461187.375000000,42162.585708,425339.897918,45.472840320,8.691010806,28.691010806,0.234038623,20.000000000,0.011544812052,0.909375765181,90.937576518
2026-05-26T22:00:00Z,2461187.416666667,42162.251971,417183.849117,58.918694033,8.691080133,28.691080133,0.238614163,20.000000000,0.000000000000,0.908456767781,90.845676778
2026-05-26T23:00:00Z,2461187.458333333,42162.063975,407718.004350,72.680457837,8.691119185,28.691119185,0.244154017,20.000000000,0.000000000000,0.908456604169,90.845660417
2026-05-27T00:00:00Z,2461187.500000000,42162.017143,397491.498965,86.778114567,8.691128914,28.691128914,0.250435555,20.000000000,0.000000000000,0.908456563410,90.845656341
2026-05-27T01:00:00Z,2461187.541666667,42162.111164,387139.890336,101.223973402,8.691109382,28.691109382,0.257131915,20.000000000,0.000000000000,0.908456645237,90.845664524
2026-05-27T02:00:00Z,2461187.583333333,42162.342408,377356.348127,115.998892381,8.691061346,28.691061346,0.263798501,20.000000000,0.000000000000,0.908456846488,90.845684649
2026-05-27T03:00:00Z,2461187.625000000,42162.695582,368848.905210,131.012829999,8.690987982,28.690987982,0.269883017,20.000000000,0.000000000000,0.908457153849,90.845715385
2026-05-27T04:00:00Z,2461187.666666667,42163.148346,362280.949435,145.996577697,8.690893933,28.690893933,0.274775886,20.000000000,0.000000000000,0.908457547873,90.845754787
2026-05-27T05:00:00Z,2461187.708333333,42163.672470,358199.315866,159.968848296,8.690785063,28.690785063,0.277906945,20.000000000,0.000000000000,0.908458003986,90.845800399
2026-05-27T06:00:00Z,2461187.750000000,42164.235205,356962.276474,167.377519034,8.690668175,28.690668175,0.278870029,20.000000000,0.000000000000,0.908458493685,90.845849369
2026-05-27T07:00:00Z,2461187.791666667,42164.800897,358685.833584,159.066157290,8.690550677,28.690550677,0.277529992,20.000000000,0.000000000000,0.908458985943,90.845898594
2026-05-27T08:00:00Z,2461187.833333333,42165.332840,363225.429698,144.973510006,8.690440191,28.690440191,0.274061392,20.000000000,0.000000000000,0.908459448819,90.845944882
2026-05-27T09:00:00Z,2461187.875000000,42165.795370,370199.493578,130.022069905,8.690344125,28.690344125,0.268898403,20.000000000,0.000000000000,0.908459851283,90.845985128
2026-05-27T10:00:00Z,2461187.916666667,42166.156131,379046.595576,115.091199796,8.690269198,28.690269198,0.262622161,20.000000000,0.000000000000,0.908460165188,90.846016519
2026-05-27T11:00:00Z,2461187.958333333,42166.388405,389098.365429,100.430523208,8.690220957,28.690220957,0.255837667,20.000000000,0.000000000000,0.908460367290,90.846036729
2026-05-27T12:00:00Z,2461188.000000000,42166.473307,399650.254468,86.126935568,8.690203324,28.690203324,0.249082791,20.000000000,0.000000000000,0.908460441163,90.846044116
2026-05-27T13:00:00Z,2461188.041666667,42166.401629,410018.954797,72.205515616,8.690218211,28.690218211,0.242783862,20.000000000,0.000000000000,0.908460378796,90.846037880
2026-05-27T14:00:00Z,2461188.083333333,42166.175091,419583.113655,58.671438553,8.690265260,28.690265260,0.237249709,20.000000000,0.000000000000,0.908460181685,90.846018168
2026-05-27T15:00:00Z,2461188.125000000,42165.806790,427809.196477,45.547517152,8.690341754,28.690341754,0.232687754,20.000000000,0.011145982940,0.909346830360,90.934683036
2026-05-27T16:00:00Z,2461188.166666667,42165.320712,434266.394631,32.951208564,8.690442710,28.690442710,0.229227852,20.000000000,0.116891002265,0.917761328673,91.776132867
2026-05-27T17:00:00Z,2461188.208333333,42164.750263,438634.430478,21.386625101,8.690561194,28.690561194,0.226945129,20.000000000,0.248929537694,0.928268125085,92.826812509
2026-05-27T18:00:00Z,2461188.250000000,42164.133062,440707.198543,13.312056227,8.690689392,28.690689392,0.225877738,20.000000000,0.342269598994,0.935695354075,93.569535407
2026-05-27T19:00:00Z,2461188.291666667,42163.505135,440394.267150,15.475024730,8.690819821,28.690819821,0.226038241,20.000000000,0.318519897039,0.933804866409,93.380486641
2026-05-27T20:00:00Z,2461188.333333333,42162.905352,437721.161945,25.391706030,8.690944408,28.690944408,0.227418634,20.000000000,0.201458385590,0.924488885352,92.448888535
2026-05-27T21:00:00Z,2461188.375000000,42162.374732,432828.920680,37.413532257,8.691054631,28.691054631,0.229989148,20.000000000,0.072628861893,0.914236495810,91.423649581
2026-05-27T22:00:00Z,2461188.416666667,42161.953558,425972.808019,50.173508670,8.691142122,28.691142122,0.233690887,20.000000000,0.000000000000,0.908456508072,90.845650807
2026-05-27T23:00:00Z,2461188.458333333,42161.677296,417519.467206,63.371387719,8.691199511,28.691199511,0.238422355,20.000000000,0.000000000000,0.908456267637,90.845626764
2026-05-28T00:00:00Z,2461188.500000000,42161.571998,407941.094320,76.929936242,8.691221386,28.691221386,0.244020496,20.000000000,0.000000000000,0.908456175994,90.845617599
2026-05-28T01:00:00Z,2461188.541666667,42161.650185,397804.348009,90.823030223,8.691205143,28.691205143,0.250238602,20.000000000,0.000000000000,0.908456244042,90.845624404
2026-05-28T02:00:00Z,2461188.583333333,42161.908234,387750.790710,105.016733323,8.691151538,28.691151538,0.256726802,20.000000000,0.000000000000,0.908456468626,90.845646863
2026-05-28T03:00:00Z,2461188.625000000,42162.325958,378465.147403,119.423054065,8.691064763,28.691064763,0.263025638,20.000000000,0.000000000000,0.908456832172,90.845683217
2026-05-28T04:00:00Z,2461188.666666667,42162.872300,370629.769432,133.814422629,8.690951274,28.690951274,0.268586228,20.000000000,0.000000000000,0.908457307641,90.845730764
2026-05-28T05:00:00Z,2461188.708333333,42163.512791,364859.110321,147.577368304,8.690818231,28.690818231,0.272834255,20.000000000,0.000000000000,0.908457865028,90.845786503
2026-05-28T06:00:00Z,2461188.750000000,42164.171338,361632.971552,158.652414757,8.690681441,28.690681441,0.275268236,20.000000000,0.000000000000,0.908458438108,90.845843811
2026-05-28T07:00:00Z,2461188.791666667,42164.808722,361231.812642,160.874284605,8.690549052,28.690549052,0.275573932,20.000000000,0.000000000000,0.908458992752,90.845899275
2026-05-28T08:00:00Z,2461188.833333333,42165.401516,363692.871753,152.012395585,8.690425928,28.690425928,0.273709148,20.000000000,0.000000000000,0.908459508576,90.845950858
2026-05-28T09:00:00Z,2461188.875000000,42165.912684,368806.371906,138.861250779,8.690319760,28.690319760,0.269914142,20.000000000,0.000000000000,0.908459953360,90.845995336
2026-05-28T10:00:00Z,2461188.916666667,42166.298240,376148.083517,124.657460111,8.690239683,28.690239683,0.264645882,20.000000000,0.000000000000,0.908460288837,90.846028884
2026-05-28T11:00:00Z,2461188.958333333,42166.534927,385138.752794,110.318659024,8.690190526,28.690190526,0.258467953,20.000000000,0.000000000000,0.908460494778,90.846049478
2026-05-28T12:00:00Z,2461189.000000000,42166.607455,395114.664694,96.163350129,8.690175463,28.690175463,0.251942074,20.000000000,0.000000000000,0.908460557884,90.846055788
2026-05-28T13:00:00Z,2461189.041666667,42166.509094,405392.581932,82.321293351,8.690195891,28.690195891,0.245554548,20.000000000,0.000000000000,0.908460472301,90.846047230
2026-05-28T14:00:00Z,2461189.083333333,42166.242635,415320.897535,68.853499685,8.690251232,28.690251232,0.239684490,20.000000000,0.000000000000,0.908460240455,90.846024046
2026-05-28T15:00:00Z,2461189.125000000,42165.821387,424315.252476,55.811267592,8.690338722,28.690338722,0.234603788,20.000000000,0.000000000000,0.908459873921,90.845987392
2026-05-28T16:00:00Z,2461189.166666667,42165.269764,431880.935314,43.300355470,8.690453292,28.690453292,0.230493980,20.000000000,0.024747366070,0.910428726753,91.042872675
2026-05-28T17:00:00Z,2461189.208333333,42164.622943,437625.744598,31.629269355,8.690587639,28.690587639,0.227468219,20.000000000,0.130957233831,0.918880076640,91.888007664
2026-05-28T18:00:00Z,2461189.250000000,42163.925203,441266.730514,21.818286740,8.690732566,28.690732566,0.225591321,20.000000000,0.243780428398,0.927857654023,92.785765402
2026-05-28T19:00:00Z,2461189.291666667,42163.225772,442633.399006,17.091968906,8.690877850,28.690877850,0.224894785,20.000000000,0.299883766328,0.932321607134,93.232160713
2026-05-28T20:00:00Z,2461189.333333333,42162.567948,441668.961418,21.090671127,8.691014495,28.691014495,0.225385872,20.000000000,0.252468641936,0.928547858942,92.854785894
2026-05-28T21:00:00Z,2461189.375000000,42161.993311,438430.086778,30.593529638,8.691133864,28.691133864,0.227050905,20.000000000,0.142233831028,0.919775151311,91.977515131
2026-05-28T22:00:00Z,2461189.416666667,42161.543724,433086.267553,42.107472990,8.691227259,28.691227259,0.229852484,20.000000000,0.033202619937,0.911098331929,91.109833193
2026-05-28T23:00:00Z,2461189.458333333,42161.257050,425918.001047,54.485594804,8.691286812,28.691286812,0.233720958,20.000000000,0.000000000000,0.908455901883,90.845590188
2026-05-29T00:00:00Z,2461189.500000000,42161.160967,417312.969128,67.378063334,8.691306772,28.691306772,0.238540334,20.000000000,0.000000000000,0.908455818259,90.845581826
2026-05-29T01:00:00Z,2461189.541666667,42161.266984,407758.630612,80.657505973,8.691284748,28.691284748,0.244129691,20.000000000,0.000000000000,0.908455910530,90.845591053
2026-05-29T02:00:00Z,2461189.583333333,42161.563650,397828.788773,94.252420116,8.691223120,28.691223120,0.250223228,20.000000000,0.000000000000,0.908456168728,90.845616873
2026-05-29T03:00:00Z,2461189.625000000,42162.021821,388160.989042,108.074610544,8.691127942,28.691127942,0.256455498,20.000000000,0.000000000000,0.908456567482,90.845656748
2026-05-29T04:00:00Z,2461189.666666667,42162.610545,379421.678130,121.950151532,8.691005647,28.691005647,0.262362540,20.000000000,0.000000000000,0.908457079844,90.845707984
2026-05-29T05:00:00Z,2461189.708333333,42163.290245,372256.961275,135.483818124,8.690864457,28.690864457,0.267412189,20.000000000,0.000000000000,0.908457671360,90.845767136
2026-05-29T06:00:00Z,2461189.750000000,42164.014870,367230.876546,147.666469391,8.690713941,28.690713941,0.271072138,20.000000000,0.000000000000,0.908458301949,90.845830195
2026-05-29T07:00:00Z,2461189.791666667,42164.734822,364759.175381,155.726553832,8.690564401,28.690564401,0.272909005,20.000000000,0.000000000000,0.908458928446,90.845892845
2026-05-29T08:00:00Z,2461189.833333333,42165.400251,365052.698957,154.954456080,8.690426190,28.690426190,0.272689569,20.000000000,0.000000000000,0.908459507476,90.845950748
2026-05-29T09:00:00Z,2461189.875000000,42165.964532,368086.196594,145.984318717,8.690308992,28.690308992,0.270442244,20.000000000,0.000000000000,0.908459998474,90.845999847
2026-05-29T10:00:00Z,2461189.916666667,42166.387669,373602.648546,133.531640728,8.690221110,28.690221110,0.266448984,20.000000000,0.000000000000,0.908460366650,90.846036665
2026-05-29T11:00:00Z,2461189.958333333,42166.639333,381151.666272,119.984422008,8.690168843,28.690168843,0.261171709,20.000000000,0.000000000000,0.908460585620,90.846058562
2026-05-29T12:00:00Z,2461190.000000000,42166.701229,390149.886165,106.208913260,8.690155988,28.690155988,0.255148136,20.000000000,0.000000000000,0.908460639475,90.846063947
2026-05-29T13:00:00Z,2461190.041666667,42166.569046,399947.268754,92.554306733,8.690183440,28.690183440,0.248897813,20.000000000,0.000000000000,0.908460524464,90.846052446
2026-05-29T14:00:00Z,2461190.083333333,42166.259525,409886.378823,79.183097500,8.690247724,28.690247724,0.242862390,20.000000000,0.000000000000,0.908460255151,90.846025515
2026-05-29T15:00:00Z,2461190.125000000,42165.793617,419348.154706,66.192303392,8.690344490,28.690344490,0.237382640,20.000000000,0.000000000000,0.908459849758,90.845984976
2026-05-29T16:00:00Z,2461190.166666667,42165.195816,427783.516811,53.685258979,8.690468651,28.690468651,0.232701722,20.000000000,0.000000000000,0.908459329587,90.845932959
2026-05-29T17:00:00Z,2461190.208333333,42164.499535,434733.171298,41.863075012,8.690613272,28.690613272,0.228981727,20.000000000,0.035019353109,0.911245475279,91.124547528
2026-05-29T18:00:00Z,2461190.250000000,42163.749447,439839.013155,31.238214672,8.690769073,28.690769073,0.226323594,20.000000000,0.135189925745,0.919216143442,91.921614344
2026-05-29T19:00:00Z,2461190.291666667,42163.000502,442850.152638,23.227696032,8.690924643,28.690924643,0.224784709,20.000000000,0.227000631887,0.926521555536,92.652155554
2026-05-29T20:00:00Z,2461190.333333333,42162.305864,443625.763007,20.882848887,8.691068937,28.691068937,0.224391706,20.000000000,0.254950491860,0.928745130196,92.874513020
2026-05-29T21:00:00Z,2461190.375000000,42161.708714,442136.070950,25.752619392,8.691192985,28.691192985,0.225147754,20.000000000,0.197240149919,0.924152167399,92.415216740
2026-05-29T22:00:00Z,2461190.416666667,42161.247498,438462.263628,34.980773653,8.691288797,28.691288797,0.227034242,20.000000000,0.096096177482,0.916102984399,91.610298440
2026-05-29T23:00:00Z,2461190.458333333,42160.954250,432795.412788,46.099547856,8.691349716,28.691349716,0.230006954,20.000000000,0.008370787427,0.909121764440,90.912176444
2026-05-30T00:00:00Z,2461190.500000000,42160.852138,425434.028234,58.135273710,8.691370929,28.691370929,0.233986840,20.000000000,0.000000000000,0.908455549468,90.845554947
2026-05-30T01:00:00Z,2461190.541666667,42160.952761,416779.265974,70.726036769,8.691350026,28.691350026,0.238845796,20.000000000,0.000000000000,0.908455637046,90.845563705
2026-05-30T02:00:00Z,2461190.583333333,42161.253744,407326.118537,83.711085741,8.691287499,28.691287499,0.244388917,20.000000000,0.000000000000,0.908455899006,90.845589901
2026-05-30T03:00:00Z,2461190.625000000,42161.737322,397648.151342,96.979955170,8.691187042,28.691187042,0.250336896,20.000000000,0.000000000000,0.908456319879,90.845631988
2026-05-30T04:00:00Z,2461190.666666667,42162.370513,388372.774310,110.391795896,8.691055508,28.691055508,0.256315648,20.000000000,0.000000000000,0.908456870948,90.845687095
2026-05-30T05:00:00Z,2461190.708333333,42163.105640,380144.144120,123.686328845,8.690902804,28.690902804,0.261863915,20.000000000,0.000000000000,0.908457510707,90.845751071
2026-05-30T06:00:00Z,2461190.750000000,42163.886097,373572.657852,136.303720960,8.690740689,28.690740689,0.266470375,20.000000000,0.000000000000,0.908458189888,90.845818989
2026-05-30T07:00:00Z,2461190.791666667,42164.660982,369175.034366,146.919977060,8.690579738,28.690579738,0.269644601,20.000000000,0.000000000000,0.908458864192,90.845886419
2026-05-30T08:00:00Z,2461190.833333333,42165.380126,367312.488184,152.596318509,8.690430370,28.690430370,0.271011909,20.000000000,0.000000000000,0.908459489964,90.845948996
2026-05-30T09:00:00Z,2461190.875000000,42165.995342,368141.359402,150.165310179,8.690302592,28.690302592,0.270401720,20.000000000,0.000000000000,0.908460025283,90.846002528
2026-05-30T10:00:00Z,2461190.916666667,42166.462992,371590.205180,141.194372821,8.690205466,28.690205466,0.267892018,20.000000000,0.000000000000,0.908460432188,90.846043219
2026-05-30T11:00:00Z,2461190.958333333,42166.747613,377370.701461,129.237336060,8.690146354,28.690146354,0.263788467,20.000000000,0.000000000000,0.908460679833,90.846067983
2026-05-30T12:00:00Z,2461191.000000000,42166.824512,385018.936382,116.204305192,8.690130384,28.690130384,0.258548388,20.000000000,0.000000000000,0.908460746741,90.846074674
2026-05-30T13:00:00Z,2461191.041666667,42166.681531,393954.682238,102.895738976,8.690160079,28.690160079,0.252683911,20.000000000,0.000000000000,0.908460622336,90.846062234
2026-05-30T14:00:00Z,2461191.083333333,42166.338658,403543.592434,89.670447665,8.690231289,28.690231289,0.246679657,20.000000000,0.000000000000,0.908460324005,90.846032401
2026-05-30T15:00:00Z,2461191.125000000,42165.829251,413152.451894,76.713247062,8.690337089,28.690337089,0.240942491,20.000000000,0.000000000000,0.908459880764,90.845988076
2026-05-30T16:00:00Z,2461191.166666667,42165.182810,422190.906440,64.151493268,8.690471353,28.690471353,0.235784255,20.000000000,0.000000000000,0.908459318270,90.845931827
2026-05-30T17:00:00Z,2461191.208333333,42164.437620,430140.316482,52.135283466,8.690626132,28.690626132,0.231426709,20.000000000,0.000000000000,0.908458669826,90.845866983
2026-05-30T18:00:00Z,2461191.250000000,42163.639363,436570.491834,40.952308431,8.690791939,28.690791939,0.228018045,20.000000000,0.042057507744,0.911804805301,91.180480530
2026-05-30T19:00:00Z,2461191.291666667,42162.843677,441150.008604,31.282464088,8.690957219,28.690957219,0.225651009,20.000000000,0.134711912938,0.919177316150,91.917731615
2026-05-30T20:00:00Z,2461191.333333333,42162.106004,443652.715678,24.746299728,8.691110454,28.691110454,0.224378074,20.000000000,0.209040176535,0.925091529447,92.509152945
2026-05-30T21:00:00Z,2461191.375000000,42161.470973,443960.357727,23.930095182,8.691242372,28.691242372,0.224222590,20.000000000,0.218676766007,0.925857832193,92.585783219
2026-05-30T22:00:00Z,2461191.416666667,42160.978469,442063.392766,29.296644767,8.691344685,28.691344685,0.225184770,20.000000000,0.156626312759,0.920919585368,92.091958537
2026-05-30T23:00:00Z,2461191.458333333,42160.662371,438060.835999,38.377683217,8.691410353,28.691410353,0.227242292,20.000000000,0.063845292617,0.913536031258,91.353603126
2026-05-31T00:00:00Z,2461191.500000000,42160.548024,432158.993513,49.235617560,8.691434108,28.691434108,0.230345676,20.000000000,0.000000000000,0.908455284777,90.845528478
2026-05-31T01:00:00Z,2461191.541666667,42160.648995,424668.606583,61.020563959,8.691413131,28.691413131,0.234408580,20.000000000,0.000000000000,0.908455372660,90.845537266
2026-05-31T02:00:00Z,2461191.583333333,42160.963865,415999.347788,73.375683149,8.691347719,28.691347719,0.239293588,20.000000000,0.000000000000,0.908455646710,90.845564671
2026-05-31T03:00:00Z,2461191.625000000,42161.474153,406649.935775,86.120972371,8.691241712,28.691241712,0.244795293,20.000000000,0.000000000000,0.908456090836,90.845609084
2026-05-31T04:00:00Z,2461191.666666667,42162.141142,397191.378513,99.117246455,8.691103155,28.691103155,0.250624787,20.000000000,0.000000000000,0.908456671327,90.845667133
2026-05-31T05:00:00Z,2461191.708333333,42162.913368,388240.668104,112.181099004,8.690942743,28.690942743,0.256402865,20.000000000,0.000000000000,0.908457343381,90.845734338
2026-05-31T06:00:00Z,2461191.750000000,42163.738801,380422.580650,124.980188386,8.690771285,28.690771285,0.261672252,20.000000000,0.000000000000,0.908458061708,90.845806171
2026-05-31T07:00:00Z,2461191.791666667,42164.561710,374318.851933,136.821947706,8.690600358,28.690600358,0.265939170,20.000000000,0.000000000000,0.908458777807,90.845877781
2026-05-31T08:00:00Z,2461191.833333333,42165.325993,370409.024671,146.177754290,8.690441614,28.690441614,0.268746293,20.000000000,0.000000000000,0.908459442860,90.845944286
2026-05-31T09:00:00Z,2461191.875000000,42165.978807,369012.345684,150.192085124,8.690306027,28.690306027,0.269763482,20.000000000,0.000000000000,0.908460010895,90.846001090
2026-05-31T10:00:00Z,2461191.916666667,42166.474262,370244.181098,146.742462327,8.690203126,28.690203126,0.268865948,20.000000000,0.000000000000,0.908460441994,90.846044199
2026-05-31T11:00:00Z,2461191.958333333,42166.776900,373999.404139,137.709857942,8.690140272,28.690140272,0.266166321,20.000000000,0.000000000000,0.908460705315,90.846070531
2026-05-31T12:00:00Z,2461192.000000000,42166.864643,379967.991496,126.029185792,8.690122049,28.690122049,0.261985316,20.000000000,0.000000000000,0.908460781658,90.846078166
2026-05-31T13:00:00Z,2461192.041666667,42166.733303,387677.716804,113.325205406,8.690149326,28.690149326,0.256775193,20.000000000,0.000000000000,0.908460667382,90.846066738
2026-05-31T14:00:00Z,2461192.083333333,42166.394201,396552.212301,100.335610510,8.690219753,28.690219753,0.251028749,20.000000000,0.000000000000,0.908460372333,90.846037233
2026-05-31T15:00:00Z,2461192.125000000,42165.870288,405970.685586,87.413422653,8.690328565,28.690328565,0.245204875,20.000000000,0.000000000000,0.908459916471,90.845991647
2026-05-31T16:00:00Z,2461192.166666667,42165.195137,415318.988111,74.753812094,8.690468792,28.690468792,0.239685592,20.000000000,0.000000000000,0.908459328996,90.845932900
2026-05-31T17:00:00Z,2461192.208333333,42164.411615,424028.176969,62.504574444,8.690631533,28.690631533,0.234762620,20.000000000,0.000000000000,0.908458647196,90.845864720
2026-05-31T18:00:00Z,2461192.250000000,42163.570588,431600.829846,50.852459711,8.690806225,28.690806225,0.230643570,20.000000000,0.000000000000,0.908457915325,90.845791532
2026-05-31T19:00:00Z,2461192.291666667,42162.731304,437627.535404,40.152636929,8.690980562,28.690980562,0.227467288,20.000000000,0.048541233120,0.912319973534,91.231997353
2026-05-31T20:00:00Z,2461192.333333333,42161.952595,441796.722697,31.205597527,8.691142322,28.691142322,0.225320693,20.000000000,0.135548573161,0.919243119958,91.924311996
2026-05-31T21:00:00Z,2461192.375000000,42161.281018,443900.358106,25.731008761,8.691281833,28.691281833,0.224252897,20.000000000,0.197493701875,0.924171972185,92.417197219
2026-05-31T22:00:00Z,2461192.416666667,42160.760544,443836.509414,25.935655220,8.691389957,28.691389957,0.224285158,20.000000000,0.195106841258,0.923981578857,92.398157886
2026-05-31T23:00:00Z,2461192.458333333,42160.431162,441610.450802,31.708213963,8.691458385,28.691458385,0.225415734,20.000000000,0.130117102606,0.918809573093,91.880957309
2026-06-01T00:00:00Z,2461192.500000000,42160.336740,437334.579972,40.798865282,8.691478001,28.691478001,0.227619662,20.000000000,0.043285761584,0.911899672341,91.189967234
2026-06-01T01:00:00Z,2461192.541666667,42160.535291,431226.973270,51.557594678,8.691436753,28.691436753,0.230843530,20.000000000,0.000000000000,0.908455273695,90.845527369
2026-06-01T02:00:00Z,2461192.583333333,42161.007878,423607.943138,63.225279500,8.691338576,28.691338576,0.234995514,20.000000000,0.000000000000,0.908455685017,90.845568502
2026-06-01T03:00:00Z,2461192.625000000,42161.700358,414894.241610,75.461019143,8.691194721,28.691194721,0.239930971,20.000000000,0.000000000000,0.908456287708,90.845628771
2026-06-01T04:00:00Z,2461192.666666667,42162.537444,405588.464011,88.078983725,8.691020832,28.691020832,0.245435954,20.000000000,0.000000000000,0.908457016225,90.845701622
2026-06-01T05:00:00Z,2461192.708333333,42163.435759,396261.371889,100.923907214,8.690834231,28.690834231,0.251212996,20.000000000,0.000000000000,0.908457797992,90.845779799
2026-06-01T06:00:00Z,2461192.750000000,42164.316842,387524.393744,113.784097582,8.690651218,28.690651218,0.256876786,20.000000000,0.000000000000,0.908458564725,90.845856473
2026-06-01T07:00:00Z,2461192.791666667,42165.117066,379990.164655,126.275855325,8.690485008,28.690485008,0.261970028,20.000000000,0.000000000000,0.908459261062,90.845926106
2026-06-01T08:00:00Z,2461192.833333333,42165.792502,374221.295309,137.608910428,8.690344721,28.690344721,0.266008499,20.000000000,0.000000000000,0.908459848788,90.845984879
2026-06-01T09:00:00Z,2461192.875000000,42166.318271,370671.920684,146.106596884,8.690235523,28.690235523,0.268555686,20.000000000,0.000000000000,0.908460306267,90.846030627
2026-06-01T10:00:00Z,2461192.916666667,42166.683541,369631.898914,148.975558768,8.690159661,28.690159661,0.269311318,20.000000000,0.000000000000,0.908460624085,90.846062408
2026-06-01T11:00:00Z,2461192.958333333,42166.886084,371186.880764,144.722742945,8.690117596,28.690117596,0.268183107,20.000000000,0.000000000000,0.908460800314,90.846080031
2026-06-01T12:00:00Z,2461193.000000000,42166.922589,375205.796664,135.447416528,8.690110015,28.690110015,0.265310515,20.000000000,0.000000000000,0.908460832075,90.846083207
2026-06-01T13:00:00Z,2461193.041666667,42166.791715,381359.977409,123.786224220,8.690137195,28.690137195,0.261029048,20.000000000,0.000000000000,0.908460718205,90.846071821
2026-06-01T14:00:00Z,2461193.083333333,42166.503652,389167.537361,111.184504542,8.690197022,28.690197022,0.255792193,20.000000000,0.000000000000,0.908460467565,90.846046757
2026-06-01T15:00:00Z,2461193.125000000,42166.078952,398050.847133,98.319710021,8.690285227,28.690285227,0.250083637,20.000000000,0.000000000000,0.908460098033,90.846009803
2026-06-01T16:00:00Z,2461193.166666667,42165.546696,407394.166042,85.527589970,8.690395774,28.690395774,0.244348097,20.000000000,0.000000000000,0.908459634904,90.845963490
2026-06-01T17:00:00Z,2461193.208333333,42164.942404,416592.621861,73.001973548,8.690521285,28.690521285,0.238952806,20.000000000,0.000000000000,0.908459109078,90.845910908
2026-06-01T18:00:00Z,2461193.250000000,42164.305889,425089.031362,60.899078848,8.690653494,28.690653494,0.234176742,20.000000000,0.000000000000,0.908458555194,90.845855519
2026-06-01T19:00:00Z,2461193.291666667,42163.680077,432399.063003,49.426771388,8.690783482,28.690783482,0.230217787,20.000000000,0.000000000000,0.908458010606,90.845801061
2026-06-01T20:00:00Z,2461193.333333333,42163.107557,438127.050339,38.986887702,8.690902405,28.690902405,0.227207948,20.000000000,0.058455493243,0.913109252726,91.310925273
2026-06-01T21:00:00Z,2461193.375000000,42162.624531,441975.183875,30.477662670,8.691002741,28.691002741,0.225229713,20.000000000,0.143505757980,0.919876917387,91.987691739
2026-06-01T22:00:00Z,2461193.416666667,42162.261153,443748.700610,25.733936429,8.691078225,28.691078225,0.224329539,20.000000000,0.197456873619,0.924169894515,92.416989451
2026-06-01T23:00:00Z,2461193.458333333,42162.040263,443358.465959,26.768185355,8.691124111,28.691124111,0.224526991,20.000000000,0.185434946901,0.923213027743,92.321302774
2026-06-02T00:00:00Z,2461193.500000000,42161.976313,440821.990306,33.054706141,8.691137395,28.691137395,0.225818918,20.000000000,0.115813936378,0.917672708103,91.767270810
2026-06-02T01:00:00Z,2461193.541666667,42162.074490,436263.301170,42.374035336,8.691117001,28.691117001,0.228178603,20.000000000,0.031248918350,0.910943323231,91.094332323
2026-06-02T02:00:00Z,2461193.583333333,42162.330043,429911.586461,53.238290180,8.691063915,28.691063915,0.231549838,20.000000000,0.000000000000,0.908456835727,90.845683573
2026-06-02T03:00:00Z,2461193.625000000,42162.727965,422098.007311,64.966643689,8.690981256,28.690981256,0.235836149,20.000000000,0.000000000000,0.908457182031,90.845718203
2026-06-02T04:00:00Z,2461193.666666667,42163.243220,413249.481989,77.246721712,8.690874226,28.690874226,0.240885917,20.000000000,0.000000000000,0.908457630436,90.845763044
2026-06-02T05:00:00Z,2461193.708333333,42163.841737,403877.555368,89.900974063,8.690749903,28.690749903,0.246475678,20.000000000,0.000000000000,0.908458151286,90.845815129
2026-06-02T06:00:00Z,2461193.750000000,42164.482083,394559.791094,102.771855384,8.690616896,28.690616896,0.252296385,20.000000000,0.000000000000,0.908458708517,90.845870852
2026-06-02T07:00:00Z,2461193.791666667,42165.118226,385910.821960,115.634877574,8.690484767,28.690484767,0.257950848,20.000000000,0.000000000000,0.908459262072,90.845926207
2026-06-02T08:00:00Z,2461193.833333333,42165.706294,378541.584666,128.073074828,8.690362626,28.690362626,0.262972526,20.000000000,0.000000000000,0.908459773775,90.845977378
2026-06-02T09:00:00Z,2461193.875000000,42166.205285,373006.517149,139.213658583,8.690258989,28.690258989,0.266874820,20.000000000,0.000000000000,0.908460207957,90.846020796
2026-06-02T10:00:00Z,2461193.916666667,42166.579669,369744.295126,147.202354699,8.690181234,28.690181234,0.269229451,20.000000000,0.000000000000,0.908460533708,90.846053371
2026-06-02T11:00:00Z,2461193.958333333,42166.802320,369022.693534,149.135237727,8.690134993,28.690134993,0.269755917,20.000000000,0.000000000000,0.908460727432,90.846072743
2026-06-02T12:00:00Z,2461194.000000000,42166.856948,370901.112061,143.958578458,8.690123647,28.690123647,0.268389736,20.000000000,0.000000000000,0.908460774963,90.846077496
2026-06-02T13:00:00Z,2461194.041666667,42166.740067,375221.770956,134.137247323,8.690147921,28.690147921,0.265299220,20.000000000,0.000000000000,0.908460673267,90.846067327
2026-06-02T14:00:00Z,2461194.083333333,42166.463837,381632.406837,122.200819206,8.690205291,28.690205291,0.260842710,20.000000000,0.000000000000,0.908460432923,90.846043292
2026-06-02T15:00:00Z,2461194.125000000,42166.048821,389633.323271,109.456872640,8.690291485,28.690291485,0.255486405,20.000000000,0.000000000000,0.908460071816,90.846007182
2026-06-02T16:00:00Z,2461194.166666667,42165.521572,398635.789523,96.512769955,8.690400992,28.690400992,0.249716671,20.000000000,0.000000000000,0.908459613042,90.845961304
2026-06-02T17:00:00Z,2461194.208333333,42164.914075,408019.321123,83.671100106,8.690527169,28.690527169,0.243973712,20.000000000,0.000000000000,0.908459084427,90.845908443
2026-06-02T18:00:00Z,2461194.250000000,42164.263902,417179.538538,71.109627221,8.690662215,28.690662215,0.238616629,20.000000000,0.000000000000,0.908458518657,90.845851866
2026-06-02T19:00:00Z,2461194.291666667,42163.619983,425563.745541,58.978448684,8.690795965,28.690795965,0.233915518,20.000000000,0.000000000000,0.908457958310,90.845795831
2026-06-02T20:00:00Z,2461194.333333333,42163.033508,432694.793337,47.490843739,8.690917787,28.690917787,0.230060441,20.000000000,0.002656151806,0.908668817779,90.866881778
2026-06-02T21:00:00Z,2461194.375000000,42162.536912,438185.800334,37.081368191,8.691020942,28.691020942,0.227177485,20.000000000,0.075726956481,0.914483175487,91.448317549
2026-06-02T22:00:00Z,2461194.416666667,42162.156432,441749.127810,28.757949694,8.691099979,28.691099979,0.225344970,20.000000000,0.162683365931,0.921402615558,92.140261556
2026-06-02T23:00:00Z,2461194.458333333,42161.915636,443201.282036,24.585885580,8.691150000,28.691150000,0.224606621,20.000000000,0.210930213065,0.925241768097,92.524176810
2026-06-03T00:00:00Z,2461194.500000000,42161.836593,442465.393356,26.545944456,8.691166420,28.691166420,0.224980178,20.000000000,0.188008701228,0.923417663349,92.341766335
2026-06-03T01:00:00Z,2461194.541666667,42161.929994,439572.057883,33.608162476,8.691147017,28.691147017,0.226461043,20.000000000,0.110054481369,0.917214344924,91.721434492
2026-06-03T02:00:00Z,2461194.583333333,42162.186433,434659.232183,43.419175376,8.691093747,28.691093747,0.229020679,20.000000000,0.023952640278,0.910362801294,91.036280129
2026-06-03T03:00:00Z,2461194.625000000,42162.586537,427971.029225,54.609492117,8.691010634,28.691010634,0.232599765,20.000000000,0.000000000000,0.908457058950,90.845705895
2026-06-03T04:00:00Z,2461194.666666667,42163.103081,419854.493062,66.587136131,8.690903335,28.690903335,0.237096359,20.000000000,0.000000000000,0.908457508480,90.845750848
2026-06-03T05:00:00Z,2461194.708333333,42163.702811,410753.139365,79.085154102,8.690778760,28.690778760,0.242349905,20.000000000,0.000000000000,0.908458030389,90.845803039
2026-06-03T06:00:00Z,2461194.750000000,42164.348210,401195.223222,91.949046289,8.690644703,28.690644703,0.248123588,20.000000000,0.000000000000,0.908458592021,90.845859202
2026-06-03T07:00:00Z,2461194.791666667,42164.999231,391774.010842,105.032502197,8.690509482,28.690509482,0.254090396,20.000000000,0.000000000000,0.908459158527,90.845915853
2026-06-03T08:00:00Z,2461194.833333333,42165.615114,383117.112345,118.111910725,8.690381564,28.690381564,0.259831851,20.000000000,0.000000000000,0.908459694437,90.845969444
2026-06-03T09:00:00Z,2461194.875000000,42166.156367,375842.905737,130.750663933,8.690269149,28.690269149,0.264860771,20.000000000,0.000000000000,0.908460165393,90.846016539
2026-06-03T10:00:00Z,2461194.916666667,42166.586949,370505.051458,141.988235247,8.690179722,28.690179722,0.268676640,20.000000000,0.000000000000,0.908460540042,90.846054004
2026-06-03T11:00:00Z,2461194.958333333,42166.876553,367531.177739,149.681374154,8.690119575,28.690119575,0.270850649,20.000000000,0.000000000000,0.908460792021,90.846079202
2026-06-03T12:00:00Z,2461195.000000000,42167.002860,367167.393710,150.556786132,8.690093344,28.690093344,0.271119006,20.000000000,0.000000000000,0.908460901916,90.846090192
2026-06-03T13:00:00Z,2461195.041666667,42166.953590,369442.893724,144.074992186,8.690103576,28.690103576,0.269449097,20.000000000,0.000000000000,0.908460859048,90.846085905
2026-06-03T14:00:00Z,2461195.083333333,42166.678220,374165.446854,133.343504501,8.690160766,28.690160766,0.266048204,20.000000000,0.000000000000,0.908460619455,90.846061946
2026-06-03T15:00:00Z,2461195.125000000,42166.127493,380949.157253,120.850451407,8.690275146,28.690275146,0.261310546,20.000000000,0.000000000000,0.908460140270,90.846014027
2026-06-03T16:00:00Z,2461195.166666667,42165.586390,389265.132676,107.747991745,8.690387530,28.690387530,0.255728062,20.000000000,0.000000000000,0.908459669443,90.845966944
2026-06-03T17:00:00Z,2461195.208333333,42164.971748,398503.262565,94.549421141,8.690515191,28.690515191,0.249799718,20.000000000,0.000000000000,0.908459134612,90.845913461
2026-06-03T18:00:00Z,2461195.250000000,42164.307676,408029.581222,81.505694784,8.690653122,28.690653122,0.243967577,20.000000000,0.000000000000,0.908458556750,90.845855675
2026-06-03T19:00:00Z,2461195.291666667,42163.640595,417233.559694,68.763763048,8.690791684,28.690791684,0.238585734,20.000000000,0.000000000000,0.908457976247,90.845797625
2026-06-03T20:00:00Z,2461195.333333333,42163.026048,425562.266925,56.454148968,8.690919337,28.690919337,0.233916330,20.000000000,0.000000000000,0.908457441442,90.845744144
2026-06-03T21:00:00Z,2461195.375000000,42162.501744,432542.976174,44.781666719,8.691028248,28.691028248,0.230141189,20.000000000,0.015402682257,0.909682691665,90.968269166
2026-06-03T22:00:00Z,2461195.416666667,42162.097377,437797.053024,34.204628875,8.691112246,28.691112246,0.227379211,20.000000000,0.103929328494,0.916727066420,91.672706642
2026-06-03T23:00:00Z,2461195.458333333,42161.834688,441047.925089,25.885927371,8.691166815,28.691166815,0.225703238,20.000000000,0.195683892944,0.924028434041,92.402843404
2026-06-04T00:00:00Z,2461195.500000000,42161.727889,442125.402357,22.342676490,8.691189001,28.691189001,0.225153187,20.000000000,0.237533949229,0.927358662755,92.735866276
2026-06-04T01:00:00Z,2461195.541666667,42161.783869,440967.855825,25.600734803,8.691177372,28.691177372,0.225744220,20.000000000,0.199014903570,0.924293463216,92.429346322
2026-06-04T02:00:00Z,2461195.583333333,42162.001775,437623.105098,33.788876879,8.691132106,28.691132106,0.227469591,20.000000000,0.108189460607,0.917065993759,91.706599376
2026-06-04T03:00:00Z,2461195.625000000,42162.371960,432248.307820,44.338976979,8.691055207,28.691055207,0.230298080,20.000000000,0.018050837204,0.909893312191,90.989331219
2026-06-04T04:00:00Z,2461195.666666667,42162.873948,425108.620820,56.040953011,8.690950931,28.690950931,0.234165951,20.000000000,0.000000000000,0.908457309075,90.845730908
2026-06-04T05:00:00Z,2461195.708333333,42163.466991,416573.803391,68.422712645,8.690827744,28.690827744,0.238963600,20.000000000,0.000000000000,0.908457825171,90.845782517
2026-06-04T06:00:00Z,2461195.750000000,42164.113254,407111.566569,81.281722256,8.690693506,28.690693506,0.244517714,20.000000000,0.000000000000,0.908458387563,90.845838756
2026-06-04T07:00:00Z,2461195.791666667,42164.775932,397274.938968,94.499956317,8.690555862,28.690555862,0.250572072,20.000000000,0.000000000000,0.908458964219,90.845896422
2026-06-04T08:00:00Z,2461195.833333333,42165.407748,387680.799425,107.954486658,8.690424633,28.690424633,0.256773151,20.000000000,0.000000000000,0.908459513999,90.845951400
2026-06-04T09:00:00Z,2461195.875000000,42165.962301,378976.682065,121.436296231,8.690309455,28.690309455,0.262670609,20.000000000,0.000000000000,0.908459996533,90.845999653
2026-06-04T10:00:00Z,2461195.916666667,42166.404109,371793.749274,134.502744788,8.690217695,28.690217695,0.267745356,20.000000000,0.000000000000,0.908460380954,90.846038095
2026-06-04T11:00:00Z,2461195.958333333,42166.704161,366687.259977,146.088449439,8.690155379,28.690155379,0.271474007,20.000000000,0.000000000000,0.908460642026,90.846064203
2026-06-04T12:00:00Z,2461196.000000000,42166.841213,364072.086014,153.546628137,8.690126915,28.690126915,0.273424052,20.000000000,0.000000000000,0.908460761272,90.846076127
2026-06-04T13:00:00Z,2461196.041666667,42166.803413,364166.488817,152.871503485,8.690134765,28.690134765,0.273353172,20.000000000,0.000000000000,0.908460728383,90.846072838
2026-06-04T14:00:00Z,2461196.083333333,42166.590010,366959.488954,144.525487621,8.690179086,28.690179086,0.271272612,20.000000000,0.000000000000,0.908460542705,90.846054270
2026-06-04T15:00:00Z,2461196.125000000,42166.212675,372212.140024,132.558469568,8.690257454,28.690257454,0.267444390,20.000000000,0.000000000000,0.908460214387,90.846021439
2026-06-04T16:00:00Z,2461196.166666667,42165.698704,379492.281792,119.310261163,8.690364202,28.690364202,0.262313728,20.000000000,0.000000000000,0.908459767171,90.845976717
2026-06-04T17:00:00Z,2461196.208333333,42165.087908,388231.806853,105.710648912,8.690491064,28.690491064,0.256408717,20.000000000,0.000000000000,0.908459235690,90.845923569
2026-06-04T18:00:00Z,2461196.250000000,42164.424355,397791.088364,92.149567268,8.690628887,28.690628887,0.250246943,20.000000000,0.000000000000,0.908458658283,90.845865828
2026-06-04T19:00:00Z,2461196.291666667,42163.754163,407517.725881,78.809769545,8.690768094,28.690768094,0.244274010,20.000000000,0.000000000000,0.908458075077,90.845807508
2026-06-04T20:00:00Z,2461196.333333333,42163.122070,416792.731903,65.795016595,8.690899391,28.690899391,0.238838079,20.000000000,0.000000000000,0.908457525006,90.845752501
2026-06-04T21:00:00Z,2461196.375000000,42162.568621,425062.965640,53.203574995,8.691014355,28.691014355,0.234191102,20.000000000,0.000000000000,0.908457043358,90.845704336
2026-06-04T22:00:00Z,2461196.416666667,42162.128071,431861.926068,41.216161015,8.691105870,28.691105870,0.230504126,20.000000000,0.039982282745,0.911638348919,91.163834892
2026-06-04T23:00:00Z,2461196.458333333,42161.826976,436822.103794,30.303552764,8.691168418,28.691168418,0.227886705,20.000000000,0.145426019274,0.920029032818,92.002903282
2026-06-05T00:00:00Z,2461196.500000000,42161.683302,439681.851311,21.864411291,8.691198264,28.691198264,0.226404492,20.000000000,0.243236363350,0.927812407648,92.781240765
2026-06-05T01:00:00Z,2461196.541666667,42161.705849,440288.985617,19.280207014,8.691193580,28.691193580,0.226092291,20.000000000,0.274060461443,0.930265331060,93.026533106
2026-06-05T02:00:00Z,2461196.583333333,42161.893862,438602.549275,24.460786168,8.691154523,28.691154523,0.226961626,20.000000000,0.212405267521,0.925359130250,92.535913025
2026-06-05T03:00:00Z,2461196.625000000,42162.236125,434693.486448,34.092889375,8.691083424,28.691083424,0.229002632,20.000000000,0.105069710773,0.916817935910,91.681793591
2026-06-05T04:00:00Z,2461196.666666667,42162.704004,428744.426260,45.537196871,8.690986233,28.690986233,0.232180184,20.000000000,0.011203794265,0.909348730798,90.934873080
2026-06-05T05:00:00Z,2461196.708333333,42163.265104,421048.281777,57.856749665,8.690869680,28.690869680,0.236424121,20.000000000,0.000000000000,0.908457649481,90.845764948
2026-06-05T06:00:00Z,2461196.750000000,42163.888738,412004.686751,70.733281840,8.690740140,28.690740140,0.241613714,20.000000000,0.000000000000,0.908458192187,90.845819219
2026-06-05T07:00:00Z,2461196.791666667,42164.540611,402112.594006,84.042218613,8.690604740,28.690604740,0.247557521,20.000000000,0.000000000000,0.908458759448,90.845875945
2026-06-05T08:00:00Z,2461196.833333333,42165.174708,391956.435782,97.710852943,8.690473035,28.690473035,0.253972136,20.000000000,0.000000000000,0.908459311220,90.845931122
2026-06-05T09:00:00Z,2461196.875000000,42165.740542,382182.502445,111.648676777,8.690355513,28.690355513,0.260467263,20.000000000,0.000000000000,0.908459803575,90.845980358
2026-06-05T10:00:00Z,2461196.916666667,42166.200865,373462.114213,125.674503853,8.690259907,28.690259907,0.266549250,20.000000000,0.000000000000,0.908460204111,90.846020411
2026-06-05T11:00:00Z,2461196.958333333,42166.525510,366439.632410,139.359692770,8.690192482,28.690192482,0.271657461,20.000000000,0.000000000000,0.908460486584,90.846048658
2026-06-05T12:00:00Z,2461197.000000000,42166.692656,361667.865819,151.518414861,8.690157768,28.690157768,0.275241678,20.000000000,0.000000000000,0.908460632016,90.846063202
2026-06-05T13:00:00Z,2461197.041666667,42166.690062,359540.019893,158.585172207,8.690158307,28.690158307,0.276870638,20.000000000,0.000000000000,0.908460629759,90.846062976
2026-06-05T14:00:00Z,2461197.083333333,42166.516080,360233.597432,155.351841024,8.690194441,28.690194441,0.276337560,20.000000000,0.000000000000,0.908460478379,90.846047838
2026-06-05T15:00:00Z,2461197.125000000,42166.180308,363682.666849,144.588215723,8.690264177,28.690264177,0.273716828,20.000000000,0.000000000000,0.908460186224,90.846018622
2026-06-05T16:00:00Z,2461197.166666667,42165.703650,369587.712684,131.241903903,8.690363175,28.690363175,0.269343516,20.000000000,0.000000000000,0.908459771475,90.845977147
2026-06-05T17:00:00Z,2461197.208333333,42165.134239,377459.721339,117.191348425,8.690481441,28.690481441,0.263726255,20.000000000,0.000000000000,0.908459276006,90.845927601
2026-06-05T18:00:00Z,2461197.250000000,42164.507461,386684.515885,103.071331657,8.690611625,28.690611625,0.257434726,20.000000000,0.000000000000,0.908458730600,90.845873060
2026-06-05T19:00:00Z,2461197.291666667,42163.835011,396590.626819,89.131025697,8.690751300,28.690751300,0.251004434,20.000000000,0.000000000000,0.908458145433,90.845814543
2026-06-05T20:00:00Z,2461197.333333333,42163.196690,406508.157370,75.477271385,8.690883891,28.690883891,0.244880671,20.000000000,0.000000000000,0.908457589944,90.845758994
2026-06-05T21:00:00Z,2461197.375000000,42162.629855,415812.952099,62.163717782,8.691001635,28.691001635,0.239400857,20.000000000,0.000000000000,0.908457096648,90.845709665
2026-06-05T22:00:00Z,2461197.416666667,42162.162088,423956.481164,49.246117803,8.691098804,28.691098804,0.234802321,20.000000000,0.000000000000,0.908456689557,90.845668956
2026-06-05T23:00:00Z,2461197.458333333,42161.816807,430484.184825,36.861991313,8.691170530,28.691170530,0.231241846,20.000000000,0.077794006690,0.914647039410,91.464703941
2026-06-06T00:00:00Z,2461197.500000000,42161.622461,435045.855314,25.466894430,8.691210902,28.691210902,0.228817148,20.000000000,0.200581334358,0.924417975341,92.441797534
2026-06-06T01:00:00Z,2461197.541666667,42161.600552,437401.104461,16.822373849,8.691215454,28.691215454,0.227585043,20.000000000,0.303030218194,0.932570579411,93.257057941
2026-06-06T02:00:00Z,2461197.583333333,42161.749566,437422.175038,16.010835612,8.691184498,28.691184498,0.227574080,20.000000000,0.312409495869,0.933317088303,93.331708830
2026-06-06T03:00:00Z,2461197.625000000,42162.057575,435095.182860,23.850009838,8.691120514,28.691120514,0.228791207,20.000000000,0.219623142653,0.925933652984,92.593365298
2026-06-06T04:00:00Z,2461197.666666667,42162.503590,430520.508553,35.024059214,8.691027864,28.691027864,0.231222336,20.000000000,0.095661082339,0.916069453821,91.606945382
2026-06-06T05:00:00Z,2461197.708333333,42163.058922,423912.418298,47.353062804,8.690912508,28.690912508,0.234826728,20.000000000,0.003124261993,0.908706090921,90.870609092
2026-06-06T06:00:00Z,2461197.750000000,42163.688664,415597.447750,60.283268278,8.690781699,28.690781699,0.239524997,20.000000000,0.000000000000,0.908458018079,90.845801808
2026-06-06T07:00:00Z,2461197.791666667,42164.353329,406010.424961,73.659486292,8.690643640,28.690643640,0.245180875,20.000000000,0.000000000000,0.908458596476,90.845859648
2026-06-06T08:00:00Z,2461197.833333333,42165.010715,395686.158942,87.434363704,8.690507097,28.690507097,0.251578189,20.000000000,0.000000000000,0.908459168520,90.845916852
2026-06-06T09:00:00Z,2461197.875000000,42165.618060,385243.822255,101.581066901,8.690380952,28.690380952,0.258397459,20.000000000,0.000000000000,0.908459697000,90.845969700
2026-06-06T10:00:00Z,2461197.916666667,42166.134452,375360.224605,116.046288940,8.690273700,28.690273700,0.265201362,20.000000000,0.000000000000,0.908460146325,90.846014632
2026-06-06T11:00:00Z,2461197.958333333,42166.523452,366728.280918,130.691520466,8.690192909,28.690192909,0.271443641,20.000000000,0.000000000000,0.908460484794,90.846048479
2026-06-06T12:00:00Z,2461198.000000000,42166.755782,359999.227950,145.140892077,8.690144658,28.690144658,0.276517465,20.000000000,0.000000000000,0.908460686940,90.846068694
2026-06-06T13:00:00Z,2461198.041666667,42166.811818,355712.504035,158.116948047,8.690133020,28.690133020,0.279849828,20.000000000,0.000000000000,0.908460735697,90.846073570
2026-06-06T14:00:00Z,2461198.083333333,42166.685992,354224.602123,164.233557786,8.690159152,28.690159152,0.281025332,20.000000000,0.000000000000,0.908460626217,90.846062622
2026-06-06T15:00:00Z,2461198.125000000,42166.399318,355656.090545,156.894568450,8.690218690,28.690218690,0.279894218,20.000000000,0.000000000000,0.908460376786,90.846037679
2026-06-06T16:00:00Z,2461198.166666667,42165.977593,359871.935589,143.590768860,8.690306279,28.690306279,0.276615274,20.000000000,0.000000000000,0.908460009839,90.846000984
2026-06-06T17:00:00Z,2461198.208333333,42165.441894,366502.171758,129.024882408,8.690417541,28.690417541,0.271611106,20.000000000,0.000000000000,0.908459543711,90.845954371
2026-06-06T18:00:00Z,2461198.250000000,42164.814412,374996.361787,114.301549996,8.690547870,28.690547870,0.265458691,20.000000000,0.000000000000,0.908458997703,90.845899770
2026-06-06T19:00:00Z,2461198.291666667,42164.133201,384694.716460,99.755673953,8.690689363,28.690689363,0.258766293,20.000000000,0.000000000000,0.908458404921,90.845840492
2026-06-06T20:00:00Z,2461198.333333333,42163.451658,394898.410112,85.507678704,8.690830929,28.690830929,0.252080044,20.000000000,0.000000000000,0.908457811828,90.845781183
2026-06-06T21:00:00Z,2461198.375000000,42162.822723,404926.909554,71.595021451,8.690961572,28.690961572,0.245836941,20.000000000,0.000000000000,0.908457264496,90.845726450
2026-06-06T22:00:00Z,2461198.416666667,42162.293620,414158.958700,58.022236389,8.691071481,28.691071481,0.240356938,20.000000000,0.000000000000,0.908456804028,90.845680403
2026-06-06T23:00:00Z,2461198.458333333,42161.900997,422058.958844,44.796243008,8.691153041,28.691153041,0.235857968,20.000000000,0.015318503171,0.909675470078,90.967547008
2026-06-07T00:00:00Z,2461198.500000000,42161.668342,428192.374179,31.986859460,8.691201371,28.691201371,0.232479527,20.000000000,0.127123036342,0.918572389652,91.857238965
2026-06-07T01:00:00Z,2461198.541666667,42161.605671,432233.953496,19.961868323,8.691214390,28.691214390,0.230305728,20.000000000,0.265942319612,0.929619222672,92.961922267
2026-06-07T02:00:00Z,2461198.583333333,42161.710900,433971.726198,11.018040895,8.691192531,28.691192531,0.229383500,20.000000000,0.364551725763,0.937466401468,93.746640147
2026-06-07T03:00:00Z,2461198.625000000,42161.971074,433308.721761,13.678535084,8.691138484,28.691138484,0.229734480,20.000000000,0.338384786856,0.935384329064,93.538432906
2026-06-07T04:00:00Z,2461198.666666667,42162.350954,430263.511690,24.440201634,8.691059571,28.691059571,0.231360446,20.000000000,0.212646847144,0.925378752354,92.537875235
2026-06-07T05:00:00Z,2461198.708333333,42162.820429,424970.605150,36.883688697,8.690962048,28.690962048,0.234242000,20.000000000,0.077586950788,0.914631435868,91.463143587
2026-06-07T06:00:00Z,2461198.750000000,42163.377080,417679.708239,49.914345911,8.690846420,28.690846420,0.238330885,20.000000000,0.000000000000,0.908457746927,90.845774693
2026-06-07T07:00:00Z,2461198.791666667,42164.010630,408753.910773,63.342202481,8.690714822,28.690714822,0.243535253,20.000000000,0.000000000000,0.908458298259,90.845829826
2026-06-07T08:00:00Z,2461198.833333333,42164.652150,398665.347864,77.141683921,8.690581572,28.690581572,0.249698157,20.000000000,0.000000000000,0.908458856507,90.845885651
2026-06-07T09:00:00Z,2461198.875000000,42165.244698,387984.495934,91.326236609,8.690458499,28.690458499,0.256572160,20.000000000,0.000000000000,0.908459372122,90.845937212
2026-06-07T10:00:00Z,2461198.916666667,42165.747657,377363.031991,105.907447074,8.690354035,28.690354035,0.263793829,20.000000000,0.000000000000,0.908459809767,90.845980977
2026-06-07T11:00:00Z,2461198.958333333,42166.136566,367503.786196,120.868451177,8.690273261,28.690273261,0.270870837,20.000000000,0.000000000000,0.908460148164,90.846014816
2026-06-07T12:00:00Z,2461199.000000000,42166.393397,359113.786452,136.126872920,8.690219920,28.690219920,0.277199259,20.000000000,0.000000000000,0.908460371633,90.846037163
2026-06-07T13:00:00Z,2461199.041666667,42166.498281,352839.709879,151.427048274,8.690198137,28.690198137,0.282128363,20.000000000,0.000000000000,0.908460462892,90.846046289
2026-06-07T14:00:00Z,2461199.083333333,42166.439215,349192.666603,165.612887133,8.690210404,28.690210404,0.285074996,20.000000000,0.000000000000,0.908460411500,90.846041150
2026-06-07T15:00:00Z,2461199.125000000,42166.214281,348476.602478,169.084620553,8.690257121,28.690257121,0.285660785,20.000000000,0.000000000000,0.908460215784,90.846021578
2026-06-07T16:00:00Z,2461199.166666667,42165.834626,350740.174012,156.398730421,8.690335972,28.690335972,0.283817201,20.000000000,0.000000000000,0.908459885441,90.845988544
2026-06-07T17:00:00Z,2461199.208333333,42165.325231,355768.421562,141.200465127,8.690441772,28.690441772,0.279805843,20.000000000,0.000000000000,0.908459442198,90.845944220
2026-06-07T18:00:00Z,2461199.250000000,42164.723578,363117.266144,125.837087726,8.690566737,28.690566737,0.274143029,20.000000000,0.000000000000,0.908458918661,90.845891866
2026-06-07T19:00:00Z,2461199.291666667,42164.085695,372178.858556,110.700138753,8.690699230,28.690699230,0.267468306,20.000000000,0.000000000000,0.908458363581,90.845836358
2026-06-07T20:00:00Z,2461199.333333333,42163.460451,382257.284217,95.908421237,8.690829102,28.690829102,0.260416306,20.000000000,0.000000000000,0.908457819480,90.845781948
2026-06-07T21:00:00Z,2461199.375000000,42162.881216,392638.019451,81.491460239,8.690949422,28.690949422,0.253531261,20.000000000,0.000000000000,0.908457315400,90.845731540
2026-06-07T22:00:00Z,2461199.416666667,42162.375218,402641.967922,67.435480450,8.691054531,28.691054531,0.247232043,20.000000000,0.000000000000,0.908456875042,90.845687504
2026-06-07T23:00:00Z,2461199.458333333,42161.966313,411661.994035,53.705279837,8.691139473,28.691139473,0.241814849,20.000000000,0.000000000000,0.908456519173,90.845651917
2026-06-08T00:00:00Z,2461199.500000000,42161.677359,419185.184156,40.260778006,8.691199498,28.691199498,0.237474930,20.000000000,0.047650745071,0.912248193502,91.224819350
2026-06-08T01:00:00Z,2461199.541666667,42161.530492,424805.093552,27.083805437,8.691230008,28.691230008,0.234333266,20.000000000,0.181792156171,0.922922700005,92.292270000
2026-06-08T02:00:00Z,2461199.583333333,42161.544600,428227.826215,14.310047586,8.691227077,28.691227077,0.232460280,20.000000000,0.331538471566,0.934839145436,93.483914544
2026-06-08T03:00:00Z,2461199.625000000,42161.745476,429274.741875,4.928419527,8.691185348,28.691185348,0.231893353,20.000000000,0.378922438992,0.938610016583,93.861001658
2026-06-08T04:00:00Z,2461199.666666667,42162.195378,427883.657273,13.732175476,8.691091889,28.691091889,0.232647261,20.000000000,0.337809404995,0.935338736843,93.533873684
2026-06-08T05:00:00Z,2461199.708333333,42162.839660,424108.721677,26.477327835,8.690958054,28.690958054,0.234718035,20.000000000,0.188801680512,0.923481639594,92.348163959
2026-06-08T06:00:00Z,2461199.750000000,42163.583287,418120.167186,39.650596106,8.690803587,28.690803587,0.238079819,20.000000000,0.052744569761,0.912655205875,91.265520588
2026-06-08T07:00:00Z,2461199.791666667,42164.329547,410203.431055,53.099731626,8.690648580,28.690648580,0.242674677,20.000000000,0.000000000000,0.908458575781,90.845857578
2026-06-08T08:00:00Z,2461199.833333333,42165.003821,400756.862256,66.844532391,8.690508529,28.690508529,0.248394996,20.000000000,0.000000000000,0.908459162520,90.845916252
2026-06-08T09:00:00Z,2461199.875000000,42165.565374,390286.409389,80.931105553,8.690391895,28.690391895,0.255058884,20.000000000,0.000000000000,0.908459651156,90.845965116
2026-06-08T10:00:00Z,2461199.916666667,42166.001850,379394.687337,95.404941300,8.690301241,28.690301241,0.262381205,20.000000000,0.000000000000,0.908460030946,90.846003095
2026-06-08T11:00:00Z,2461199.958333333,42166.321487,368760.205922,110.297515049,8.690234855,28.690234855,0.269947934,20.000000000,0.000000000000,0.908460309064,90.846030906
2026-06-08T12:00:00Z,2461200.000000000,42166.551630,359101.717780,125.614597900,8.690187057,28.690187057,0.277208576,20.000000000,0.000000000000,0.908460509311,90.846050931
2026-06-08T13:00:00Z,2461200.041666667,42166.682911,351126.092806,141.321595189,8.690159792,28.690159792,0.283505258,20.000000000,0.000000000000,0.908460623537,90.846062354
2026-06-08T14:00:00Z,2461200.083333333,42166.650666,345458.754106,157.320902519,8.690166489,28.690166489,0.288156273,20.000000000,0.000000000000,0.908460595481,90.846059548
2026-06-08T15:00:00Z,2461200.125000000,42166.417222,342565.442873,173.223295111,8.690214972,28.690214972,0.290590064,20.000000000,0.000000000000,0.908460392363,90.846039236
2026-06-08T16:00:00Z,2461200.166666667,42166.003233,342683.143552,169.580102134,8.690300954,28.690300954,0.290490255,20.000000000,0.000000000000,0.908460032149,90.846003215
2026-06-08T17:00:00Z,2461200.208333333,42165.480085,345781.162367,153.537372605,8.690409609,28.690409609,0.287887592,20.000000000,0.000000000000,0.908459576943,90.845957694
2026-06-08T18:00:00Z,2461200.250000000,42164.936913,351566.103918,137.577185668,8.690522426,28.690522426,0.283150427,20.000000000,0.000000000000,0.908459104300,90.845910430
2026-06-08T19:00:00Z,2461200.291666667,42164.394019,359529.053861,121.935103332,8.690635188,28.690635188,0.276879083,20.000000000,0.000000000000,0.908458631885,90.845863188
2026-06-08T20:00:00Z,2461200.333333333,42163.865578,369018.324743,106.691588994,8.690744951,28.690744951,0.269759111,20.000000000,0.000000000000,0.908458172032,90.845817203
2026-06-08T21:00:00Z,2461200.375000000,42163.387874,379317.132203,91.871188072,8.690844178,28.690844178,0.262434852,20.000000000,0.000000000000,0.908457756320,90.845775632
2026-06-08T22:00:00Z,2461200.416666667,42162.989534,389710.325070,77.460348809,8.690926921,28.690926921,0.255435924,20.000000000,0.000000000000,0.908457409665,90.845740967
2026-06-08T23:00:00Z,2461200.458333333,42162.691094,399533.255179,63.420091022,8.690988915,28.690988915,0.249155733,20.000000000,0.000000000000,0.908457149943,90.845714994
2026-06-09T00:00:00Z,2461200.500000000,42162.506376,408203.350205,49.696201223,8.691027285,28.691027285,0.243863721,20.000000000,0.000000000000,0.908456989188,90.845698919
2026-06-09T01:00:00Z,2461200.541666667,42162.444073,415238.356836,36.226692918,8.691040227,28.691040227,0.239732135,20.000000000,0.083857851780,0.915130130780,91.513013078
2026-06-09T02:00:00Z,2461200.583333333,42162.508292,420265.759455,22.947238379,8.691026887,28.691026887,0.236864338,20.000000000,0.230335013808,0.926786468862,92.678646886
2026-06-09T03:00:00Z,2461200.625000000,42162.697030,423027.018171,9.801497437,8.690987681,28.690987681,0.235318225,20.000000000,0.373910795295,0.938212030783,93.821203078
2026-06-09T04:00:00Z,2461200.666666667,42162.981794,423379.097041,3.434799615,8.690928529,28.690928529,0.235122535,20.000000000,0.378922438992,0.938611092537,93.861109254
2026-06-09T05:00:00Z,2461200.708333333,42163.338413,421294.845451,16.485881941,8.690854452,28.690854452,0.236285752,20.000000000,0.306930100717,0.932882434634,93.288243463
2026-06-09T06:00:00Z,2461200.750000000,42163.780703,416862.821801,29.683509389,8.690762581,28.690762581,0.238797922,20.000000000,0.152296238942,0.920577447793,92.057744779
2026-06-09T07:00:00Z,2461200.791666667,42164.283566,410286.747827,43.034818856,8.690658130,28.690658130,0.242625396,20.000000000,0.026563539268,0.910572395059,91.057239506
2026-06-09T08:00:00Z,2461200.833333333,42164.801535,401884.308584,56.603139282,8.690550544,28.690550544,0.247698144,20.000000000,0.000000000000,0.908458986498,90.845898650
2026-06-09T09:00:00Z,2461200.875000000,42165.298518,392084.228249,70.452611052,8.690447320,28.690447320,0.253889358,20.000000000,0.000000000000,0.908459418953,90.845941895
2026-06-09T10:00:00Z,2461200.916666667,42165.737852,381419.704474,84.642435169,8.690356072,28.690356072,0.260988172,20.000000000,0.000000000000,0.908459801235,90.845980124
2026-06-09T11:00:00Z,2461200.958333333,42166.086095,370515.231567,99.220337705,8.690283744,28.690283744,0.268669257,20.000000000,0.000000000000,0.908460104249,90.846010425
2026-06-09T12:00:00Z,2461201.000000000,42166.317114,360062.660898,114.212905718,8.690235764,28.690235764,0.276468750,20.000000000,0.000000000000,0.908460305259,90.846030526
2026-06-09T13:00:00Z,2461201.041666667,42166.417368,350781.942595,129.611647972,8.690214942,28.690214942,0.283783406,20.000000000,0.000000000000,0.908460392490,90.846039249
2026-06-09T14:00:00Z,2461201.083333333,42166.390014,343363.721776,145.349784204,8.690220623,28.690220623,0.289914472,20.000000000,0.000000000000,0.908460368689,90.846036869
2026-06-09T15:00:00Z,2461201.125000000,42166.239487,338396.208205,161.217830837,8.690251886,28.690251886,0.294170331,20.000000000,0.000000000000,0.908460237716,90.846023772
2026-06-09T16:00:00Z,2461201.166666667,42165.970902,336287.325154,174.992275639,8.690307669,28.690307669,0.296015112,20.000000000,0.000000000000,0.908460004017,90.846000402
2026-06-09T17:00:00Z,2461201.208333333,42165.592807,337201.692245,164.834626964,8.690386197,28.690386197,0.295212421,20.000000000,0.000000000000,0.908459675027,90.845967503
2026-06-09T18:00:00Z,2461201.250000000,42165.123090,341032.919163,149.026802599,8.690483757,28.690483757,0.291895921,20.000000000,0.000000000000,0.908459266304,90.845926630
2026-06-09T19:00:00Z,2461201.291666667,42164.616463,347421.449201,133.241369900,8.690588985,28.690588985,0.286528372,20.000000000,0.000000000000,0.908458825453,90.845882545
2026-06-09T20:00:00Z,2461201.333333333,42164.121073,355811.472567,117.774116734,8.690691882,28.690691882,0.279771988,20.000000000,0.000000000000,0.908458394368,90.845839437
2026-06-09T21:00:00Z,2461201.375000000,42163.661316,365527.772859,102.714696314,8.690787379,28.690787379,0.272335154,20.000000000,0.000000000000,0.908457994279,90.845799428
2026-06-09T22:00:00Z,2461201.416666667,42163.251497,375851.768620,88.086113481,8.690872506,28.690872506,0.264854526,20.000000000,0.000000000000,0.908457637640,90.845763764
2026-06-09T23:00:00Z,2461201.458333333,42162.903093,386083.292094,73.873708000,8.690944877,28.690944877,0.257835616,20.000000000,0.000000000000,0.908457334439,90.845733444
2026-06-10T00:00:00Z,2461201.500000000,42162.631924,395583.838526,60.042462471,8.691001206,28.691001206,0.251643262,20.000000000,0.000000000000,0.908457098449,90.845709845
2026-06-10T01:00:00Z,2461201.541666667,42162.461561,403803.312902,46.552969229,8.691036595,28.691036595,0.246520995,20.000000000,0.006286362676,0.908957203033,90.895720303
2026-06-10T02:00:00Z,2461201.583333333,42162.421511,410294.772879,33.386333264,8.691044914,28.691044914,0.242620651,20.000000000,0.112353169414,0.917397696473,91.739769647
2026-06-10T03:00:00Z,2461201.625000000,42162.517669,414721.616959,20.632031418,8.691024939,28.691024939,0.240030841,20.000000000,0.257944114413,0.928983539441,92.898353944
2026-06-10T04:00:00Z,2461201.666666667,42162.742471,416860.469608,9.255152872,8.690978242,28.690978242,0.238799269,20.000000000,0.377057717361,0.938462494429,93.846249443
2026-06-10T05:00:00Z,2461201.708333333,42163.079514,416601.941379,9.328769402,8.690908231,28.690908231,0.238947460,20.000000000,0.376689080676,0.938433452570,93.843345257
2026-06-10T06:00:00Z,2461201.750000000,42163.504794,413950.506689,20.716168766,8.690819892,28.690819892,0.240477975,20.000000000,0.256937027996,0.928904257103,92.890425710
2026-06-10T07:00:00Z,2461201.791666667,42163.988447,409024.032602,33.441056196,8.690719430,28.690719430,0.243374420,20.000000000,0.111781097259,0.917353536042,91.735353604
2026-06-10T08:00:00Z,2461201.833333333,42164.496879,402052.969139,46.557382031,8.690613823,28.690613823,0.247594235,20.000000000,0.006265181090,0.908957288662,90.895728866
2026-06-10T09:00:00Z,2461201.875000000,42164.995121,393378.685653,59.974912508,8.690510336,28.690510336,0.253053901,20.000000000,0.000000000000,0.908459154950,90.845915495
2026-06-10T10:00:00Z,2461201.916666667,42165.449249,383449.774235,73.708498273,8.690416013,28.690416013,0.259606433,20.000000000,0.000000000000,0.908459550111,90.845955011
2026-06-10T11:00:00Z,2461201.958333333,42165.828693,372814.235141,87.790090382,8.690337204,28.690337204,0.267012464,20.000000000,0.000000000000,0.908459880279,90.845988028
2026-06-10T12:00:00Z,2461202.000000000,42166.108260,362104.332336,102.241154940,8.690279140,28.690279140,0.274909910,20.000000000,0.000000000000,0.908460123534,90.846012353
2026-06-10T13:00:00Z,2461202.041666667,42166.269741,352009.887758,117.049429350,8.690245602,28.690245602,0.282793453,20.000000000,0.000000000000,0.908460264040,90.846026404
2026-06-10T14:00:00Z,2461202.083333333,42166.303012,343235.743486,132.129883675,8.690238692,28.690238692,0.290022570,20.000000000,0.000000000000,0.908460292989,90.846029299
2026-06-10T15:00:00Z,2461202.125000000,42166.206566,336441.504731,147.213915728,8.690258723,28.690258723,0.295879457,20.000000000,0.000000000000,0.908460209072,90.846020907
2026-06-10T16:00:00Z,2461202.166666667,42165.987477,332167.732217,161.270700091,8.690304226,28.690304226,0.299686368,20.000000000,0.000000000000,0.908460018439,90.846001844
2026-06-10T17:00:00Z,2461202.208333333,42165.660821,330761.624317,167.962738855,8.690372071,28.690372071,0.300960383,20.000000000,0.000000000000,0.908459734208,90.845973421
2026-06-10T18:00:00Z,2461202.250000000,42165.248623,332322.242067,158.446126714,8.690457683,28.690457683,0.299547031,20.000000000,0.000000000000,0.908459375537,90.845937554
2026-06-10T19:00:00Z,2461202.291666667,42164.778382,336683.835713,143.992377083,8.690555353,28.690555353,0.295666494,20.000000000,0.000000000000,0.908458966351,90.845896635
2026-06-10T20:00:00Z,2461202.333333333,42164.281271,343443.599093,128.910800235,8.690658607,28.690658607,0.289847044,20.000000000,0.000000000000,0.908458533772,90.845853377
2026-06-10T21:00:00Z,2461202.375000000,42163.790118,352023.815671,113.940682457,8.690760625,28.690760625,0.282782264,20.000000000,0.000000000000,0.908458106366,90.845810637
2026-06-10T22:00:00Z,2461202.416666667,42163.337276,361748.349603,99.295916806,8.690854688,28.690854688,0.275180440,20.000000000,0.000000000000,0.908457712288,90.845771229
2026-06-10T23:00:00Z,2461202.458333333,42162.952516,371914.431094,85.047557653,8.690934611,28.690934611,0.267658475,20.000000000,0.000000000000,0.908457377450,90.845737745
2026-06-11T00:00:00Z,2461202.500000000,42162.661086,381848.802394,71.210224512,8.690995148,28.690995148,0.260694888,20.000000000,0.000000000000,0.908457123827,90.845712383
2026-06-11T01:00:00Z,2461202.541666667,42162.482059,390945.848095,57.780750990,8.691032337,28.691032337,0.254628654,20.000000000,0.000000000000,0.908456968024,90.845696802
2026-06-11T02:00:00Z,2461202.583333333,42162.427085,398690.532503,44.774451059,8.691043756,28.691043756,0.249682383,20.000000000,0.015444867593,0.909685983693,90.968598369
2026-06-11T03:00:00Z,2461202.625000000,42162.499622,404670.645175,32.300679826,8.691028688,28.691028688,0.245992622,20.000000000,0.123771922203,0.918306439927,91.830643993
2026-06-11T04:00:00Z,2461202.666666667,42162.694689,408582.456542,20.853370315,8.690988168,28.690988168,0.243637449,20.000000000,0.255301347792,0.928773388811,92.877338881
2026-06-11T05:00:00Z,2461202.708333333,42162.999152,410232.764375,12.904303170,8.690924924,28.690924924,0.242657324,20.000000000,0.346516127095,0.936032295280,93.603229528
2026-06-11T06:00:00Z,2461202.750000000,42163.392530,409539.205569,15.234807455,8.690843211,28.690843211,0.243068269,20.000000000,0.321237815181,0.934021053470,93.402105347
2026-06-11T07:00:00Z,2461202.791666667,42163.845471,406529.860412,25.137073126,8.690749128,28.690749128,0.244867598,20.000000000,0.204441746450,0.924727111796,92.472711180
2026-06-11T08:00:00Z,2461202.833333333,42164.323789,401342.526694,37.047260510,8.690649776,28.690649776,0.248032520,20.000000000,0.076043404884,0.914509912659,91.450991266
2026-06-11T09:00:00Z,2461202.875000000,42164.798046,394223.591077,49.667931892,8.690551269,28.690551269,0.252511549,20.000000000,0.000000000000,0.908458983462,90.845898346
2026-06-11T10:00:00Z,2461202.916666667,42165.240652,385525.914453,62.721028328,8.690459339,28.690459339,0.258208386,20.000000000,0.000000000000,0.908459368601,90.845936860
2026-06-11T11:00:00Z,2461202.958333333,42165.625552,375704.403682,76.140425685,8.690379396,28.690379396,0.264958412,20.000000000,0.000000000000,0.908459703519,90.845970352
2026-06-11T12:00:00Z,2461203.000000000,42165.928092,365307.095001,89.908590785,8.690316560,28.690316560,0.272499669,20.000000000,0.000000000000,0.908459966768,90.845996677
2026-06-11T13:00:00Z,2461203.041666667,42166.125809,354958.503709,103.999710599,8.690275496,28.690275496,0.280444288,20.000000000,0.000000000000,0.908460138804,90.846013880
2026-06-11T14:00:00Z,2461203.083333333,42166.200456,345331.169400,118.333819914,8.690259992,28.690259992,0.288262735,20.000000000,0.000000000000,0.908460203755,90.846020376
2026-06-11T15:00:00Z,2461203.125000000,42166.148049,337101.643871,132.695226415,8.690270877,28.690270877,0.295300037,20.000000000,0.000000000000,0.908460158155,90.846015816
2026-06-11T16:00:00Z,2461203.166666667,42165.977197,330889.448184,146.494445890,8.690306361,28.690306361,0.300844120,20.000000000,0.000000000000,0.908460009495,90.846000949
2026-06-11T17:00:00Z,2461203.208333333,42165.680471,327187.632088,157.794126360,8.690367989,28.690367989,0.304247916,20.000000000,0.000000000000,0.908459751306,90.845975131
2026-06-11T18:00:00Z,2461203.250000000,42165.292598,326292.163537,160.725625956,8.690448550,28.690448550,0.305082895,20.000000000,0.000000000000,0.908459413802,90.845941380
2026-06-11T19:00:00Z,2461203.291666667,42164.842793,328256.008090,152.406642441,8.690541975,28.690541975,0.303257670,20.000000000,0.000000000000,0.908459022400,90.845902240
2026-06-11T20:00:00Z,2461203.333333333,42164.362550,332880.457924,139.424286701,8.690641725,28.690641725,0.299044708,20.000000000,0.000000000000,0.908458604501,90.845860450
2026-06-11T21:00:00Z,2461203.375000000,42163.883237,339747.796881,125.284780966,8.690741283,28.690741283,0.293000049,20.000000000,0.000000000000,0.908458187399,90.845818740
2026-06-11T22:00:00Z,2461203.416666667,42163.434192,348283.758781,110.999671417,8.690834557,28.690834557,0.285818956,20.000000000,0.000000000000,0.908457796628,90.845779663
2026-06-11T23:00:00Z,2461203.458333333,42163.041412,357830.523803,96.916643573,8.690916145,28.690916145,0.278193368,20.000000000,0.000000000000,0.908457454812,90.845745481
2026-06-12T00:00:00Z,2461203.500000000,42162.726758,367713.287646,83.174110307,8.690981506,28.690981506,0.270716509,20.000000000,0.000000000000,0.908457180980,90.845718098
2026-06-12T01:00:00Z,2461203.541666667,42162.507523,377291.382103,69.833278023,8.691027047,28.691027047,0.263843925,20.000000000,0.000000000000,0.908456990185,90.845699019
2026-06-12T02:00:00Z,2461203.583333333,42162.396136,385992.564343,56.940461511,8.691050185,28.691050185,0.257896220,20.000000000,0.000000000000,0.908456893247,90.845689325
2026-06-12T03:00:00Z,2461203.625000000,42162.399811,393333.457057,44.588475113,8.691049422,28.691049422,0.253082999,20.000000000,0.016542170229,0.909773280526,90.977328053
2026-06-12T04:00:00Z,2461203.666666667,42162.520058,398930.370726,33.045681697,8.691024443,28.691024443,0.249532273,20.000000000,0.115907162504,0.917680600021,91.768060002
2026-06-12T05:00:00Z,2461203.708333333,42162.752076,402504.242156,23.170064151,8.690976247,28.690976247,0.247316639,20.000000000,0.227685897945,0.926575871079,92.657587108
2026-06-12T06:00:00Z,2461203.750000000,42163.084202,403882.361893,17.648956076,8.690907257,28.690907257,0.246472745,20.000000000,0.293358638022,0.931802230721,93.180223072
2026-06-12T07:00:00Z,2461203.791666667,42163.495208,402998.555144,20.265715582,8.690821883,28.690821883,0.247013282,20.000000000,0.262313087263,0.929332061965,92.933206196
2026-06-12T08:00:00Z,2461203.833333333,42163.950567,399892.710177,28.898466196,8.690727298,28.690727298,0.248931771,20.000000000,0.161093596408,0.921277667076,92.127766708
2026-06-12T09:00:00Z,2461203.875000000,42164.419838,394709.928116,39.888405058,8.690629825,28.690629825,0.252200418,20.000000000,0.050738665309,0.912496309047,91.249630905
2026-06-12T10:00:00Z,2461203.916666667,42164.874783,387699.193764,51.868468039,8.690535331,28.690535331,0.256760969,20.000000000,0.000000000000,0.908459050236,90.845905024
2026-06-12T11:00:00Z,2461203.958333333,42165.289349,379210.911787,64.415561548,8.690449224,28.690449224,0.262508363,20.000000000,0.000000000000,0.908459410975,90.845941098
2026-06-12T12:00:00Z,2461204.000000000,42165.639591,369691.999962,77.380772720,8.690376480,28.690376480,0.269267536,20.000000000,0.000000000000,0.908459715736,90.845971574
2026-06-12T13:00:00Z,2461204.041666667,42165.903672,359676.392295,90.690542880,8.690321632,28.690321632,0.276765661,20.000000000,0.000000000000,0.908459945519,90.845994552
2026-06-12T14:00:00Z,2461204.083333333,42166.062486,349767.854378,104.265675119,8.690288647,28.690288647,0.284606191,20.000000000,0.000000000000,0.908460083706,90.846008371
2026-06-12T15:00:00Z,2461204.125000000,42166.101165,340611.371508,117.954363746,8.690280614,28.690280614,0.292257180,20.000000000,0.000000000000,0.908460117361,90.846011736
2026-06-12T16:00:00Z,2461204.166666667,42166.011291,332849.923942,131.416745069,8.690299280,28.690299280,0.299072141,20.000000000,0.000000000000,0.908460039160,90.846003916
2026-06-12T17:00:00Z,2461204.208333333,42165.793996,327066.397878,143.824296699,8.690344411,28.690344411,0.304360693,20.000000000,0.000000000000,0.908459850087,90.845985009
2026-06-12T18:00:00Z,2461204.250000000,42165.460539,323716.646119,153.005395270,8.690413669,28.690413669,0.307510183,20.000000000,0.000000000000,0.908459559935,90.845955993
2026-06-12T19:00:00Z,2461204.291666667,42165.032166,323066.552160,154.684735915,8.690502642,28.690502642,0.308128980,20.000000000,0.000000000000,0.908459187185,90.845918719
2026-06-12T20:00:00Z,2461204.333333333,42164.539818,325150.815479,147.638810381,8.690604904,28.690604904,0.306153810,20.000000000,0.000000000000,0.908458758758,90.845875876
2026-06-12T21:00:00Z,2461204.375000000,42164.021286,329767.535546,136.058878453,8.690712609,28.690712609,0.301867640,20.000000000,0.000000000000,0.908458307532,90.845830753
2026-06-12T22:00:00Z,2461204.416666667,42163.516903,336510.601952,122.912889512,8.690817376,28.690817376,0.295818702,20.000000000,0.000000000000,0.908457868606,90.845786861
2026-06-12T23:00:00Z,2461204.458333333,42163.064748,344828.789986,109.364107624,8.690911298,28.690911298,0.288682707,20.000000000,0.000000000000,0.908457475121,90.845747512
2026-06-13T00:00:00Z,2461204.500000000,42162.696510,354093.939238,95.877573525,8.690987790,28.690987790,0.281129033,20.000000000,0.000000000000,0.908457154656,90.845715466
2026-06-13T01:00:00Z,2461204.541666667,42162.434777,363662.965683,82.661917625,8.691042158,28.691042158,0.273731657,20.000000000,0.000000000000,0.908456926876,90.845692688
2026-06-13T02:00:00Z,2461204.583333333,42162.293396,372925.668061,69.828596523,8.691071527,28.691071527,0.266932678,20.000000000,0.000000000000,0.908456803833,90.845680383
2026-06-13T03:00:00Z,2461204.625000000,42162.280412,381336.587015,57.473245256,8.691074225,28.691074225,0.261045059,20.000000000,0.000000000000,0.908456792533,90.845679253
2026-06-13T04:00:00Z,2461204.666666667,42162.395025,388434.546175,45.754229353,8.691050416,28.691050416,0.256274887,20.000000000,0.010078918102,0.909258947098,90.925894710
2026-06-13T05:00:00Z,2461204.708333333,42162.627687,393853.175344,35.042540235,8.691002086,28.691002086,0.252749035,20.000000000,0.095476386507,0.916054864192,91.605486419
2026-06-13T06:00:00Z,2461204.750000000,42162.961171,397325.854698,26.306136503,8.690932813,28.690932813,0.250539962,20.000000000,0.190788767008,0.923639872660,92.363987266
2026-06-13T07:00:00Z,2461204.791666667,42163.372047,398687.576801,21.811587783,8.690847466,28.690847466,0.249684234,20.000000000,0.243861873372,0.927863653837,92.786365384
2026-06-13T08:00:00Z,2461204.833333333,42163.832373,397875.276023,23.970316349,8.690751848,28.690751848,0.250193992,20.000000000,0.218194383893,0.925821500513,92.582150051
2026-06-13T09:00:00Z,2461204.875000000,42164.311450,394927.461349,31.450042140,8.690652339,28.690652339,0.252061500,20.000000000,0.132893132583,0.919033859510,91.903385951
2026-06-13T10:00:00Z,2461204.916666667,42164.777585,389983.454448,41.532795482,8.690555519,28.690555519,0.255257026,20.000000000,0.037526172880,0.911445203612,91.144520361
2026-06-13T11:00:00Z,2461204.958333333,42165.199832,383282.084687,52.843785111,8.690467817,28.690467817,0.259720014,20.000000000,0.000000000000,0.908459333082,90.845933308
2026-06-13T12:00:00Z,2461205.000000000,42165.578162,375158.789822,64.851323019,8.690389239,28.690389239,0.265343758,20.000000000,0.000000000000,0.908459662284,90.845966228
2026-06-13T13:00:00Z,2461205.041666667,42165.940705,366041.837967,77.333211234,8.690313940,28.690313940,0.271952686,20.000000000,0.000000000000,0.908459977742,90.845997774
2026-06-13T14:00:00Z,2461205.083333333,42166.168268,356443.789681,90.164236303,8.690266677,28.690266677,0.279275679,20.000000000,0.000000000000,0.908460175748,90.846017575
2026-06-13T15:00:00Z,2461205.125000000,42166.162979,346940.859339,103.224348117,8.690267776,28.690267776,0.286925281,20.000000000,0.000000000000,0.908460171146,90.846017115
2026-06-13T16:00:00Z,2461205.166666667,42166.006950,338148.220343,116.316069952,8.690300182,28.690300182,0.294386069,20.000000000,0.000000000000,0.908460035383,90.846003538
2026-06-13T17:00:00Z,2461205.208333333,42165.758911,330681.240787,129.036472273,8.690351698,28.690351698,0.301033542,20.000000000,0.000000000000,0.908459819559,90.845981956
2026-06-13T18:00:00Z,2461205.250000000,42165.405279,325098.056894,140.499160612,8.690425146,28.690425146,0.306203495,20.000000000,0.000000000000,0.908459511851,90.845951185
2026-06-13T19:00:00Z,2461205.291666667,42164.971515,321838.122809,148.718998040,8.690515239,28.690515239,0.309305094,20.000000000,0.000000000000,0.908459134410,90.845913441
2026-06-13T20:00:00Z,2461205.333333333,42164.487067,321162.902226,150.462466848,8.690615861,28.690615861,0.309955391,20.000000000,0.000000000000,0.908458712854,90.845871285
2026-06-13T21:00:00Z,2461205.375000000,42163.983340,323116.522568,144.711269861,8.690720490,28.690720490,0.308081327,20.000000000,0.000000000000,0.908458274511,90.845827451
2026-06-13T22:00:00Z,2461205.416666667,42163.491956,327519.014992,134.374984726,8.690822558,28.690822558,0.303940076,20.000000000,0.000000000000,0.908457846897,90.845784690
2026-06-13T23:00:00Z,2461205.458333333,42163.043288,333994.579065,122.113908113,8.690915756,28.690915756,0.298047162,20.000000000,0.000000000000,0.908457456445,90.845745644
2026-06-14T00:00:00Z,2461205.500000000,42162.665205,342025.361298,109.203229537,8.690994292,28.690994292,0.291048930,20.000000000,0.000000000000,0.908457127413,90.845712741
2026-06-14T01:00:00Z,2461205.541666667,42162.381870,351014.897691,96.209994254,8.691053149,28.691053149,0.283595068,20.000000000,0.000000000000,0.908456880831,90.845688083
2026-06-14T02:00:00Z,2461205.583333333,42162.212480,360346.961704,83.406800023,8.691088336,28.691088336,0.276250624,20.000000000,0.000000000000,0.908456733412,90.845673341
2026-06-14T03:00:00Z,2461205.625000000,42162.169924,369431.826369,70.948127271,8.691097176,28.691097176,0.269457170,20.000000000,0.000000000000,0.908456696376,90.845669638
2026-06-14T04:00:00Z,2461205.666666667,42162.259380,377738.251188,58.963416506,8.691078593,28.691078593,0.263531792,20.000000000,0.000000000000,0.908456774229,90.845677423
2026-06-14T05:00:00Z,2461205.708333333,42162.474590,384813.400704,47.641828752,8.691033888,28.691033888,0.258686484,20.000000000,0.002173026537,0.908629885482,90.862988548
2026-06-14T06:00:00Z,2461205.750000000,42162.800072,390293.925636,37.375510297,8.690966277,28.690966277,0.255053972,20.000000000,0.072980862020,0.914264877254,91.426487725
2026-06-14T07:00:00Z,2461205.791666667,42163.214260,393911.432319,29.073817057,8.690880241,28.690880241,0.252711655,20.000000000,0.159121708382,0.921120108455,92.112010846
2026-06-14T08:00:00Z,2461205.833333333,42163.690145,395494.898435,24.617115762,8.690781391,28.690781391,0.251699852,20.000000000,0.210557369955,0.925213642483,92.521364248
2026-06-14T09:00:00Z,2461205.875000000,42164.196385,394971.491745,25.978246366,8.690676239,28.690676239,0.252033401,20.000000000,0.194601148632,0.923944327272,92.394432727
2026-06-14T10:00:00Z,2461205.916666667,42164.698745,392366.637317,32.440783538,8.690571894,28.690571894,0.253706618,20.000000000,0.122278295814,0.918189494658,91.818949466
2026-06-14T11:00:00Z,2461205.958333333,42165.162113,387803.648266,41.758049413,8.690475651,28.690475651,0.256691810,20.000000000,0.035809923861,0.911308963457,91.130896346
2026-06-14T12:00:00Z,2461206.000000000,42165.553216,381502.807619,52.518618867,8.690394420,28.690394420,0.260931321,20.000000000,0.000000000000,0.908459640577,90.845964058
2026-06-14T13:00:00Z,2461206.041666667,42165.850089,373780.509499,64.095556687,8.690332761,28.690332761,0.266322195,20.000000000,0.000000000000,0.908459898896,90.845989890
2026-06-14T14:00:00Z,2461206.083333333,42166.011351,365040.777585,76.210616831,8.690299268,28.690299268,0.272698474,20.000000000,0.000000000000,0.908460039213,90.846003921
2026-06-14T15:00:00Z,2461206.125000000,42166.033764,355770.114861,88.707680697,8.690294613,28.690294613,0.279804511,20.000000000,0.000000000000,0.908460058715,90.846005871
2026-06-14T16:00:00Z,2461206.166666667,42165.926707,346524.297958,101.442939695,8.690316847,28.690316847,0.287270200,20.000000000,0.000000000000,0.908459965563,90.845996556
2026-06-14T17:00:00Z,2461206.208333333,42165.697728,337899.841139,114.206250415,8.690364405,28.690364405,0.294602465,20.000000000,0.000000000000,0.908459766322,90.845976632
2026-06-14T18:00:00Z,2461206.250000000,42165.360881,330497.262200,126.600293128,8.690434367,28.690434367,0.301201121,20.000000000,0.000000000000,0.908459473218,90.845947322
2026-06-14T19:00:00Z,2461206.291666667,42164.936097,324869.977066,137.795347264,8.690522595,28.690522595,0.306418472,20.000000000,0.000000000000,0.908459103590,90.845910359
2026-06-14T20:00:00Z,2461206.333333333,42164.448452,321464.278391,146.043710766,8.690623882,28.690623882,0.309664801,20.000000000,0.000000000000,0.908458679252,90.845867925
2026-06-14T21:00:00Z,2461206.375000000,42163.927269,320561.134073,148.540364850,8.690732137,28.690732137,0.310537255,20.000000000,0.000000000000,0.908458225717,90.845822572
2026-06-14T22:00:00Z,2461206.416666667,42163.404920,322234.810853,143.982158756,8.690840637,28.690840637,0.308924319,20.000000000,0.000000000000,0.908457771155,90.845777116
2026-06-14T23:00:00Z,2461206.458333333,42162.915257,326341.363935,134.572311368,8.690942350,28.690942350,0.305036899,20.000000000,0.000000000000,0.908457345025,90.845734503
2026-06-15T00:00:00Z,2461206.500000000,42162.491638,332540.952451,122.893445677,8.691030347,28.691030347,0.299350018,20.000000000,0.000000000000,0.908456976360,90.845697636
2026-06-15T01:00:00Z,2461206.541666667,42162.164625,340346.470476,110.347924801,8.691098277,28.691098277,0.292484654,20.000000000,0.000000000000,0.908456691764,90.845669176
2026-06-15T02:00:00Z,2461206.583333333,42161.959502,349183.947942,97.593630420,8.691140887,28.691140887,0.285082114,20.000000000,0.000000000000,0.908456513246,90.845651325
2026-06-15T03:00:00Z,2461206.625000000,42161.893842,358450.589016,84.953734919,8.691154527,28.691154527,0.277712131,20.000000000,0.000000000000,0.908456456100,90.845645610
2026-06-15T04:00:00Z,2461206.666666667,42161.975437,367561.776593,72.610065729,8.691137577,28.691137577,0.270828101,20.000000000,0.000000000000,0.908456527114,90.845652711
2026-06-15T05:00:00Z,2461206.708333333,42162.204442,375984.496266,60.704671674,8.691090006,28.691090006,0.264761028,20.000000000,0.000000000000,0.908456726417,90.845672642
2026-06-15T06:00:00Z,2461206.750000000,42162.692488,383258.455862,49.425271430,8.690988625,28.690988625,0.259736026,20.000000000,0.000000000000,0.908457151156,90.845715116
2026-06-15T07:00:00Z,2461206.791666667,42163.392155,389009.123955,39.134663885,8.690843289,28.690843289,0.255896359,20.000000000,0.057169148325,0.913007136320,91.300713632
2026-06-15T08:00:00Z,2461206.833333333,42164.130986,392954.438831,30.642321940,8.690689823,28.690689823,0.253327108,20.000000000,0.141692983496,0.919733972356,91.973397236
2026-06-15T09:00:00Z,2461206.875000000,42164.765032,394907.595371,25.625964159,8.690558126,28.690558126,0.252074180,20.000000000,0.198711894400,0.924271944857,92.427194486
2026-06-15T10:00:00Z,2461206.916666667,42165.229755,394778.193144,26.089144207,8.690461602,28.690461602,0.252156807,20.000000000,0.193306548379,0.923842205473,92.384220547
2026-06-15T11:00:00Z,2461206.958333333,42165.546193,392572.740854,31.801523491,8.690395878,28.690395878,0.253573419,20.000000000,0.129101303235,0.918733189751,91.873318975
2026-06-15T12:00:00Z,2461207.000000000,42165.792548,388395.286033,40.667192138,8.690344712,28.690344712,0.256300792,20.000000000,0.044333544743,0.911987800223,91.198780022
2026-06-15T13:00:00Z,2461207.041666667,42165.964584,382446.665760,51.160731458,8.690308981,28.690308981,0.260287352,20.000000000,0.000000000000,0.908459998520,90.845999852
2026-06-15T14:00:00Z,2461207.083333333,42166.052814,375023.297033,62.569643375,8.690290656,28.690290656,0.265439625,20.000000000,0.000000000000,0.908460075290,90.846007529
2026-06-15T15:00:00Z,2461207.125000000,42166.049402,366513.409376,74.572742015,8.690291365,28.690291365,0.271602778,20.000000000,0.000000000000,0.908460072321,90.846007232
2026-06-15T16:00:00Z,2461207.166666667,42165.953808,357389.863913,86.997927657,8.690311219,28.690311219,0.278536381,20.000000000,0.000000000000,0.908459989143,90.845998914
2026-06-15T17:00:00Z,2461207.208333333,42165.772902,348196.637441,99.704386828,8.690348792,28.690348792,0.285890470,20.000000000,0.000000000000,0.908459831733,90.845983173
2026-06-15T18:00:00Z,2461207.250000000,42165.520340,339525.775315,112.499204529,8.690401248,28.690401248,0.293191648,20.000000000,0.000000000000,0.908459611970,90.845961197
2026-06-15T19:00:00Z,2461207.291666667,42165.215247,331981.768747,125.027724514,8.690464616,28.690464616,0.299854242,20.000000000,0.000000000000,0.908459346495,90.845934649
2026-06-15T20:00:00Z,2461207.333333333,42164.880393,326132.245862,136.553517061,8.690534165,28.690534165,0.305232492,20.000000000,0.000000000000,0.908459055118,90.845905512
2026-06-15T21:00:00Z,2461207.375000000,42164.540105,322448.366467,145.493666879,8.690604845,28.690604845,0.308719719,20.000000000,0.000000000000,0.908458759007,90.845875901
2026-06-15T22:00:00Z,2461207.416666667,42164.218181,321244.663729,149.062729254,8.690671711,28.690671711,0.309876502,20.000000000,0.000000000000,0.908458478871,90.845847887
2026-06-15T23:00:00Z,2461207.458333333,42163.936062,322633.121415,145.409947311,8.690730311,28.690730311,0.308542930,20.000000000,0.000000000000,0.908458233369,90.845823337
2026-06-16T00:00:00Z,2461207.500000000,42163.711428,326505.589965,136.409445724,8.690776970,28.690776970,0.304883470,20.000000000,0.000000000000,0.908458037888,90.845803789
2026-06-16T01:00:00Z,2461207.541666667,42163.557294,332550.492414,124.834708831,8.690808987,28.690808987,0.299341431,20.000000000,0.000000000000,0.908457903756,90.845790376
2026-06-16T02:00:00Z,2461207.583333333,42163.481611,340298.073801,112.255187890,8.690824707,28.690824707,0.292526251,20.000000000,0.000000000000,0.908457837894,90.845783789
2026-06-16T03:00:00Z,2461207.625000000,42163.478690,349180.233912,99.399926496,8.690825314,28.690825314,0.285085146,20.000000000,0.000000000000,0.908457835352,90.845783535
2026-06-16T04:00:00Z,2461207.666666667,42163.545948,358590.088999,86.618509748,8.690811343,28.690811343,0.277604094,20.000000000,0.000000000000,0.908457893883,90.845789388
2026-06-16T05:00:00Z,2461207.708333333,42163.698063,367931.420148,74.098660019,8.690779747,28.690779747,0.270556011,20.000000000,0.000000000000,0.908458026257,90.845802626
2026-06-16T06:00:00Z,2461207.750000000,42163.931700,376654.741368,61.974188828,8.690731217,28.690731217,0.264289890,20.000000000,0.000000000000,0.908458229573,90.845822957
2026-06-16T07:00:00Z,2461207.791666667,42164.222503,384280.993060,50.406847054,8.690670814,28.690670814,0.259044887,20.000000000,0.000000000000,0.908458482632,90.845848263
2026-06-16T08:00:00Z,2461207.833333333,42164.547208,390415.376371,39.705353793,8.690603370,28.690603370,0.254974629,20.000000000,0.052279285846,0.912619018570,91.261901857
2026-06-16T09:00:00Z,2461207.875000000,42164.878918,394754.884123,30.585579592,8.690534472,28.690534472,0.252171696,20.000000000,0.142313953392,0.919784038411,91.978403841
2026-06-16T10:00:00Z,2461207.916666667,42165.189190,397092.380686,24.679301845,8.690470028,28.690470028,0.250687270,20.000000000,0.209820722858,0.925156326424,92.515632642
2026-06-16T11:00:00Z,2461207.958333333,42165.454504,397318.736378,24.352293214,8.690414922,28.690414922,0.250544451,20.000000000,0.213675771505,0.925463332311,92.546333231
2026-06-16T12:00:00Z,2461208.000000000,42165.661555,395424.089011,29.796690818,8.690371918,28.690371918,0.251744925,20.000000000,0.151031529923,0.920478442122,92.047844212
2026-06-16T13:00:00Z,2461208.041666667,42165.795783,391498.081850,38.714353087,8.690344040,28.690344040,0.254269481,20.000000000,0.060842772119,0.913301565609,91.330156561
2026-06-16T14:00:00Z,2461208.083333333,42165.849968,385729.734729,49.355288911,8.690332786,28.690332786,0.258071948,20.000000000,0.000000000000,0.908459898790,90.845989879
2026-06-16T15:00:00Z,2461208.125000000,42165.820807,378406.379167,60.938942813,8.690338842,28.690338842,0.263066488,20.000000000,0.000000000000,0.908459873416,90.845987342
2026-06-16T16:00:00Z,2461208.166666667,42165.708969,369911.131301,73.135684375,8.690362070,28.690362070,0.269108023,20.000000000,0.000000000000,0.908459776103,90.845977610
2026-06-16T17:00:00Z,2461208.208333333,42165.519881,360716.711755,85.784041338,8.690401343,28.690401343,0.275967453,20.000000000,0.000000000000,0.908459611571,90.845961157
2026-06-16T18:00:00Z,2461208.250000000,42165.264795,351373.043595,98.764749823,8.690454324,28.690454324,0.283306004,20.000000000,0.000000000000,0.908459389609,90.845938961
2026-06-16T19:00:00Z,2461208.291666667,42164.960518,342485.157281,111.920601946,8.690517523,28.690517523,0.290658185,20.000000000,0.000000000000,0.908459124840,90.845912484
2026-06-16T20:00:00Z,2461208.333333333,42164.626937,334678.013053,124.957579747,8.690586809,28.690586809,0.297438525,20.000000000,0.000000000000,0.908458834566,90.845883457
2026-06-16T21:00:00Z,2461208.375000000,42164.286683,328546.930416,137.239064955,8.690657483,28.690657483,0.302989138,20.000000000,0.000000000000,0.908458538481,90.845853848
2026-06-16T22:00:00Z,2461208.416666667,42163.963703,324595.948352,147.276652469,8.690724569,28.690724569,0.306677157,20.000000000,0.000000000000,0.908458257422,90.845825742
2026-06-16T23:00:00Z,2461208.458333333,42163.681428,323173.657220,151.979093826,8.690783202,28.690783202,0.308026860,20.000000000,0.000000000000,0.908458011781,90.845801178
2026-06-17T00:00:00Z,2461208.500000000,42163.460836,324421.933726,148.634409281,8.690829022,28.690829022,0.306841655,20.000000000,0.000000000000,0.908457819815,90.845781982
2026-06-17T01:00:00Z,2461208.541666667,42163.318606,328253.267702,139.254281451,8.690858566,28.690858566,0.303260202,20.000000000,0.000000000000,0.908457696041,90.845769604
2026-06-17T02:00:00Z,2461208.583333333,42163.265583,334364.410067,127.171270907,8.690869580,28.690869580,0.297717497,20.000000000,0.000000000000,0.908457649898,90.845764990
2026-06-17T03:00:00Z,2461208.625000000,42163.305735,342281.475928,114.119704163,8.690861240,28.690861240,0.290831149,20.000000000,0.000000000000,0.908457684840,90.845768484
2026-06-17T04:00:00Z,2461208.666666667,42163.435755,351422.053340,100.837530583,8.690834232,28.690834232,0.283266494,20.000000000,0.000000000000,0.908457797989,90.845779799
2026-06-17T05:00:00Z,2461208.708333333,42163.645339,361158.252839,87.655265682,8.690790698,28.690790698,0.275630061,20.000000000,0.000000000000,0.908457980376,90.845798038
2026-06-17T06:00:00Z,2461208.750000000,42163.918132,370869.655257,74.736546914,8.690734035,28.690734035,0.268412500,20.000000000,0.000000000000,0.908458217766,90.845821777
2026-06-17T07:00:00Z,2461208.791666667,42164.233210,379981.996580,62.185517642,8.690668590,28.690668590,0.261975660,20.000000000,0.000000000000,0.908458491950,90.845849195
2026-06-17T08:00:00Z,2461208.833333333,42164.566932,387992.485089,50.121605747,8.690599273,28.690599273,0.256566877,20.000000000,0.000000000000,0.908458782352,90.845878235
2026-06-17T09:00:00Z,2461208.875000000,42164.895919,394484.887688,38.786273401,8.690530941,28.690530941,0.252344291,20.000000000,0.060210526003,0.913250470048,91.325047005
2026-06-17T10:00:00Z,2461208.916666667,42165.347764,399135.564577,28.810561396,8.690437092,28.690437092,0.249403988,20.000000000,0.162081289598,0.921357481016,92.135748102
2026-06-17T11:00:00Z,2461208.958333333,42166.042184,401724.151534,21.891762718,8.690292864,28.690292864,0.247796896,20.000000000,0.242898076055,0.927789280777,92.778928078
2026-06-17T12:00:00Z,2461209.000000000,42166.552156,402134.280478,21.133096015,8.690186948,28.690186948,0.247544171,20.000000000,0.251951151493,0.928510145358,92.851014536
2026-06-17T13:00:00Z,2461209.041666667,42166.859775,400345.864241,27.073908436,8.690123060,28.690123060,0.248650002,20.000000000,0.181892167526,0.922935296208,92.293529621
2026-06-17T14:00:00Z,2461209.083333333,42166.928450,396444.021158,36.666479057,8.690108797,28.690108797,0.251097256,20.000000000,0.079636748544,0.914798128266,91.479812827
2026-06-17T15:00:00Z,2461209.125000000,42166.732453,390618.019023,47.877720491,8.690149503,28.690149503,0.254842354,20.000000000,0.001482422775,0.908578634098,90.857863410
2026-06-17T16:00:00Z,2461209.166666667,42166.313011,383160.375526,59.941910249,8.690236616,28.690236616,0.259802513,20.000000000,0.000000000000,0.908460301689,90.846030169
2026-06-17T17:00:00Z,2461209.208333333,42165.767219,374464.574835,72.576939037,8.690349972,28.690349972,0.265835679,20.000000000,0.000000000000,0.908459826788,90.845982679
2026-06-17T18:00:00Z,2461209.250000000,42165.215892,365019.117845,85.662455656,8.690464481,28.690464481,0.272714656,20.000000000,0.000000000000,0.908459347057,90.845934706
2026-06-17T19:00:00Z,2461209.291666667,42164.762836,355395.106996,99.118194889,8.690558582,28.690558582,0.280099759,20.000000000,0.000000000000,0.908458952823,90.845895282
2026-06-17T20:00:00Z,2461209.333333333,42164.398857,346223.477431,112.834380102,8.690634183,28.690634183,0.287519800,20.000000000,0.000000000000,0.908458636094,90.845863609
2026-06-17T21:00:00Z,2461209.375000000,42164.035804,338158.646243,126.587545070,8.690709593,28.690709593,0.294376993,20.000000000,0.000000000000,0.908458320166,90.845832017
2026-06-17T22:00:00Z,2461209.416666667,42163.700780,331827.043095,139.849289125,8.690779182,28.690779182,0.299994061,20.000000000,0.000000000000,0.908458028622,90.845802862
2026-06-17T23:00:00Z,2461209.458333333,42163.423624,327761.190578,151.200374700,8.690836752,28.690836752,0.303715499,20.000000000,0.000000000000,0.908457787432,90.845778743
2026-06-18T00:00:00Z,2461209.500000000,42163.230372,326330.674435,156.879098195,8.690876894,28.690876894,0.305046891,20.000000000,0.000000000000,0.908457619256,90.845761926
2026-06-18T01:00:00Z,2461209.541666667,42163.139135,327686.572206,152.789582888,8.690895846,28.690895846,0.303784659,20.000000000,0.000000000000,0.908457539856,90.845753986
2026-06-18T02:00:00Z,2461209.583333333,42163.157262,331736.707231,142.048932854,8.690892081,28.690892081,0.300075754,20.000000000,0.000000000000,0.908457555631,90.845755563
2026-06-18T03:00:00Z,2461209.625000000,42163.280493,338160.359651,128.912120708,8.690866483,28.690866483,0.294375501,20.000000000,0.000000000000,0.908457662873,90.845766287
2026-06-18T04:00:00Z,2461209.666666667,42163.494195,346457.038930,115.091060359,8.690822093,28.690822093,0.287325969,20.000000000,0.000000000000,0.908457848845,90.845784884
2026-06-18T05:00:00Z,2461209.708333333,42163.776224,356013.317187,101.207428064,8.690763511,28.690763511,0.279613367,20.000000000,0.000000000000,0.908458094275,90.845809427
2026-06-18T06:00:00Z,2461209.750000000,42164.101150,366170.140740,87.513256978,8.690696020,28.690696020,0.271857396,20.000000000,0.000000000000,0.908458377030,90.845837703
2026-06-18T07:00:00Z,2461209.791666667,42164.447185,376278.823746,74.118160215,8.690624145,28.690624145,0.264553929,20.000000000,0.000000000000,0.908458678149,90.845867815
2026-06-18T08:00:00Z,2461209.833333333,42164.793772,385741.182163,61.079588643,8.690552157,28.690552157,0.258064289,20.000000000,0.000000000000,0.908458979742,90.845897974
2026-06-18T09:00:00Z,2461209.875000000,42165.119831,394035.484269,48.462367582,8.690484433,28.690484433,0.252632095,20.000000000,0.000221217802,0.908476867422,90.847686742
2026-06-18T10:00:00Z,2461209.916666667,42165.404197,400731.695017,36.426899438,8.690425371,28.690425371,0.248410596,20.000000000,0.081927060044,0.914979059199,91.497905920
2026-06-18T11:00:00Z,2461209.958333333,42165.626540,405499.721036,25.485721492,8.690379191,28.690379191,0.245489668,20.000000000,0.200350164555,0.924403063898,92.440306390
2026-06-18T12:00:00Z,2461210.000000000,42165.769020,408113.595572,17.479327973,8.690349598,28.690349598,0.243917353,20.000000000,0.295343152049,0.931962489634,93.196248963
2026-06-18T13:00:00Z,2461210.041666667,42165.818431,408453.566545,17.023381390,8.690339336,28.690339336,0.243714331,20.000000000,0.300677294096,0.932387010164,93.238701016
2026-06-18T14:00:00Z,2461210.083333333,42165.768341,406507.235894,24.558973719,8.690349739,28.690349739,0.244881226,20.000000000,0.211236951327,0.925269530248,92.526953025
2026-06-18T15:00:00Z,2461210.125000000,42165.617550,402369.520547,35.391815994,8.690381058,28.690381058,0.247399446,20.000000000,0.092001868000,0.915780972589,91.578097259
2026-06-18T16:00:00Z,2461210.166666667,42165.383072,396246.041607,47.444037802,8.690429758,28.690429758,0.251222715,20.000000000,0.002810727432,0.908683163110,90.868316311
2026-06-18T17:00:00Z,2461210.208333333,42165.089914,388448.598682,60.144368908,8.690490647,28.690490647,0.256265615,20.000000000,0.000000000000,0.908459237436,90.845923744
2026-06-18T18:00:00Z,2461210.250000000,42164.745232,379393.704311,73.325261952,8.690562239,28.690562239,0.262381885,20.000000000,0.000000000000,0.908458937505,90.845893750
2026-06-18T19:00:00Z,2461210.291666667,42164.364956,369597.903474,86.932317584,8.690641225,28.690641225,0.269336089,20.000000000,0.000000000000,0.908458606594,90.845860659
2026-06-18T20:00:00Z,2461210.333333333,42163.977591,359663.990982,100.933905597,8.690721685,28.690721685,0.276775204,20.000000000,0.000000000000,0.908458269508,90.845826951
2026-06-18T21:00:00Z,2461210.375000000,42163.607409,350255.753101,115.271623736,8.690798577,28.690798577,0.284209737,20.000000000,0.000000000000,0.908457947368,90.845794737
2026-06-18T22:00:00Z,2461210.416666667,42163.281860,342058.747025,129.796577414,8.690866199,28.690866199,0.291020523,20.000000000,0.000000000000,0.908457664063,90.845766406
2026-06-18T23:00:00Z,2461210.458333333,42163.028511,335723.448146,144.110484134,8.690918825,28.690918825,0.296512300,20.000000000,0.000000000000,0.908457443585,90.845744359
2026-06-19T00:00:00Z,2461210.500000000,42162.870354,331794.557276,156.913583181,8.690951678,28.690951678,0.300023433,20.000000000,0.000000000000,0.908457305947,90.845730595
2026-06-19T01:00:00Z,2461210.541666667,42162.821349,330638.058301,163.155961960,8.690961857,28.690961857,0.301072859,20.000000000,0.000000000000,0.908457263300,90.845726330
2026-06-19T02:00:00Z,2461210.583333333,42162.883950,332384.705333,156.524478923,8.690948854,28.690948854,0.299490738,20.000000000,0.000000000000,0.908457317780,90.845731778
2026-06-19T03:00:00Z,2461210.625000000,42163.043807,336908.345126,143.587530260,8.690915648,28.690915648,0.295469465,20.000000000,0.000000000000,0.908457456896,90.845745690
2026-06-19T04:00:00Z,2461210.666666667,42163.287592,343846.413641,129.194020511,8.690865008,28.690865008,0.289507486,20.000000000,0.000000000000,0.908457669051,90.845766905
2026-06-19T05:00:00Z,2461210.708333333,42163.605520,352655.478641,114.584053067,8.690798969,28.690798969,0.282275751,20.000000000,0.000000000000,0.908457945724,90.845794572
2026-06-19T06:00:00Z,2461210.750000000,42163.982042,362683.652645,100.137427058,8.690720760,28.690720760,0.274470788,20.000000000,0.000000000000,0.908458273381,90.845827338
2026-06-19T07:00:00Z,2461210.791666667,42164.394958,373240.947299,85.990369856,8.690634993,28.690634993,0.266707197,20.000000000,0.000000000000,0.908458632701,90.845863270
2026-06-19T08:00:00Z,2461210.833333333,42164.815785,383656.093563,72.185704797,8.690547585,28.690547585,0.259466823,20.000000000,0.000000000000,0.908458998898,90.845899890
2026-06-19T09:00:00Z,2461210.875000000,42165.211712,393316.462938,58.729314389,8.690465350,28.690465350,0.253093934,20.000000000,0.000000000000,0.908459343419,90.845934342
2026-06-19T10:00:00Z,2461210.916666667,42165.549000,401693.131738,45.627983633,8.690395295,28.690395295,0.247816031,20.000000000,0.010725366244,0.909313134436,90.931313444
2026-06-19T11:00:00Z,2461210.958333333,42165.797268,408355.165911,32.949240216,8.690343731,28.690343731,0.243773058,20.000000000,0.116910536819,0.917763297852,91.776329785
2026-06-19T12:00:00Z,2461211.000000000,42165.933745,412977.082683,21.037397557,8.690315386,28.690315386,0.241044806,20.000000000,0.253095369741,0.928600661270,92.860066127
2026-06-19T13:00:00Z,2461211.041666667,42165.946743,415342.483017,11.882473913,8.690312686,28.690312686,0.239672034,20.000000000,0.356664798342,0.936842465838,93.684246584
2026-06-19T14:00:00Z,2461211.083333333,42165.835390,415345.793239,13.286212140,8.690335813,28.690335813,0.239670124,20.000000000,0.342537317769,0.935718139764,93.571813976
2026-06-19T15:00:00Z,2461211.125000000,42165.606989,412993.086940,23.455164828,8.690383251,28.690383251,0.241035465,20.000000000,0.224293260393,0.926308377914,92.630837791
2026-06-19T16:00:00Z,2461211.166666667,42165.280587,408402.694831,35.641340977,8.690451044,28.690451044,0.243744688,20.000000000,0.089545734048,0.915585226454,91.558522645
2026-06-19T17:00:00Z,2461211.208333333,42164.884056,401805.387405,48.497877479,8.690533404,28.690533404,0.247746796,20.000000000,0.000171725950,0.908472723822,90.847272382
2026-06-19T18:00:00Z,2461211.250000000,42164.449041,393543.553121,61.783773952,8.690623760,28.690623760,0.252947888,20.000000000,0.000000000000,0.908458679764,90.845867976
2026-06-19T19:00:00Z,2461211.291666667,42164.006192,384068.085405,75.460402484,8.690715744,28.690715744,0.259188489,20.000000000,0.000000000000,0.908458294397,90.845829440
2026-06-19T20:00:00Z,2461211.333333333,42163.559337,373930.871872,89.536995195,8.690808562,28.690808562,0.266215103,20.000000000,0.000000000000,0.908457905534,90.845790553
2026-06-19T21:00:00Z,2461211.375000000,42163.109762,363768.953558,104.025111248,8.690901948,28.690901948,0.273651901,20.000000000,0.000000000000,0.908457514294,90.845751429
2026-06-19T22:00:00Z,2461211.416666667,42162.731745,354276.512587,118.910863270,8.690980470,28.690980470,0.280984154,20.000000000,0.000000000000,0.908457185320,90.845718532
2026-06-19T23:00:00Z,2461211.458333333,42162.496828,346161.070635,134.117594903,8.691029269,28.691029269,0.287571636,20.000000000,0.000000000000,0.908456980878,90.845698088
2026-06-20T00:00:00Z,2461211.500000000,42162.385302,340081.101850,149.407867073,8.691052436,28.691052436,0.292712885,20.000000000,0.000000000000,0.908456883818,90.845688382
2026-06-20T01:00:00Z,2461211.541666667,42162.396693,336570.091123,163.804590266,8.691050070,28.691050070,0.295766416,20.000000000,0.000000000000,0.908456893732,90.845689373
2026-06-20T02:00:00Z,2461211.583333333,42162.530235,335962.107279,169.520461618,8.691022329,28.691022329,0.296301663,20.000000000,0.000000000000,0.908457009951,90.845700995
2026-06-20T03:00:00Z,2461211.625000000,42162.776800,338338.700199,157.976786811,8.690971111,28.690971111,0.294220332,20.000000000,0.000000000000,0.908457224531,90.845722453
2026-06-20T04:00:00Z,2461211.666666667,42163.119489,343515.179240,142.930429151,8.690899927,28.690899927,0.289786646,20.000000000,0.000000000000,0.908457522759,90.845752276
2026-06-20T05:00:00Z,2461211.708333333,42163.534753,351071.246545,127.589514780,8.690813669,28.690813669,0.283549549,20.000000000,0.000000000000,0.908457884140,90.845788414
2026-06-20T06:00:00Z,2461211.750000000,42163.993996,360414.758930,112.447906872,8.690718277,28.690718277,0.276198658,20.000000000,0.000000000000,0.908458283784,90.845828378
2026-06-20T07:00:00Z,2461211.791666667,42164.465523,370858.325462,97.648783949,8.690620336,28.690620336,0.268420700,20.000000000,0.000000000000,0.908458694107,90.845869411
2026-06-20T08:00:00Z,2461211.833333333,42164.916722,381690.270128,83.229699584,8.690526620,28.690526620,0.260803167,20.000000000,0.000000000000,0.908459086730,90.845908673
2026-06-20T09:00:00Z,2461211.875000000,42165.316317,392229.802543,69.179468093,8.690443623,28.690443623,0.253795128,20.000000000,0.000000000000,0.908459434441,90.845943444
2026-06-20T10:00:00Z,2461211.916666667,42165.636544,401864.526824,55.463000194,8.690377113,28.690377113,0.247710337,20.000000000,0.000000000000,0.908459713084,90.845971308
2026-06-20T11:00:00Z,2461211.958333333,42165.855081,410073.268590,42.038649490,8.690331724,28.690331724,0.242751705,20.000000000,0.033705709747,0.911142118397,91.114211840
2026-06-20T12:00:00Z,2461212.000000000,42165.956622,416438.662832,28.882708782,8.690310634,28.690310634,0.239041148,20.000000000,0.161266049475,0.921293136056,92.129313606
2026-06-20T13:00:00Z,2461212.041666667,42165.933963,420653.475687,16.092473631,8.690315340,28.690315340,0.236646019,20.000000000,0.311460912019,0.933245243740,93.324524374
2026-06-20T14:00:00Z,2461212.083333333,42165.788534,422523.520542,5.518402859,8.690345545,28.690345545,0.235598642,20.000000000,0.378922438992,0.938613534941,93.861353494
2026-06-20T15:00:00Z,2461212.125000000,42165.530334,421968.953113,12.023695259,8.690399172,28.690399172,0.235908277,20.000000000,0.355309635952,0.936734263112,93.673426311
2026-06-20T16:00:00Z,2461212.166666667,42165.177279,419024.899396,24.579904049,8.690472501,28.690472501,0.237565769,20.000000000,0.210991854128,0.925249511725,92.524951173
2026-06-20T17:00:00Z,2461212.208333333,42164.753986,413841.753001,37.671474504,8.690560421,28.690560421,0.240541171,20.000000000,0.070242654504,0.914048677962,91.404867796
2026-06-20T18:00:00Z,2461212.250000000,42164.290092,406684.952147,51.054097498,8.690656775,28.690656775,0.244774216,20.000000000,0.000000000000,0.908458541448,90.845854145
2026-06-20T19:00:00Z,2461212.291666667,42163.818206,397933.465956,64.734876271,8.690754791,28.690754791,0.250157406,20.000000000,0.000000000000,0.908458130808,90.845813081
2026-06-20T20:00:00Z,2461212.333333333,42163.371641,388075.449689,78.756994696,8.690847550,28.690847550,0.256512026,20.000000000,0.000000000000,0.908457742194,90.845774219
2026-06-20T21:00:00Z,2461212.375000000,42162.982079,377698.496684,93.166082566,8.690928470,28.690928470,0.263559530,20.000000000,0.000000000000,0.908457403178,90.845740318
2026-06-20T22:00:00Z,2461212.416666667,42162.677337,367470.734806,107.995726742,8.690991772,28.690991772,0.270895200,20.000000000,0.000000000000,0.908457137971,90.845713797
2026-06-20T23:00:00Z,2461212.458333333,42162.479384,358108.205511,123.254753017,8.691032892,28.691032892,0.277977651,20.000000000,0.000000000000,0.908456965696,90.845696570
2026-06-21T00:00:00Z,2461212.500000000,42162.402767,350324.657156,138.913181419,8.691048808,28.691048808,0.284153837,20.000000000,0.000000000000,0.908456899018,90.845689902
2026-06-21T01:00:00Z,2461212.541666667,42162.453552,344763.630288,154.881441300,8.691038258,28.691038258,0.288737268,20.000000000,0.000000000000,0.908456943215,90.845694321
2026-06-21T02:00:00Z,2461212.583333333,42162.628863,341920.252625,170.865946088,8.691001842,28.691001842,0.291138401,20.000000000,0.000000000000,0.908457095785,90.845709578
2026-06-21T03:00:00Z,2461212.625000000,42162.917057,342069.273229,171.881066272,8.690941977,28.690941977,0.291011567,20.000000000,0.000000000000,0.908457346591,90.845734659
2026-06-21T04:00:00Z,2461212.666666667,42163.298522,345220.557993,155.935398374,8.690862738,28.690862738,0.288355097,20.000000000,0.000000000000,0.908457678563,90.845767856
2026-06-21T05:00:00Z,2461212.708333333,42163.747045,351117.598774,139.950173707,8.690769572,28.690769572,0.283512116,20.000000000,0.000000000000,0.908458068883,90.845806888
2026-06-21T06:00:00Z,2461212.750000000,42164.231651,359279.483715,124.262222750,8.690668913,28.690668913,0.277071416,20.000000000,0.000000000000,0.908458490593,90.845849059
2026-06-21T07:00:00Z,2461212.791666667,42164.718777,369071.414772,108.964193961,8.690567734,28.690567734,0.269720306,20.000000000,0.000000000000,0.908458914484,90.845891448
2026-06-21T08:00:00Z,2461212.833333333,42165.174636,379782.644535,94.086514089,8.690473050,28.690473050,0.262113174,20.000000000,0.000000000000,0.908459311157,90.845931116
2026-06-21T09:00:00Z,2461212.875000000,42165.567589,390694.977377,79.619254835,8.690391434,28.690391434,0.254792155,20.000000000,0.000000000000,0.908459653084,90.845965308
2026-06-21T10:00:00Z,2461212.916666667,42165.870376,401133.983788,65.525532983,8.690328547,28.690328547,0.248161469,20.000000000,0.000000000000,0.908459916547,90.845991655
2026-06-21T11:00:00Z,2461212.958333333,42166.062026,410502.726953,51.752131212,8.690288743,28.690288743,0.242497742,20.000000000,0.000000000000,0.908460083306,90.846008331
2026-06-21T12:00:00Z,2461213.000000000,42166.129346,418301.707055,38.237253232,8.690274761,28.690274761,0.237976494,20.000000000,0.065094616694,0.913640206889,91.364020689
2026-06-21T13:00:00Z,2461213.041666667,42166.067844,424139.537708,24.915820005,8.690287534,28.690287534,0.234700981,20.000000000,0.207035019187,0.924935411716,92.493541172
2026-06-21T14:00:00Z,2461213.083333333,42165.882067,427738.114658,11.725397483,8.690326119,28.690326119,0.232726422,20.000000000,0.358152606591,0.936960805580,93.696080558
2026-06-21T15:00:00Z,2461213.125000000,42165.585292,428934.871623,1.562762340,8.690387758,28.690387758,0.232077096,20.000000000,0.378922438992,0.938613358094,93.861335809
2026-06-21T16:00:00Z,2461213.166666667,42165.198608,427683.681182,14.596609471,8.690468071,28.690468071,0.232756043,20.000000000,0.328369711163,0.934590163363,93.459016336
2026-06-21T17:00:00Z,2461213.208333333,42164.749454,424055.176467,27.816758219,8.690561362,28.690561362,0.234747673,20.000000000,0.173370363129,0.922255316318,92.225531632
2026-06-21T18:00:00Z,2461213.250000000,42164.269696,418236.675009,41.183628169,8.690661011,28.690661011,0.238013497,20.000000000,0.040233162186,0.911660177018,91.166017702
2026-06-21T19:00:00Z,2461213.291666667,42163.793388,410531.346093,54.760425929,8.690759946,28.690759946,0.242480837,20.000000000,0.000000000000,0.908458109212,90.845810921
2026-06-21T20:00:00Z,2461213.333333333,42163.354383,401355.632316,68.610592843,8.690851135,28.690851135,0.248024421,20.000000000,0.000000000000,0.908457727175,90.845772718
2026-06-21T21:00:00Z,2461213.375000000,42162.983930,391233.094810,82.792636864,8.690928085,28.690928085,0.254441702,20.000000000,0.000000000000,0.908457404788,90.845740479
2026-06-21T22:00:00Z,2461213.416666667,42162.708472,380781.773343,97.354145820,8.690985305,28.690985305,0.261425414,20.000000000,0.000000000000,0.908457165067,90.845716507
2026-06-21T23:00:00Z,2461213.458333333,42162.547769,370691.054590,112.322962239,8.691018687,28.691018687,0.268541824,20.000000000,0.000000000000,0.908457025210,90.845702521
2026-06-22T00:00:00Z,2461213.500000000,42162.513498,361683.610364,127.694783901,8.691025806,28.691025806,0.275229696,20.000000000,0.000000000000,0.908456995385,90.845699538
2026-06-22T01:00:00Z,2461213.541666667,42162.608433,354459.481840,143.414336522,8.691006085,28.691006085,0.280839111,20.000000000,0.000000000000,0.908457078005,90.845707801
2026-06-22T02:00:00Z,2461213.583333333,42162.826255,349624.259896,159.318953797,8.690960838,28.690960838,0.284723083,20.000000000,0.000000000000,0.908457267570,90.845726757
2026-06-22T03:00:00Z,2461213.625000000,42163.152010,347611.548885,174.195716895,8.690893172,28.690893172,0.286371676,20.000000000,0.000000000000,0.908457551061,90.845755106
2026-06-22T04:00:00Z,2461213.666666667,42163.563175,348618.115186,166.940285634,8.690807765,28.690807765,0.285544827,20.000000000,0.000000000000,0.908457908874,90.845790887
2026-06-22T05:00:00Z,2461213.708333333,42164.031255,352571.936136,151.144650585,8.690710538,28.690710538,0.282342637,20.000000000,0.000000000000,0.908458316207,90.845831621
2026-06-22T06:00:00Z,2461213.750000000,42164.523790,359144.494938,135.324588159,8.690608234,28.690608234,0.277175557,20.000000000,0.000000000000,0.908458744810,90.845874481
2026-06-22T07:00:00Z,2461213.791666667,42165.006635,367802.761590,119.802792508,8.690507944,28.690507944,0.270650653,20.000000000,0.000000000000,0.908459164970,90.845916497
2026-06-22T08:00:00Z,2461213.833333333,42165.446334,377883.323689,104.671774926,8.690416619,28.690416619,0.263430619,20.000000000,0.000000000000,0.908459547575,90.845954757
2026-06-22T09:00:00Z,2461213.875000000,42165.812446,388668.331960,89.957493843,8.690340579,28.690340579,0.256120735,20.000000000,0.000000000000,0.908459866141,90.845986614
2026-06-22T10:00:00Z,2461213.916666667,42166.079647,399449.095174,75.647967454,8.690285083,28.690285083,0.249208228,20.000000000,0.000000000000,0.908460098638,90.846009864
2026-06-22T11:00:00Z,2461213.958333333,42166.229480,409572.007344,61.709562411,8.690253964,28.690253964,0.243048802,20.000000000,0.000000000000,0.908460229009,90.846022901
2026-06-22T12:00:00Z,2461214.000000000,42166.251616,418468.000175,48.101503269,8.690249367,28.690249367,0.237881925,20.000000000,0.000915545487,0.908533105065,90.853310506
2026-06-22T13:00:00Z,2461214.041666667,42166.144563,425669.576256,34.796436029,8.690271601,28.690271601,0.233857361,20.000000000,0.097931852650,0.916253324340,91.625332434
2026-06-22T14:00:00Z,2461214.083333333,42165.915747,430819.729388,21.846056790,8.690319124,28.690319124,0.231061742,20.000000000,0.243443649196,0.927832586092,92.783258609
2026-06-22T15:00:00Z,2461214.125000000,42165.580977,433676.142918,9.915938674,8.690388654,28.690388654,0.229539843,20.000000000,0.373144266603,0.938153541991,93.815354199
2026-06-22T16:00:00Z,2461214.166666667,42165.163323,434112.924159,8.139679463,8.690475400,28.690475400,0.229308891,20.000000000,0.378922438992,0.938612990920,93.861299092
2026-06-22T17:00:00Z,2461214.208333333,42164.691490,432121.178055,19.498179484,8.690573401,28.690573401,0.230365834,20.000000000,0.271458462193,0.930060868791,93.006086879
2026-06-22T18:00:00Z,2461214.250000000,42164.197810,427809.004603,32.343125728,8.690675943,28.690675943,0.232687858,20.000000000,0.123316491676,0.918271675751,91.827167575
2026-06-22T19:00:00Z,2461214.291666667,42163.715992,421400.933564,45.571293253,8.690776022,28.690776022,0.236226267,20.000000000,0.011023395139,0.909335255773,90.933525577
2026-06-22T20:00:00Z,2461214.333333333,42163.277472,413236.263750,59.090542882,8.690867111,28.690867111,0.240893623,20.000000000,0.000000000000,0.908457660244,90.845766024
2026-06-22T21:00:00Z,2461214.375000000,42162.910332,403765.049690,72.916122448,8.690943374,28.690943374,0.246544357,20.000000000,0.000000000000,0.908457340739,90.845734074
2026-06-22T22:00:00Z,2461214.416666667,42162.639061,393539.638222,87.079788064,8.690999723,28.690999723,0.252950405,20.000000000,0.000000000000,0.908457104660,90.845710466
2026-06-22T23:00:00Z,2461214.458333333,42162.482313,383198.612660,101.603546117,8.691032284,28.691032284,0.259776589,20.000000000,0.000000000000,0.908456968245,90.845696825
2026-06-23T00:00:00Z,2461214.500000000,42162.451570,373439.066809,116.479103266,8.691038670,28.691038670,0.266565701,20.000000000,0.000000000000,0.908456941490,90.845694149
2026-06-23T01:00:00Z,2461214.541666667,42162.550187,364973.294288,131.635283079,8.691018185,28.691018185,0.272748897,20.000000000,0.000000000000,0.908457027315,90.845702732
2026-06-23T02:00:00Z,2461214.583333333,42162.772901,358468.433186,146.848785762,8.690971921,28.690971921,0.277698307,20.000000000,0.000000000000,0.908457221137,90.845722114
2026-06-23T03:00:00Z,2461214.625000000,42163.105891,354473.428949,161.276083506,8.690902752,28.690902752,0.280828061,20.000000000,0.000000000000,0.908457510926,90.845751093
2026-06-23T04:00:00Z,2461214.666666667,42163.527449,353345.920499,169.107516137,8.690815186,28.690815186,0.281724176,20.000000000,0.000000000000,0.908457877784,90.845787778
2026-06-23T05:00:00Z,2461214.708333333,42164.009223,355198.005526,159.732745049,8.690715114,28.690715114,0.280255189,20.000000000,0.000000000000,0.908458297035,90.845829703
2026-06-23T06:00:00Z,2461214.750000000,42164.518003,359878.392584,145.138646861,8.690609436,28.690609436,0.276610311,20.000000000,0.000000000000,0.908458739775,90.845873977
2026-06-23T07:00:00Z,2461214.791666667,42165.017914,366997.260564,129.958002249,8.690505602,28.690505602,0.271244693,20.000000000,0.000000000000,0.908459174784,90.845917478
2026-06-23T08:00:00Z,2461214.833333333,42165.472902,375985.029950,114.892630751,8.690411101,28.690411101,0.264760652,20.000000000,0.000000000000,0.908459570693,90.845957069
2026-06-23T09:00:00Z,2461214.875000000,42165.849331,386166.561669,100.139059846,8.690332918,28.690332918,0.257780018,20.000000000,0.000000000000,0.908459898236,90.845989824
2026-06-23T10:00:00Z,2461214.916666667,42166.118520,396832.541553,85.761893785,8.690277009,28.690277009,0.250851417,20.000000000,0.000000000000,0.908460132462,90.846013246
2026-06-23T11:00:00Z,2461214.958333333,42166.259007,407296.915146,71.772906598,8.690247832,28.690247832,0.244406440,20.000000000,0.000000000000,0.908460254701,90.846025470
2026-06-23T12:00:00Z,2461215.000000000,42166.258360,416937.257314,58.165573318,8.690247966,28.690247966,0.238755289,20.000000000,0.000000000000,0.908460254138,90.846025414
2026-06-23T13:00:00Z,2461215.041666667,42166.114341,425220.175809,44.947169898,8.690277877,28.690277877,0.234104518,20.000000000,0.014442859528,0.909609455068,90.960945507
2026-06-23T14:00:00Z,2461215.083333333,42165.835289,431715.800637,32.205775340,8.690335835,28.690335835,0.230582147,20.000000000,0.124774532446,0.918389127823,91.838912782
2026-06-23T15:00:00Z,2461215.125000000,42165.439653,436105.281275,20.378228908,8.690418007,28.690418007,0.228261282,20.000000000,0.260965211005,0.929226493415,92.922649341
2026-06-23T16:00:00Z,2461215.166666667,42164.954690,438184.254573,11.923887865,8.690518734,28.690518734,0.227178287,20.000000000,0.356271002456,0.936810265329,93.681026533
2026-06-23T17:00:00Z,2461215.208333333,42164.414428,437864.199746,14.569330542,8.690630949,28.690630949,0.227344342,20.000000000,0.328673742242,0.934613675015,93.461367502
2026-06-23T18:00:00Z,2461215.250000000,42163.857077,435172.738900,25.026932773,8.690746717,28.690746717,0.228750431,20.000000000,0.205735101469,0.924830043818,92.483004382
2026-06-23T19:00:00Z,2461215.291666667,42163.321886,430253.283762,37.304453029,8.690857885,28.690857885,0.231365946,20.000000000,0.073640504352,0.914317824035,91.431782403
2026-06-23T20:00:00Z,2461215.333333333,42162.826634,423363.874758,50.214654800,8.690960760,28.690960760,0.235130989,20.000000000,0.000000000000,0.908457267899,90.845726790
2026-06-23T21:00:00Z,2461215.375000000,42162.407495,414874.595190,63.523630797,8.691047826,28.691047826,0.239942333,20.000000000,0.000000000000,0.908456903132,90.845690313
2026-06-23T22:00:00Z,2461215.416666667,42162.122480,405261.699436,77.180891346,8.691107032,28.691107032,0.245633852,20.000000000,0.000000000000,0.908456655085,90.845665509
2026-06-23T23:00:00Z,2461215.458333333,42161.996976,395096.581277,91.175029107,8.691133103,28.691133103,0.251953605,20.000000000,0.000000000000,0.908456545859,90.845654586
2026-06-24T00:00:00Z,2461215.500000000,42162.016746,385026.394839,105.483769574,8.691128996,28.691128996,0.258543379,20.000000000,0.000000000000,0.908456563065,90.845656306
2026-06-24T01:00:00Z,2461215.541666667,42162.179662,375741.927663,120.033179273,8.691095153,28.691095153,0.264931951,20.000000000,0.000000000000,0.908456704852,90.845670485
2026-06-24T02:00:00Z,2461215.583333333,42162.476221,367930.060233,134.622029241,8.691033549,28.691033549,0.270557011,20.000000000,0.000000000000,0.908456962944,90.845696294
2026-06-24T03:00:00Z,2461215.625000000,42162.888397,362211.023258,148.682512506,8.690947930,28.690947930,0.274828933,20.000000000,0.000000000000,0.908457321650,90.845732165
2026-06-24T04:00:00Z,2461215.666666667,42163.390486,359067.060565,160.175078356,8.690843636,28.690843636,0.277235332,20.000000000,0.000000000000,0.908457758593,90.845775859
2026-06-24T05:00:00Z,2461215.708333333,42163.950422,358776.625636,162.251676304,8.690727328,28.690727328,0.277459760,20.000000000,0.000000000000,0.908458245865,90.845824587
2026-06-24T06:00:00Z,2461215.750000000,42164.531555,361372.205191,152.644656662,8.690606621,28.690606621,0.275466872,20.000000000,0.000000000000,0.908458751567,90.845875157
2026-06-24T07:00:00Z,2461215.791666667,42165.094808,366635.580767,139.055209656,8.690489631,28.690489631,0.271512273,20.000000000,0.000000000000,0.908459241694,90.845924169
2026-06-24T08:00:00Z,2461215.833333333,42165.601132,374132.177636,124.606193241,8.690384468,28.690384468,0.266071862,20.000000000,0.000000000000,0.908459682270,90.845968227
2026-06-24T09:00:00Z,2461215.875000000,42166.014092,383272.975358,110.108598131,8.690298698,28.690298698,0.259726186,20.000000000,0.000000000000,0.908460041598,90.846004160
2026-06-24T10:00:00Z,2461215.916666667,42166.302453,393386.036323,95.836371985,8.690238808,28.690238808,0.253049172,20.000000000,0.000000000000,0.908460292503,90.846029250
2026-06-24T11:00:00Z,2461215.958333333,42166.442549,403782.072072,81.897216354,8.690209712,28.690209712,0.246533963,20.000000000,0.000000000000,0.908460414400,90.846041440
2026-06-24T12:00:00Z,2461216.000000000,42166.420273,413805.646231,68.337783509,8.690214338,28.690214338,0.240562159,20.000000000,0.000000000000,0.908460395018,90.846039502
2026-06-24T13:00:00Z,2461216.041666667,42166.232501,422870.505808,55.196314837,8.690253337,28.690253337,0.235405322,20.000000000,0.000000000000,0.908460231638,90.846023164
2026-06-24T14:00:00Z,2461216.083333333,42165.887790,430481.580141,42.561912548,8.690324930,28.690324930,0.231243245,20.000000000,0.029888399092,0.910838374928,91.083837493
2026-06-24T15:00:00Z,2461216.125000000,42165.406244,436247.465699,30.717498550,8.690424946,28.690424946,0.228186885,20.000000000,0.140865570488,0.919669238618,91.966923862
2026-06-24T16:00:00Z,2461216.166666667,42164.818489,439886.873242,20.667043565,8.690547023,28.690547023,0.226298970,20.000000000,0.257519827032,0.928951777959,92.895177796
2026-06-24T17:00:00Z,2461216.208333333,42164.163787,441231.588712,15.889218715,8.690683010,28.690683010,0.225609288,20.000000000,0.313797137216,0.933429614295,93.342961430
2026-06-24T18:00:00Z,2461216.250000000,42163.487370,440227.559055,20.392160728,8.690823511,28.690823511,0.226123839,20.000000000,0.260804344373,0.929211993199,92.921199320
2026-06-24T19:00:00Z,2461216.291666667,42162.837194,436934.948581,30.321874502,8.690958566,28.690958566,0.227827849,20.000000000,0.145221372341,0.920013626715,92.001362672
2026-06-24T20:00:00Z,2461216.333333333,42162.260349,431527.405793,42.084613017,8.691078392,28.691078392,0.230682814,20.000000000,0.033370610092,0.911112323848,91.111232385
2026-06-24T21:00:00Z,2461216.375000000,42161.799415,424290.239060,54.628244965,8.691174143,28.691174143,0.234617619,20.000000000,0.000000000000,0.908456373920,90.845637392
2026-06-24T22:00:00Z,2461216.416666667,42161.489086,415616.609377,67.651135284,8.691238609,28.691238609,0.239513954,20.000000000,0.000000000000,0.908456103833,90.845610383
2026-06-24T23:00:00Z,2461216.458333333,42161.353339,406000.123776,81.049174238,8.691266809,28.691266809,0.245187096,20.000000000,0.000000000000,0.908455985688,90.845598569
2026-06-25T00:00:00Z,2461216.500000000,42161.403422,396021.356798,94.764745297,8.691256405,28.691256405,0.251365248,20.000000000,0.000000000000,0.908456029277,90.845602928
2026-06-25T01:00:00Z,2461216.541666667,42161.636824,386325.045331,108.720758957,8.691207919,28.691207919,0.257674267,20.000000000,0.000000000000,0.908456232414,90.845623241
2026-06-25T02:00:00Z,2461216.583333333,42162.037348,377584.549511,122.755618985,8.691124716,28.691124716,0.263639068,20.000000000,0.000000000000,0.908456580995,90.845658099
2026-06-25T03:00:00Z,2461216.625000000,42162.576274,370451.596643,136.490139453,8.691012766,28.691012766,0.268715409,20.000000000,0.000000000000,0.908457050018,90.845705002
2026-06-25T04:00:00Z,2461216.666666667,42163.212153,365493.283050,148.921259969,8.690880679,28.690880679,0.272360853,20.000000000,0.000000000000,0.908457603401,90.845760340
2026-06-25T05:00:00Z,2461216.708333333,42163.894072,363124.748441,157.123377191,8.690739033,28.690739033,0.274137380,20.000000000,0.000000000000,0.908458196828,90.845819683
2026-06-25T06:00:00Z,2461216.750000000,42164.585140,363551.846577,155.927756880,8.690595491,28.690595491,0.273815323,20.000000000,0.000000000000,0.908458798196,90.845879820
2026-06-25T07:00:00Z,2461216.791666667,42165.241012,366740.284346,146.370022931,8.690459264,28.690459264,0.271434756,20.000000000,0.000000000000,0.908459368914,90.845936891
2026-06-25T08:00:00Z,2461216.833333333,42165.805332,372421.850481,133.547684891,8.690342056,28.690342056,0.267293791,20.000000000,0.000000000000,0.908459859951,90.845985995
2026-06-25T09:00:00Z,2461216.875000000,42166.240050,380134.100015,119.774410387,8.690251769,28.690251769,0.261870834,20.000000000,0.000000000000,0.908460238206,90.846023821
2026-06-25T10:00:00Z,2461216.916666667,42166.518923,389282.663948,105.846192524,8.690193850,28.690193850,0.255716545,20.000000000,0.000000000000,0.908460480853,90.846048085
2026-06-25T11:00:00Z,2461216.958333333,42166.625948,399208.838826,92.077022507,8.690171622,28.690171622,0.249358210,20.000000000,0.000000000000,0.908460573974,90.846057397
2026-06-25T12:00:00Z,2461217.000000000,42166.554364,409249.370350,78.610071048,8.690186489,28.690186489,0.243240414,20.000000000,0.000000000000,0.908460511690,90.846051169
2026-06-25T13:00:00Z,2461217.041666667,42166.279206,418782.313635,65.529061030,8.690243636,28.690243636,0.237703383,20.000000000,0.000000000000,0.908460272276,90.846027228
2026-06-25T14:00:00Z,2461217.083333333,42165.842552,427257.720612,52.926274640,8.690334326,28.690334326,0.232988093,20.000000000,0.000000000000,0.908459892337,90.845989234
2026-06-25T15:00:00Z,2461217.125000000,42165.320997,434216.788462,40.992654009,8.690442651,28.690442651,0.229254040,20.000000000,0.041734903635,0.911780596620,91.178059662
2026-06-25T16:00:00Z,2461217.166666667,42164.731793,439303.333354,30.237338629,8.690565030,28.690565030,0.226599571,20.000000000,0.146149703219,0.920089149659,92.008914966
2026-06-25T17:00:00Z,2461217.208333333,42164.087958,442269.740301,22.138227423,8.690698760,28.690698760,0.225079707,20.000000000,0.239964273746,0.927554115717,92.755411572
2026-06-25T18:00:00Z,2461217.250000000,42163.428826,442979.185001,20.006570911,8.690835671,28.690835671,0.224719233,20.000000000,0.265404281695,0.929577993634,92.957799363
2026-06-25T19:00:00Z,2461217.291666667,42162.796528,441406.593188,25.349746798,8.690967013,28.690967013,0.225519840,20.000000000,0.201950285261,0.924527934778,92.452793478
2026-06-25T20:00:00Z,2461217.333333333,42162.233049,437638.492078,34.932486848,8.691084063,28.691084063,0.227461594,20.000000000,0.096576828014,0.916142091097,91.614209110
2026-06-25T21:00:00Z,2461217.375000000,42161.777631,431871.910631,46.275879609,8.691178668,28.691178668,0.230498797,20.000000000,0.007537206293,0.909056146780,90.905614678
2026-06-25T22:00:00Z,2461217.416666667,42161.463861,424411.923577,58.470330543,8.691243850,28.691243850,0.234550350,20.000000000,0.000000000000,0.908456081879,90.845608188
2026-06-25T23:00:00Z,2461217.458333333,42161.316726,415666.823548,71.189954306,8.691274415,28.691274415,0.239485019,20.000000000,0.000000000000,0.908455953823,90.845595382
2026-06-26T00:00:00Z,2461217.500000000,42161.350019,406139.188878,84.292644448,8.691267499,28.691267499,0.245103141,20.000000000,0.000000000000,0.908455982799,90.845598280
2026-06-26T01:00:00Z,2461217.541666667,42161.564494,396410.327240,97.678872396,8.691222944,28.691222944,0.251118599,20.000000000,0.000000000000,0.908456169463,90.845616946
2026-06-26T02:00:00Z,2461217.583333333,42161.947097,387114.987998,111.215307541,8.691143464,28.691143464,0.257148456,20.000000000,0.000000000000,0.908456502449,90.845650245
2026-06-26T03:00:00Z,2461217.625000000,42162.471460,378903.455023,124.646645943,8.691034538,28.691034538,0.262721374,20.000000000,0.000000000000,0.908456958800,90.845695880
2026-06-26T04:00:00Z,2461217.666666667,42163.099679,372390.051191,137.409234964,8.690904042,28.690904042,0.267316616,20.000000000,0.000000000000,0.908457505520,90.845750552
2026-06-26T05:00:00Z,2461217.708333333,42163.785293,368091.380671,148.129649588,8.690761627,28.690761627,0.270438435,20.000000000,0.000000000000,0.908458102167,90.845810217
2026-06-26T06:00:00Z,2461217.750000000,42164.476954,366363.647351,153.660743917,8.690617962,28.690617962,0.271713804,20.000000000,0.000000000000,0.908458704054,90.845870405
2026-06-26T07:00:00Z,2461217.791666667,42165.126684,367353.383952,150.708410592,8.690483010,28.690483010,0.270981738,20.000000000,0.000000000000,0.908459269431,90.845926943
2026-06-26T08:00:00Z,2461217.833333333,42165.693573,370976.119563,141.250077944,8.690365268,28.690365268,0.268335470,20.000000000,0.000000000000,0.908459762707,90.845976271
2026-06-26T09:00:00Z,2461217.875000000,42166.141102,376929.492190,128.990261365,8.690272319,28.690272319,0.264097243,20.000000000,0.000000000000,0.908460152110,90.846015211
2026-06-26T10:00:00Z,2461217.916666667,42166.438576,384736.680452,115.770818187,8.690210537,28.690210537,0.258738069,20.000000000,0.000000000000,0.908460410943,90.846041094
2026-06-26T11:00:00Z,2461217.958333333,42166.563194,393807.160772,102.337991169,8.690184656,28.690184656,0.252778568,20.000000000,0.000000000000,0.908460519372,90.846051937
2026-06-26T12:00:00Z,2461218.000000000,42166.502510,403499.830501,89.021375258,8.690197259,28.690197259,0.246706411,20.000000000,0.000000000000,0.908460466572,90.846046657
2026-06-26T13:00:00Z,2461218.041666667,42166.256767,413177.583328,75.989774043,8.690248297,28.690248297,0.240927835,20.000000000,0.000000000000,0.908460252752,90.846025275
2026-06-26T14:00:00Z,2461218.083333333,42165.839726,422248.665030,63.360930770,8.690334913,28.690334913,0.235752002,20.000000000,0.000000000000,0.908459889879,90.845988988
2026-06-26T15:00:00Z,2461218.125000000,42165.281980,430194.907508,51.279656690,8.690450755,28.690450755,0.231397342,20.000000000,0.000000000000,0.908459404563,90.845940456
2026-06-26T16:00:00Z,2461218.166666667,42164.639203,436587.202128,40.037001535,8.690584262,28.690584262,0.228009318,20.000000000,0.049497303374,0.912397715492,91.239771549
2026-06-26T17:00:00Z,2461218.208333333,42163.951485,441098.354555,30.337410829,8.690727107,28.690727107,0.225677434,20.000000000,0.145047242345,0.920000739591,92.000073959
2026-06-26T18:00:00Z,2461218.250000000,42163.250816,443508.582570,23.900702877,8.690872648,28.690872648,0.224450993,20.000000000,0.219019776556,0.925886677084,92.588667708
2026-06-26T19:00:00Z,2461218.291666667,42162.580874,443705.967102,23.448114619,8.691011810,28.691011810,0.224351145,20.000000000,0.224385193978,0.926313060411,92.631306041
2026-06-26T20:00:00Z,2461218.333333333,42161.984279,441687.530929,29.243093812,8.691135740,28.691135740,0.225376396,20.000000000,0.157224092686,0.920968030571,92.096803057
2026-06-26T21:00:00Z,2461218.375000000,42161.506600,437559.129937,38.615546718,8.691234971,28.691234971,0.227502850,20.000000000,0.061725122320,0.913368048241,91.336804824
2026-06-26T22:00:00Z,2461218.416666667,42161.189813,431534.283566,49.660064820,8.691300780,28.691300780,0.230679137,20.000000000,0.000000000000,0.908455843365,90.845584336
2026-06-26T23:00:00Z,2461218.458333333,42161.057075,423931.617385,61.578164261,8.691328355,28.691328355,0.234816093,20.000000000,0.000000000000,0.908455727837,90.845572784
2026-06-27T00:00:00Z,2461218.500000000,42161.107408,415169.160554,74.040368717,8.691317899,28.691317899,0.239772091,20.000000000,0.000000000000,0.908455771644,90.845577164
2026-06-27T01:00:00Z,2461218.541666667,42161.336123,405753.617734,86.880444871,8.691270386,28.691270386,0.245336054,20.000000000,0.000000000000,0.908455970704,90.845597070
2026-06-27T02:00:00Z,2461218.583333333,42161.728222,396263.450942,99.965607559,8.691188932,28.691188932,0.251211678,20.000000000,0.000000000000,0.908456311959,90.845631196
2026-06-27T03:00:00Z,2461218.625000000,42162.259017,387321.771781,113.113657456,8.691078669,28.691078669,0.257011169,20.000000000,0.000000000000,0.908456773913,90.845677391
2026-06-27T04:00:00Z,2461218.666666667,42162.895256,379556.891217,125.986321764,8.690946505,28.690946505,0.262269075,20.000000000,0.000000000000,0.908457327619,90.845732762
2026-06-27T05:00:00Z,2461218.708333333,42163.596627,373550.402999,137.865629558,8.690800816,28.690800816,0.266486250,20.000000000,0.000000000000,0.908457937985,90.845793799
2026-06-27T06:00:00Z,2461218.750000000,42164.317708,369777.108008,147.138824191,8.690651039,28.690651039,0.269205560,20.000000000,0.000000000000,0.908458565479,90.845856548
2026-06-27T07:00:00Z,2461218.791666667,42165.010415,368546.719470,150.795718038,8.690507159,28.690507159,0.270104306,20.000000000,0.000000000000,0.908459168259,90.845916826
2026-06-27T08:00:00Z,2461218.833333333,42165.626945,369961.169150,146.813420583,8.690379106,28.690379106,0.269071626,20.000000000,0.000000000000,0.908459704732,90.845970473
2026-06-27T09:00:00Z,2461218.875000000,42166.123074,373899.900001,137.386830573,8.690276064,28.690276064,0.266237155,20.000000000,0.000000000000,0.908460136424,90.846013642
2026-06-27T10:00:00Z,2461218.916666667,42166.461592,380037.828669,125.479025135,8.690205757,28.690205757,0.261937172,20.000000000,0.000000000000,0.908460430969,90.846043097
2026-06-27T11:00:00Z,2461218.958333333,42166.615544,387890.315087,112.644177175,8.690173783,28.690173783,0.256634456,20.000000000,0.000000000000,0.908460564922,90.846056492
2026-06-27T12:00:00Z,2461219.000000000,42166.570899,396872.293343,99.574931613,8.690183055,28.690183055,0.250826291,20.000000000,0.000000000000,0.908460526077,90.846052608
2026-06-27T13:00:00Z,2461219.041666667,42166.343758,406357.906778,86.601559867,8.690230230,28.690230230,0.244971216,20.000000000,0.000000000000,0.908460328442,90.846032844
2026-06-27T14:00:00Z,2461219.083333333,42165.963456,415731.257801,73.907881780,8.690309215,28.690309215,0.239447901,20.000000000,0.000000000000,0.908459997538,90.845999754
2026-06-27T15:00:00Z,2461219.125000000,42165.433076,424424.455465,61.636921676,8.690419373,28.690419373,0.234543425,20.000000000,0.000000000000,0.908459536038,90.845953604
2026-06-27T16:00:00Z,2461219.166666667,42164.765890,431943.378747,49.976901552,8.690557948,28.690557948,0.230460659,20.000000000,0.000000000000,0.908458955481,90.845895548
2026-06-27T17:00:00Z,2461219.208333333,42164.000663,437883.755567,39.296160103,8.690716892,28.690716892,0.227334189,20.000000000,0.055772195019,0.912896499848,91.289649985
2026-06-27T18:00:00Z,2461219.250000000,42163.211560,441940.482007,30.439147556,8.690880802,28.690880802,0.225247398,20.000000000,0.143928160334,0.919911041968,91.991104197
2026-06-27T19:00:00Z,2461219.291666667,42162.469930,443912.736986,25.222645360,8.691034856,28.691034856,0.224246644,20.000000000,0.203441340800,0.924646304978,92.464630498
2026-06-27T20:00:00Z,2461219.333333333,42161.824297,443706.424961,25.860173285,8.691168974,28.691168974,0.224350913,20.000000000,0.195984368520,0.924052336084,92.405233608
2026-06-27T21:00:00Z,2461219.375000000,42161.310578,441334.947159,32.005278632,8.691275692,28.691275692,0.225556451,20.000000000,0.126926751743,0.918556458446,91.855645845
2026-06-27T22:00:00Z,2461219.416666667,42160.954571,436918.854685,41.321002967,8.691349650,28.691349650,0.227836241,20.000000000,0.039167347954,0.911572477139,91.157247714
2026-06-27T23:00:00Z,2461219.458333333,42160.777375,430684.273008,52.215411257,8.691386461,28.691386461,0.231134415,20.000000000,0.000000000000,0.908455484397,90.845548440
2026-06-28T00:00:00Z,2461219.500000000,42160.794203,422959.722008,63.974904724,8.691382965,28.691382965,0.235355666,20.000000000,0.000000000000,0.908455499044,90.845549904
2026-06-28T01:00:00Z,2461219.541666667,42161.009165,414170.013060,76.279879226,8.691338308,28.691338308,0.240350523,20.000000000,0.000000000000,0.908455686138,90.845568614
2026-06-28T02:00:00Z,2461219.583333333,42161.414320,404825.076447,88.953065835,8.691254141,28.691254141,0.245898781,20.000000000,0.000000000000,0.908456038762,90.845603876
2026-06-28T03:00:00Z,2461219.625000000,42161.985853,395501.571978,101.840454288,8.691135413,28.691135413,0.251695605,20.000000000,0.000000000000,0.908456536179,90.845653618
2026-06-28T04:00:00Z,2461219.666666667,42162.682275,386814.426578,114.724883235,8.690990747,28.690990747,0.257348266,20.000000000,0.000000000000,0.908457142268,90.845714227
2026-06-28T05:00:00Z,2461219.708333333,42163.448787,379376.254910,127.206027846,8.690831525,28.690831525,0.262393953,20.000000000,0.000000000000,0.908457809330,90.845780933
2026-06-28T06:00:00Z,2461219.750000000,42164.235621,373745.363514,138.450957867,8.690668089,28.690668089,0.266347240,20.000000000,0.000000000000,0.908458494048,90.845849405
2026-06-28T07:00:00Z,2461219.791666667,42164.986518,370366.782438,146.690439801,8.690512123,28.690512123,0.268776945,20.000000000,0.000000000000,0.908459147464,90.845914746
2026-06-28T08:00:00Z,2461219.833333333,42165.648770,369516.751403,149.069899002,8.690374574,28.690374574,0.269395240,20.000000000,0.000000000000,0.908459723722,90.845972372
2026-06-28T09:00:00Z,2461219.875000000,42166.180172,371264.534538,144.325996021,8.690264205,28.690264205,0.268127013,20.000000000,0.000000000000,0.908460186106,90.846018611
2026-06-28T10:00:00Z,2461219.916666667,42166.545828,375462.449830,134.763514929,8.690188262,28.690188262,0.265129156,20.000000000,0.000000000000,0.908460504262,90.846050426
2026-06-28T11:00:00Z,2461219.958333333,42166.719610,381767.321144,122.966890777,8.690152170,28.690152170,0.260750529,20.000000000,0.000000000000,0.908460655468,90.846065547
2026-06-28T12:00:00Z,2461220.000000000,42166.686429,389686.699039,110.307411264,8.690159061,28.690159061,0.255451411,20.000000000,0.000000000000,0.908460626597,90.846062660
2026-06-28T13:00:00Z,2461220.041666667,42166.444728,398637.059720,97.424731242,8.690209259,28.690209259,0.249715876,20.000000000,0.000000000000,0.908460416297,90.846041630
2026-06-28T14:00:00Z,2461220.083333333,42166.009839,408001.184681,84.637383366,8.690299582,28.690299582,0.243984557,20.000000000,0.000000000000,0.908460037897,90.846003790
2026-06-28T15:00:00Z,2461220.125000000,42165.420275,417176.232218,72.132228745,8.690422031,28.690422031,0.238618520,20.000000000,0.000000000000,0.908459524900,90.845952490
2026-06-28T16:00:00Z,2461220.166666667,42164.712484,425609.506438,60.065482288,8.690569041,28.690569041,0.233890367,20.000000000,0.000000000000,0.908458909008,90.845890901
2026-06-28T17:00:00Z,2461220.208333333,42163.925191,432822.970139,48.652937245,8.690732569,28.690732569,0.229992310,20.000000000,0.000014933498,0.908459412278,90.845941228
2026-06-28T18:00:00Z,2461220.250000000,42163.119122,438428.265613,38.319791977,8.690900003,28.690900003,0.227051848,20.000000000,0.064359097969,0.913579056727,91.357905673
2026-06-28T19:00:00Z,2461220.291666667,42162.365476,442135.547260,30.018244411,8.691056554,28.691056554,0.225148021,20.000000000,0.148579854880,0.920280475738,92.028047574
2026-06-28T20:00:00Z,2461220.333333333,42161.726255,443758.406228,25.648330205,8.691189341,28.691189341,0.224324633,20.000000000,0.198458597930,0.924249143677,92.424914368
2026-06-28T21:00:00Z,2461220.375000000,42161.253876,443216.213048,27.117432728,8.691287472,28.691287472,0.224599054,20.000000000,0.181405355764,0.922891678658,92.289167866
2026-06-28T22:00:00Z,2461220.416666667,42160.985905,440534.979065,33.685036182,8.691343140,28.691343140,0.225966042,20.000000000,0.109262411532,0.917150492338,91.715049234
2026-06-28T23:00:00Z,2461220.458333333,42160.941501,435847.078582,43.140160743,8.691352365,28.691352365,0.228396508,20.000000000,0.025843791225,0.910512210806,91.051221081
2026-06-29T00:00:00Z,2461220.500000000,42161.119963,429389.708723,54.069880317,8.691315291,28.691315291,0.231831264,20.000000000,0.000000000000,0.908455782571,90.845578257
2026-06-29T01:00:00Z,2461220.541666667,42161.501535,421501.445449,65.831630439,8.691236023,28.691236023,0.236169936,20.000000000,0.000000000000,0.908456114668,90.845611467
2026-06-29T02:00:00Z,2461220.583333333,42162.050238,412615.656654,78.127221989,8.691122039,28.691122039,0.241255948,20.000000000,0.000000000000,0.908456592213,90.845659221
2026-06-29T03:00:00Z,2461220.625000000,42162.718266,403248.847426,90.782228733,8.690983270,28.690983270,0.246859962,20.000000000,0.000000000000,0.908457173590,90.845717359
2026-06-29T04:00:00Z,2461220.666666667,42163.451291,393981.379434,103.635387957,8.690831005,28.690831005,0.252666789,20.000000000,0.000000000000,0.908457811509,90.845781151
2026-06-29T05:00:00Z,2461220.708333333,42164.193919,385427.807253,116.450659209,8.690676751,28.690676751,0.258274111,20.000000000,0.000000000000,0.908458457758,90.845845776
2026-06-29T06:00:00Z,2461220.750000000,42164.894606,378194.978661,128.786158091,8.690531213,28.690531213,0.263213536,20.000000000,0.000000000000,0.908459067486,90.845906749
2026-06-29T07:00:00Z,2461220.791666667,42165.509483,372828.791677,139.717299541,8.690403503,28.690403503,0.267002039,20.000000000,0.000000000000,0.908459602523,90.845960252
2026-06-29T08:00:00Z,2461220.833333333,42166.004761,369755.210217,147.311124996,8.690300636,28.690300636,0.269221504,20.000000000,0.000000000000,0.908460033478,90.846003348
2026-06-29T09:00:00Z,2461220.875000000,42166.357654,369226.374786,148.710967828,8.690227344,28.690227344,0.269607107,20.000000000,0.000000000000,0.908460340533,90.846034053
2026-06-29T10:00:00Z,2461220.916666667,42166.556007,371285.258413,143.158004800,8.690186148,28.690186148,0.268112047,20.000000000,0.000000000000,0.908460513119,90.846051312
2026-06-29T11:00:00Z,2461220.958333333,42166.596991,375759.308889,133.191550781,8.690177636,28.690177636,0.264919696,20.000000000,0.000000000000,0.908460548779,90.846054878
2026-06-29T12:00:00Z,2461221.000000000,42166.485383,382285.077807,121.228496149,8.690200816,28.690200816,0.260397373,20.000000000,0.000000000000,0.908460451670,90.846045167
2026-06-29T13:00:00Z,2461221.041666667,42166.232969,390356.216953,108.507455557,8.690253240,28.690253240,0.255013272,20.000000000,0.000000000000,0.908460232044,90.846023204
2026-06-29T14:00:00Z,2461221.083333333,42165.858925,399382.126501,95.608881409,8.690330925,28.690330925,0.249250016,20.000000000,0.000000000000,0.908459906584,90.845990658
2026-06-29T15:00:00Z,2461221.125000000,42165.389732,408744.486916,82.825938163,8.690428375,28.690428375,0.243540868,20.000000000,0.000000000000,0.908459498323,90.845949832
2026-06-29T16:00:00Z,2461221.166666667,42164.857372,417843.996761,70.335123803,8.690538947,28.690538947,0.238237177,20.000000000,0.000000000000,0.908459035086,90.845903509
2026-06-29T17:00:00Z,2461221.208333333,42164.297067,426134.804869,58.291675894,8.690655326,28.690655326,0.233602048,20.000000000,0.000000000000,0.908458547518,90.845854752
2026-06-29T18:00:00Z,2461221.250000000,42163.744972,433147.627868,46.922918524,8.690770003,28.690770003,0.229819922,20.000000000,0.004735372400,0.908834896042,90.883489604
2026-06-29T19:00:00Z,2461221.291666667,42163.235959,438504.133866,36.693969526,8.690875734,28.690875734,0.227012564,20.000000000,0.079383183414,0.914774737137,91.477473714
2026-06-29T20:00:00Z,2461221.333333333,42162.801612,441925.321376,28.668490565,8.690965957,28.690965957,0.225255126,20.000000000,0.163692478256,0.921483479655,92.148347965
2026-06-29T21:00:00Z,2461221.375000000,42162.468509,443236.099504,24.929229027,8.691035151,28.691035151,0.224588977,20.000000000,0.206887108815,0.924920509247,92.492050925
2026-06-29T22:00:00Z,2461221.416666667,42162.256849,442367.581376,27.254071305,8.691079119,28.691079119,0.225029924,20.000000000,0.179829528007,0.922767151175,92.276715117
2026-06-29T23:00:00Z,2461221.458333333,42162.179451,439357.961314,34.465141930,8.691095197,28.691095197,0.226571396,20.000000000,0.101281932875,0.916516464799,91.651646480
2026-06-30T00:00:00Z,2461221.500000000,42162.241145,434352.298528,44.305917793,8.691082381,28.691082381,0.229182516,20.000000000,0.018253979259,0.909909363875,90.990936388
2026-06-30T01:00:00Z,2461221.541666667,42162.438562,427601.027666,55.484742239,8.691041372,28.691041372,0.232801034,20.000000000,0.000000000000,0.908456930169,90.845693017
2026-06-30T02:00:00Z,2461221.583333333,42162.760307,419456.481631,67.435424449,8.690974537,28.690974537,0.237321334,20.000000000,0.000000000000,0.908457210177,90.845721018
2026-06-30T03:00:00Z,2461221.625000000,42163.187533,410366.081103,79.896379340,8.690885793,28.690885793,0.242578491,20.000000000,0.000000000000,0.908457581975,90.845758197
2026-06-30T04:00:00Z,2461221.666666667,42163.694872,400860.123691,92.710462934,8.690780409,28.690780409,0.248331009,20.000000000,0.000000000000,0.908458023480,90.845802348
2026-06-30T05:00:00Z,2461221.708333333,42164.251725,391531.455982,105.723134833,8.690664744,28.690664744,0.254247807,20.000000000,0.000000000000,0.908458508061,90.845850806
2026-06-30T06:00:00Z,2461221.750000000,42164.823879,383004.163952,118.694789188,8.690545904,28.690545904,0.259908476,20.000000000,0.000000000000,0.908459005941,90.845900594
2026-06-30T07:00:00Z,2461221.791666667,42165.375392,375889.502007,131.158012224,8.690431354,28.690431354,0.264827938,20.000000000,0.000000000000,0.908459485845,90.845948584
2026-06-30T08:00:00Z,2461221.833333333,42165.870703,370730.361812,142.094944564,8.690328479,28.690328479,0.268513351,20.000000000,0.000000000000,0.908459916832,90.845991683
2026-06-30T09:00:00Z,2461221.875000000,42166.276857,367940.674606,149.306729420,8.690244124,28.690244124,0.270549206,20.000000000,0.000000000000,0.908460270232,90.846027023
2026-06-30T10:00:00Z,2461221.916666667,42166.565724,367751.518547,149.689743761,8.690184130,28.690184130,0.270688366,20.000000000,0.000000000000,0.908460521574,90.846052157
2026-06-30T11:00:00Z,2461221.958333333,42166.716069,370177.911804,143.010109869,8.690152906,28.690152906,0.268914081,20.000000000,0.000000000000,0.908460652387,90.846065239
2026-06-30T12:00:00Z,2461222.000000000,42166.715304,375016.354130,132.289494114,8.690153064,28.690153064,0.265444540,20.000000000,0.000000000000,0.908460651721,90.846065172
2026-06-30T13:00:00Z,2461222.041666667,42166.560752,381873.890572,119.872672018,8.690185163,28.690185163,0.260677761,20.000000000,0.000000000000,0.908460517247,90.846051725
2026-06-30T14:00:00Z,2461222.083333333,42166.260274,390219.747130,106.862129436,8.690247569,28.690247569,0.255102457,20.000000000,0.000000000000,0.908460255803,90.846025580
2026-06-30T15:00:00Z,2461222.125000000,42165.832068,399445.700939,93.759251634,8.690336503,28.690336503,0.249210346,20.000000000,0.000000000000,0.908459883215,90.845988321
2026-06-30T16:00:00Z,2461222.166666667,42165.303714,408922.677431,80.814566044,8.690446241,28.690446241,0.243434743,20.000000000,0.000000000000,0.908459423475,90.845942347
2026-06-30T17:00:00Z,2461222.208333333,42164.714935,418047.572195,68.178881057,8.690568532,28.690568532,0.238121163,20.000000000,0.000000000000,0.908458911141,90.845891114
2026-06-30T18:00:00Z,2461222.250000000,42164.110190,426275.780750,55.991809128,8.690694142,28.690694142,0.233524792,20.000000000,0.000000000000,0.908458384897,90.845838490
2026-06-30T19:00:00Z,2461222.291666667,42163.532131,433142.658641,44.477118465,8.690814213,28.690814213,0.229822559,20.000000000,0.017208950500,0.909827326628,90.982732663
2026-06-30T20:00:00Z,2461222.333333333,42163.024466,438277.187783,34.131094595,8.690919665,28.690919665,0.227130115,20.000000000,0.104677540665,0.916787414079,91.678741408
2026-06-30T21:00:00Z,2461222.375000000,42162.610239,441410.241974,26.174147619,8.691005710,28.691005710,0.225517976,20.000000000,0.192324254033,0.923761757430,92.376175743
2026-06-30T22:00:00Z,2461222.416666667,42162.306379,442378.892425,23.075247292,8.691068830,28.691068830,0.225024170,20.000000000,0.228813785758,0.926665237658,92.666523766
2026-06-30T23:00:00Z,2461222.458333333,42162.132599,441128.398324,26.559386203,8.691104930,28.691104930,0.225662064,20.000000000,0.187852113654,0.923405460121,92.340546012
2026-07-01T00:00:00Z,2461222.500000000,42162.109595,437712.741903,34.741817456,8.691109708,28.691109708,0.227423009,20.000000000,0.098489750728,0.916294209208,91.629420921
2026-07-01T01:00:00Z,2461222.541666667,42162.241792,432293.841014,45.223426838,8.691082247,28.691082247,0.230273823,20.000000000,0.012896548079,0.909483033610,90.948303361
2026-07-01T02:00:00Z,2461222.583333333,42162.522494,425140.908671,56.851523127,8.691023937,28.691023937,0.234148167,20.000000000,0.000000000000,0.908457003214,90.845700321
2026-07-01T03:00:00Z,2461222.625000000,42162.936188,416626.865776,69.161059652,8.690938003,28.690938003,0.238933165,20.000000000,0.000000000000,0.908457363241,90.845736324
2026-07-01T04:00:00Z,2461222.666666667,42163.456739,407221.036260,81.945158555,8.690829874,28.690829874,0.244451982,20.000000000,0.000000000000,0.908457816249,90.845781625
2026-07-01T05:00:00Z,2461222.708333333,42164.048536,397476.112479,95.077665544,8.690706948,28.690706948,0.250445250,20.000000000,0.000000000000,0.908458331245,90.845833125
2026-07-01T06:00:00Z,2461222.750000000,42164.668800,388006.284901,108.423218480,8.690578114,28.690578114,0.256557751,20.000000000,0.000000000000,0.908458870995,90.845887100
2026-07-01T07:00:00Z,2461222.791666667,42165.270902,379453.478567,121.752091091,8.690453056,28.690453056,0.262340552,20.000000000,0.000000000000,0.908459394923,90.845939492
2026-07-01T08:00:00Z,2461222.833333333,42165.808377,372439.973821,134.583512634,8.690341424,28.690341424,0.267280784,20.000000000,0.000000000000,0.908459862601,90.845986260
2026-07-01T09:00:00Z,2461222.875000000,42166.239160,367509.271069,145.784260592,8.690251954,28.690251954,0.270866794,20.000000000,0.000000000000,0.908460237431,90.846023743
2026-07-01T10:00:00Z,2461222.916666667,42166.529513,365062.757846,152.683432077,8.690191651,28.690191651,0.272682055,20.000000000,0.000000000000,0.908460490067,90.846049007
2026-07-01T11:00:00Z,2461222.958333333,42166.657156,365305.382217,151.633068252,8.690165141,28.690165141,0.272500947,20.000000000,0.000000000000,0.908460601128,90.846060113
2026-07-01T12:00:00Z,2461223.000000000,42166.613213,368215.182510,143.322541176,8.690174267,28.690174267,0.270347507,20.000000000,0.000000000000,0.908460562894,90.846056289
2026-07-01T13:00:00Z,2461223.041666667,42166.402732,373546.257249,131.515511178,8.690217981,28.690217981,0.266489208,20.000000000,0.000000000000,0.908460379756,90.846037976
2026-07-01T14:00:00Z,2461223.083333333,42166.045416,380864.170224,118.425083351,8.690292193,28.690292193,0.261368856,20.000000000,0.000000000000,0.908460068853,90.846006885
2026-07-01T15:00:00Z,2461223.125000000,42165.603614,389602.898083,104.965520763,8.690383952,28.690383952,0.255506357,20.000000000,0.000000000000,0.908459684431,90.845968443
2026-07-01T16:00:00Z,2461223.166666667,42165.122106,399128.623612,91.530572210,8.690483961,28.690483961,0.249408326,20.000000000,0.000000000000,0.908459265448,90.845926545
2026-07-01T17:00:00Z,2461223.208333333,42164.606026,408796.120250,78.310340317,8.690591153,28.690591153,0.243510107,20.000000000,0.000000000000,0.908458816371,90.845881637
2026-07-01T18:00:00Z,2461223.250000000,42164.044401,417993.611976,65.418455044,8.690707807,28.690707807,0.238151903,20.000000000,0.000000000000,0.908458327646,90.845832765
2026-07-01T19:00:00Z,2461223.291666667,42163.449792,426175.024509,52.967726199,8.690831317,28.690831317,0.233580002,20.000000000,0.000000000000,0.908457810204,90.845781020
2026-07-01T20:00:00Z,2461223.333333333,42162.913251,432881.413515,41.163202935,8.690942767,28.690942767,0.229961258,20.000000000,0.040395486866,0.911671913986,91.167191399
2026-07-01T21:00:00Z,2461223.375000000,42162.479666,437752.135330,30.523936714,8.691032834,28.691032834,0.227402543,20.000000000,0.142997222872,0.919836323376,91.983632338
2026-07-01T22:00:00Z,2461223.416666667,42162.174815,440531.672981,22.514568358,8.691096160,28.691096160,0.225967737,20.000000000,0.235485021409,0.927196003223,92.719600322
2026-07-01T23:00:00Z,2461223.458333333,42162.014834,441073.286738,20.349965931,8.691129393,28.691129393,0.225690260,20.000000000,0.261311916114,0.929251102970,92.925110297
2026-07-02T00:00:00Z,2461223.500000000,42162.006282,439340.751607,25.546302585,8.691131170,28.691131170,0.226580272,20.000000000,0.199650975039,0.924344273744,92.434427374
2026-07-02T01:00:00Z,2461223.541666667,42162.146801,435408.994898,35.027638695,8.691101980,28.691101980,0.228626309,20.000000000,0.095626148230,0.916066363342,91.606636334
2026-07-02T02:00:00Z,2461223.583333333,42162.426024,429463.815644,46.334746839,8.691043977,28.691043977,0.231791260,20.000000000,0.007264894515,0.909035041194,90.903504119
2026-07-02T03:00:00Z,2461223.625000000,42162.826435,421800.338876,58.543225870,8.690960801,28.690960801,0.236002581,20.000000000,0.000000000000,0.908457267726,90.845726773
2026-07-02T04:00:00Z,2461223.666666667,42163.324056,412819.251888,71.322877880,8.690857434,28.690857434,0.241136964,20.000000000,0.000000000000,0.908457700783,90.845770078
2026-07-02T05:00:00Z,2461223.708333333,42163.889040,403019.116775,84.537187472,8.690740078,28.690740078,0.247000679,20.000000000,0.000000000000,0.908458192449,90.845819245
2026-07-02T06:00:00Z,2461223.750000000,42164.486459,392982.181656,98.101564956,8.690615988,28.690615988,0.253309224,20.000000000,0.000000000000,0.908458712325,90.845871232
2026-07-02T07:00:00Z,2461223.791666667,42165.075057,383350.410224,111.910298767,8.690493733,28.690493733,0.259673723,20.000000000,0.000000000000,0.908459224507,90.845922451
2026-07-02T08:00:00Z,2461223.833333333,42165.606965,374788.465885,125.757211702,8.690383256,28.690383256,0.265605943,20.000000000,0.000000000000,0.908459687346,90.845968735
2026-07-02T09:00:00Z,2461223.875000000,42166.054234,367931.424770,139.165230329,8.690290361,28.690290361,0.270556007,20.000000000,0.000000000000,0.908460076526,90.846007653
2026-07-02T10:00:00Z,2461223.916666667,42166.395299,363320.873308,150.855631858,8.690219525,28.690219525,0.273989396,20.000000000,0.000000000000,0.908460373289,90.846037329
2026-07-02T11:00:00Z,2461223.958333333,42166.609110,361338.316489,157.287537363,8.690175119,28.690175119,0.275492707,20.000000000,0.000000000000,0.908460559323,90.846055932
2026-07-02T12:00:00Z,2461224.000000000,42166.674786,362151.050727,153.927102292,8.690161479,28.690161479,0.274874445,20.000000000,0.000000000000,0.908460616467,90.846061647
2026-07-02T13:00:00Z,2461224.041666667,42166.576477,365686.312116,143.439394615,8.690181897,28.690181897,0.272217085,20.000000000,0.000000000000,0.908460530930,90.846053093
2026-07-02T14:00:00Z,2461224.083333333,42166.313254,371642.102907,130.344071879,8.690236565,28.690236565,0.267854608,20.000000000,0.000000000000,0.908460301901,90.846030190
2026-07-02T15:00:00Z,2461224.125000000,42165.905435,379530.898805,116.483884936,8.690321266,28.690321266,0.262287037,20.000000000,0.000000000000,0.908459947053,90.845994705
2026-07-02T16:00:00Z,2461224.166666667,42165.390211,388743.227399,102.515255229,8.690428276,28.690428276,0.256071390,20.000000000,0.000000000000,0.908459498740,90.845949874
2026-07-02T17:00:00Z,2461224.208333333,42164.815354,398614.240376,88.704038798,8.690547674,28.690547674,0.249730171,20.000000000,0.000000000000,0.908458998523,90.845899852
2026-07-02T18:00:00Z,2461224.250000000,42164.263696,408482.026072,75.168395650,8.690662257,28.690662257,0.243697350,20.000000000,0.000000000000,0.908458518478,90.845851848
2026-07-02T19:00:00Z,2461224.291666667,42163.660722,417728.292603,61.975446345,8.690787503,28.690787503,0.238303165,20.000000000,0.000000000000,0.908457993762,90.845799376
2026-07-02T20:00:00Z,2461224.333333333,42163.098076,425810.947400,49.197395299,8.690904375,28.690904375,0.233779719,20.000000000,0.000000000000,0.908457504124,90.845750412
2026-07-02T21:00:00Z,2461224.375000000,42162.625217,432281.132849,37.002359438,8.691002599,28.691002599,0.230280592,20.000000000,0.076468941537,0.914542297632,91.454229763
2026-07-02T22:00:00Z,2461224.416666667,42162.269366,436793.334319,25.914258547,8.691076519,28.691076519,0.227901715,20.000000000,0.195352296582,0.924002424742,92.400242474
2026-07-02T23:00:00Z,2461224.458333333,42162.048842,439111.162291,17.794731699,8.691122329,28.691122329,0.226698740,20.000000000,0.291646923292,0.931665115738,93.166511574
2026-07-03T00:00:00Z,2461224.500000000,42161.972915,439110.177537,17.295924563,8.691138101,28.691138101,0.226699248,20.000000000,0.297502635768,0.932131032451,93.213103245
2026-07-03T01:00:00Z,2461224.541666667,42162.042268,436779.218964,24.889338388,8.691123694,28.691123694,0.227909080,20.000000000,0.207357314048,0.924957556036,92.495755604
2026-07-03T02:00:00Z,2461224.583333333,42162.249882,432220.845514,35.832724873,8.691080566,28.691080566,0.230312713,20.000000000,0.087679770932,0.915434100440,91.543410044
2026-07-03T03:00:00Z,2461224.625000000,42162.582118,425650.954012,48.009630166,8.691011552,28.691011552,0.233867592,20.000000000,0.001139387929,0.908547724714,90.854772471
2026-07-03T04:00:00Z,2461224.666666667,42163.019831,417397.085861,60.829916972,8.690920628,28.690920628,0.238492261,20.000000000,0.000000000000,0.908457436032,90.845743603
2026-07-03T05:00:00Z,2461224.708333333,42163.539410,407894.276368,74.114855443,8.690812701,28.690812701,0.244048505,20.000000000,0.000000000000,0.908457888193,90.845788819
2026-07-03T06:00:00Z,2461224.750000000,42164.113694,397676.459727,87.802006206,8.690693414,28.690693414,0.250319076,20.000000000,0.000000000000,0.908458387946,90.845838795
2026-07-03T07:00:00Z,2461224.791666667,42164.712826,387360.473144,101.851510008,8.690568970,28.690568970,0.256985490,20.000000000,0.000000000000,0.908458909306,90.845890931
2026-07-03T08:00:00Z,2461224.833333333,42165.305112,377618.933077,116.193854439,8.690445950,28.690445950,0.263615062,20.000000000,0.000000000000,0.908459424691,90.845942469
2026-07-03T09:00:00Z,2461224.875000000,42165.858027,369138.454716,130.662553648,8.690331112,28.690331112,0.269671321,20.000000000,0.000000000000,0.908459905802,90.845990580
2026-07-03T10:00:00Z,2461224.916666667,42166.339475,362562.019494,144.818664493,8.690231119,28.690231119,0.274562869,20.000000000,0.000000000000,0.908460324716,90.846032472
2026-07-03T11:00:00Z,2461224.958333333,42166.719370,358419.647428,157.227791822,8.690152220,28.690152220,0.277736106,20.000000000,0.000000000000,0.908460655259,90.846065526
2026-07-03T12:00:00Z,2461225.000000000,42166.971526,357059.016440,162.615907887,8.690099851,28.690099851,0.278794473,20.000000000,0.000000000000,0.908460874654,90.846087465
2026-07-03T13:00:00Z,2461225.041666667,42167.075752,358593.456300,155.553853994,8.690078205,28.690078205,0.277601487,20.000000000,0.000000000000,0.908460965338,90.846096534
2026-07-03T14:00:00Z,2461225.083333333,42167.019955,362883.589110,142.645015481,8.690089793,28.690089793,0.274319563,20.000000000,0.000000000000,0.908460916791,90.846091679
2026-07-03T15:00:00Z,2461225.125000000,42166.801974,369558.948588,128.326414998,8.690135064,28.690135064,0.269364480,20.000000000,0.000000000000,0.908460727131,90.846072713
2026-07-03T16:00:00Z,2461225.166666667,42166.430857,378072.134750,113.771967731,8.690212140,28.690212140,0.263299060,20.000000000,0.000000000000,0.908460404227,90.846040423
2026-07-03T17:00:00Z,2461225.208333333,42165.861110,387768.590091,99.354302239,8.690330472,28.690330472,0.256715018,20.000000000,0.000000000000,0.908459908485,90.845990849
2026-07-03T18:00:00Z,2461225.250000000,42164.518816,397954.202940,85.214447312,8.690609267,28.690609267,0.250144370,20.000000000,0.000000000000,0.908458740482,90.845874048
2026-07-03T19:00:00Z,2461225.291666667,42163.774043,407957.961950,71.397016125,8.690763964,28.690763964,0.244010407,20.000000000,0.000000000000,0.908458092377,90.845809238
2026-07-03T20:00:00Z,2461225.333333333,42163.203811,417162.234204,57.920669379,8.690882412,28.690882412,0.238626527,20.000000000,0.000000000000,0.908457596140,90.845759614
2026-07-03T21:00:00Z,2461225.375000000,42162.711645,425035.216929,44.809936616,8.690984646,28.690984646,0.234206392,20.000000000,0.015237858959,0.909669758116,90.966975812
2026-07-03T22:00:00Z,2461225.416666667,42162.323865,431145.615385,32.170982840,8.691065198,28.691065198,0.230887091,20.000000000,0.125153938217,0.918416264307,91.841626431
2026-07-03T23:00:00Z,2461225.458333333,42162.058627,435170.728700,20.475652005,8.691120296,28.691120296,0.228751488,20.000000000,0.259811895551,0.929131773240,92.913177324
2026-07-04T00:00:00Z,2461225.500000000,42161.926413,436900.677119,12.250640107,8.691147761,28.691147761,0.227845721,20.000000000,0.353103902166,0.936555600175,93.655560018
2026-07-04T01:00:00Z,2461225.541666667,42161.930925,436240.374082,14.933599119,8.691146824,28.691146824,0.228190595,20.000000000,0.324625723708,0.934289382666,93.428938267
2026-07-04T02:00:00Z,2461225.583333333,42162.070002,433210.351199,25.298148587,8.691117933,28.691117933,0.229786647,20.000000000,0.202557013847,0.924575584420,92.457558442
2026-07-04T03:00:00Z,2461225.625000000,42162.336265,427946.904663,37.542666833,8.691062622,28.691062622,0.232612877,20.000000000,0.071433999256,0.914141378185,91.414137818
2026-07-04T04:00:00Z,2461225.666666667,42162.717364,420701.484368,50.461460153,8.690983458,28.690983458,0.236619014,20.000000000,0.000000000000,0.908457172805,90.845717280
2026-07-04T05:00:00Z,2461225.708333333,42163.195900,411838.669095,63.813619691,8.690884055,28.690884055,0.241711112,20.000000000,0.000000000000,0.908457589257,90.845758926
2026-07-04T06:00:00Z,2461225.750000000,42163.749217,401831.342818,77.552012744,8.690769121,28.690769121,0.247730794,20.000000000,0.000000000000,0.908458070773,90.845807077
2026-07-04T07:00:00Z,2461225.791666667,42164.349320,391250.743774,91.676427607,8.690644472,28.690644472,0.254430224,20.000000000,0.000000000000,0.908458592988,90.845859299
2026-07-04T08:00:00Z,2461225.833333333,42164.963211,380747.997574,106.186393393,8.690516964,28.690516964,0.261448605,20.000000000,0.000000000000,0.908459127184,90.845912718
2026-07-04T09:00:00Z,2461225.875000000,42165.553850,371023.012731,121.049719373,8.690394288,28.690394288,0.268301555,20.000000000,0.000000000000,0.908459641129,90.845964113
2026-07-04T10:00:00Z,2461225.916666667,42166.081931,362777.180509,136.155183756,8.690284609,28.690284609,0.274400026,20.000000000,0.000000000000,0.908460100625,90.846010063
2026-07-04T11:00:00Z,2461225.958333333,42166.508500,356649.524349,151.165785989,8.690196015,28.690196015,0.279114577,20.000000000,0.000000000000,0.908460471783,90.846047178
2026-07-04T12:00:00Z,2461226.000000000,42166.798289,353142.520210,164.596031426,8.690135830,28.690135830,0.281886443,20.000000000,0.000000000000,0.908460723925,90.846072392
2026-07-04T13:00:00Z,2461226.041666667,42166.923797,352552.077263,167.278913316,8.690109764,28.690109764,0.282358541,20.000000000,0.000000000000,0.908460833126,90.846083313
2026-07-04T14:00:00Z,2461226.083333333,42166.870888,354921.094186,155.326923529,8.690120752,28.690120752,0.280473848,20.000000000,0.000000000000,0.908460787092,90.846078709
2026-07-04T15:00:00Z,2461226.125000000,42166.639217,360032.059946,140.466529938,8.690168867,28.690168867,0.276492248,20.000000000,0.000000000000,0.908460585519,90.846058552
2026-07-04T16:00:00Z,2461226.166666667,42166.241944,367441.453585,125.282936325,8.690251375,28.690251375,0.270916788,20.000000000,0.000000000000,0.908460239854,90.846023985
2026-07-04T17:00:00Z,2461226.208333333,42165.705416,376543.994720,110.262627966,8.690362809,28.690362809,0.264367622,20.000000000,0.000000000000,0.908459773011,90.845977301
2026-07-04T18:00:00Z,2461226.250000000,42165.067474,386647.481696,95.555412517,8.690495308,28.690495308,0.257459384,20.000000000,0.000000000000,0.908459217909,90.845921791
2026-07-04T19:00:00Z,2461226.291666667,42164.374494,397041.344770,81.204576087,8.690639244,28.690639244,0.250719494,20.000000000,0.000000000000,0.908458614894,90.845861489
2026-07-04T20:00:00Z,2461226.333333333,42163.677443,407049.867941,67.205296414,8.690784030,28.690784030,0.244554777,20.000000000,0.000000000000,0.908458008313,90.845800831
2026-07-04T21:00:00Z,2461226.375000000,42163.027413,416068.558950,53.531290204,8.690919053,28.690919053,0.239253783,20.000000000,0.000000000000,0.908457442630,90.845744263
2026-07-04T22:00:00Z,2461226.416666667,42162.471180,423586.506331,40.156566669,8.691034596,28.691034596,0.235007407,20.000000000,0.048509188419,0.912317197118,91.231719712
2026-07-04T23:00:00Z,2461226.458333333,42162.047322,429198.875714,27.097842582,8.691122644,28.691122644,0.231934343,20.000000000,0.181629006409,0.922910166765,92.291016677
2026-07-05T00:00:00Z,2461226.500000000,42161.783348,432613.268942,14.635980706,8.691177481,28.691177481,0.230103795,20.000000000,0.327941890359,0.934553146385,93.455314638
2026-07-05T01:00:00Z,2461226.541666667,42161.694107,433652.648263,6.513765471,8.691196019,28.691196019,0.229552279,20.000000000,0.378922438992,0.938609971875,93.860997188
2026-07-05T02:00:00Z,2461226.583333333,42161.784449,432256.539261,14.691758153,8.691177252,28.691177252,0.230293694,20.000000000,0.327322712366,0.934503874724,93.450387472
2026-07-05T03:00:00Z,2461226.625000000,42162.043703,428481.380913,27.169643734,8.691123396,28.691123396,0.232322721,20.000000000,0.180801861276,0.922844341497,92.284434150
2026-07-05T04:00:00Z,2461226.666666667,42162.438633,422500.315070,40.250520393,8.691041357,28.691041357,0.235611583,20.000000000,0.047733822686,0.912255467148,91.225546715
2026-07-05T05:00:00Z,2461226.708333333,42162.934058,414602.310280,53.659115937,8.690938445,28.690938445,0.240099913,20.000000000,0.000000000000,0.908457361387,90.845736139
2026-07-05T06:00:00Z,2461226.750000000,42163.500009,405189.656422,67.383633614,8.690820886,28.690820886,0.245677526,20.000000000,0.000000000000,0.908457853905,90.845785390
2026-07-05T07:00:00Z,2461226.791666667,42164.110457,394772.197485,81.457291104,8.690694087,28.690694087,0.252160637,20.000000000,0.000000000000,0.908458385129,90.845838513
2026-07-05T08:00:00Z,2461226.833333333,42164.733556,383955.616848,95.917903207,8.690564664,28.690564664,0.259264411,20.000000000,0.000000000000,0.908458927344,90.845892734
2026-07-05T09:00:00Z,2461226.875000000,42165.325853,373419.769676,110.790449052,8.690441643,28.690441643,0.266579476,20.000000000,0.000000000000,0.908459442739,90.845944274
2026-07-05T10:00:00Z,2461226.916666667,42165.840292,363882.895550,126.071652494,8.690334795,28.690334795,0.273566213,20.000000000,0.000000000000,0.908459890371,90.845989037
2026-07-05T11:00:00Z,2461226.958333333,42166.233867,356048.419471,141.709260639,8.690253053,28.690253053,0.279585801,20.000000000,0.000000000000,0.908460232826,90.846023283
2026-07-05T12:00:00Z,2461227.000000000,42166.475469,350535.306442,157.545253816,8.690202875,28.690202875,0.283983077,20.000000000,0.000000000000,0.908460443044,90.846044304
2026-07-05T13:00:00Z,2461227.041666667,42166.550937,347800.820003,172.605045110,8.690187201,28.690187201,0.286215833,20.000000000,0.000000000000,0.908460508708,90.846050871
2026-07-05T14:00:00Z,2461227.083333333,42166.461898,348072.973006,168.399221073,8.690205693,28.690205693,0.285992043,20.000000000,0.000000000000,0.908460431236,90.846043124
2026-07-05T15:00:00Z,2461227.125000000,42166.217862,351313.270461,152.771820033,8.690256377,28.690256377,0.283354207,20.000000000,0.000000000000,0.908460218900,90.846021890
2026-07-05T16:00:00Z,2461227.166666667,42165.836244,357222.955223,136.944712495,8.690335636,28.690335636,0.278666526,20.000000000,0.000000000000,0.908459886849,90.845988685
2026-07-05T17:00:00Z,2461227.208333333,42165.340819,365290.330911,121.375113978,8.690438534,28.690438534,0.272512175,20.000000000,0.000000000000,0.908459455762,90.845945576
2026-07-05T18:00:00Z,2461227.250000000,42164.761028,374863.069077,106.177033428,8.690558958,28.690558958,0.265553083,20.000000000,0.000000000000,0.908458951250,90.845895125
2026-07-05T19:00:00Z,2461227.291666667,42164.138022,385224.948496,91.384677258,8.690688361,28.690688361,0.258410119,20.000000000,0.000000000000,0.908458409116,90.845840912
2026-07-05T20:00:00Z,2461227.333333333,42163.529379,395661.717657,76.988745612,8.690814785,28.690814785,0.251593730,20.000000000,0.000000000000,0.908457879463,90.845787946
2026-07-05T21:00:00Z,2461227.375000000,42162.971771,405509.701475,62.952748487,8.690930611,28.690930611,0.245483626,20.000000000,0.000000000000,0.908457394207,90.845739421
2026-07-05T22:00:00Z,2461227.416666667,42162.492641,414187.232225,49.224314114,8.691030139,28.691030139,0.240340531,20.000000000,0.000000000000,0.908456977233,90.845697723
2026-07-05T23:00:00Z,2461227.458333333,42162.113519,421213.013915,35.743073928,8.691108893,28.691108893,0.236331657,20.000000000,0.088555943947,0.915503705397,91.550370540
2026-07-06T00:00:00Z,2461227.500000000,42161.852709,426215.769695,22.446796172,8.691163072,28.691163072,0.233557672,20.000000000,0.236293131792,0.927260030274,92.726003027
2026-07-06T01:00:00Z,2461227.541666667,42161.726811,428938.743682,9.287782186,8.691189225,28.691189225,0.232075001,20.000000000,0.376898064774,0.938448905757,93.844890576
2026-07-06T02:00:00Z,2461227.583333333,42161.749923,429241.497868,4.031870328,8.691184424,28.691184424,0.231911312,20.000000000,0.378922438992,0.938610020453,93.861002045
2026-07-06T03:00:00Z,2461227.625000000,42161.930680,427100.454318,17.098294724,8.691146875,28.691146875,0.233073884,20.000000000,0.299813377749,0.932314878698,93.231487870
2026-07-06T04:00:00Z,2461227.666666667,42162.283447,422608.934125,30.332961913,8.691073594,28.691073594,0.235551025,20.000000000,0.145100473564,0.920003523981,92.000352398
2026-07-06T05:00:00Z,2461227.708333333,42162.793462,415976.685504,43.727791523,8.690967650,28.690967650,0.239306625,20.000000000,0.021914369550,0.910201129150,91.020112915
2026-07-06T06:00:00Z,2461227.750000000,42163.415546,407528.506397,57.344074265,8.690838430,28.690838430,0.244267548,20.000000000,0.000000000000,0.908457780402,90.845778040
2026-07-06T07:00:00Z,2461227.791666667,42164.092841,397701.002067,71.245096135,8.690697746,28.690697746,0.250303629,20.000000000,0.000000000000,0.908458369799,90.845836980
2026-07-06T08:00:00Z,2461227.833333333,42164.765164,387035.471147,85.489503242,8.690558099,28.690558099,0.257201288,20.000000000,0.000000000000,0.908458954849,90.845895485
2026-07-06T09:00:00Z,2461227.875000000,42165.377359,376163.879905,100.124841182,8.690430945,28.690430945,0.264634768,20.000000000,0.000000000000,0.908459487556,90.845948756
2026-07-06T10:00:00Z,2461227.916666667,42165.885644,365783.774171,115.178678624,8.690325376,28.690325376,0.272144553,20.000000000,0.000000000000,0.908459929833,90.845992983
2026-07-06T11:00:00Z,2461227.958333333,42166.260713,356617.686954,130.647263322,8.690247477,28.690247477,0.279139495,20.000000000,0.000000000000,0.908460256185,90.846025619
2026-07-06T12:00:00Z,2461228.000000000,42166.487383,349354.495011,146.481972310,8.690200401,28.690200401,0.284942942,20.000000000,0.000000000000,0.908460453410,90.846045341
2026-07-06T13:00:00Z,2461228.041666667,42166.565085,344575.657509,162.560789605,8.690184263,28.690184263,0.288894781,20.000000000,0.000000000000,0.908460521018,90.846052102
2026-07-06T14:00:00Z,2461228.083333333,42166.505925,342677.897858,177.504108422,8.690196550,28.690196550,0.290494702,20.000000000,0.000000000000,0.908460469543,90.846046954
2026-07-06T15:00:00Z,2461228.125000000,42166.316872,343811.933921,164.475165593,8.690235814,28.690235814,0.289536520,20.000000000,0.000000000000,0.908460305049,90.846030505
2026-07-06T16:00:00Z,2461228.166666667,42166.005686,347857.306307,148.384862627,8.690300444,28.690300444,0.286169356,20.000000000,0.000000000000,0.908460034283,90.846003428
2026-07-06T17:00:00Z,2461228.208333333,42165.583350,354442.408016,132.515800877,8.690388161,28.690388161,0.280852640,20.000000000,0.000000000000,0.908459666798,90.845966680
2026-07-06T18:00:00Z,2461228.250000000,42165.068813,363002.491097,117.006854601,8.690495030,28.690495030,0.274229709,20.000000000,0.000000000000,0.908459219075,90.845921907
2026-07-06T19:00:00Z,2461228.291666667,42164.498551,372856.444466,101.915190945,8.690613476,28.690613476,0.266982237,20.000000000,0.000000000000,0.908458722847,90.845872285
2026-07-06T20:00:00Z,2461228.333333333,42163.926904,383282.128063,87.251570300,8.690732213,28.690732213,0.259719984,20.000000000,0.000000000000,0.908458225399,90.845822540
2026-07-06T21:00:00Z,2461228.375000000,42163.392971,393577.455313,72.994631184,8.690843119,28.690843119,0.252926100,20.000000000,0.000000000000,0.908457760756,90.845776076
2026-07-06T22:00:00Z,2461228.416666667,42162.930289,403103.177672,59.103525856,8.690939228,28.690939228,0.246949171,20.000000000,0.000000000000,0.908457358107,90.845735811
2026-07-06T23:00:00Z,2461228.458333333,42162.566176,411309.481915,45.530024311,8.691014863,28.691014863,0.242022097,20.000000000,0.011241778290,0.909351633522,90.935163352
2026-07-07T00:00:00Z,2461228.500000000,42162.321059,417750.789377,32.235082503,8.691065781,28.691065781,0.238290332,20.000000000,0.124470673909,0.918361889419,91.836188942
2026-07-07T01:00:00Z,2461228.541666667,42162.208322,422093.064989,19.244288757,8.691089200,28.691089200,0.235838910,20.000000000,0.274486257503,0.930299652140,93.029965214
2026-07-07T02:00:00Z,2461228.583333333,42162.234315,424116.896255,7.259406495,8.691083800,28.691083800,0.234713511,20.000000000,0.378922438992,0.938610442023,93.861044202
2026-07-07T03:00:00Z,2461228.625000000,42162.398253,423718.455982,8.902768239,8.691049745,28.691049745,0.234934223,20.000000000,0.378485850142,0.938575842060,93.857584206
2026-07-07T04:00:00Z,2461228.666666667,42162.691910,420909.540880,21.215370921,8.690988745,28.690988745,0.236502052,20.000000000,0.250979576846,0.928429470788,92.842947079
2026-07-07T05:00:00Z,2461228.708333333,42163.099206,415817.199172,34.237587462,8.690904140,28.690904140,0.239398412,20.000000000,0.103591189261,0.916701030024,91.670103002
2026-07-07T06:00:00Z,2461228.750000000,42163.495092,408682.669670,47.535827620,8.690821907,28.690821907,0.243577706,20.000000000,0.002508475148,0.908657467735,90.865746774
2026-07-07T07:00:00Z,2461228.791666667,42163.909402,399860.119966,61.101672974,8.690735848,28.690735848,0.248952060,20.000000000,0.000000000000,0.908458210169,90.845821017
2026-07-07T08:00:00Z,2461228.833333333,42164.508796,389812.694074,74.973556939,8.690611348,28.690611348,0.255368844,20.000000000,0.000000000000,0.908458731762,90.845873176
2026-07-07T09:00:00Z,2461228.875000000,42165.107782,379102.355212,89.194725647,8.690486936,28.690486936,0.262583533,20.000000000,0.000000000000,0.908459252984,90.845925298
2026-07-07T10:00:00Z,2461228.916666667,42165.658475,368374.944393,103.794066120,8.690372558,28.690372558,0.270230258,20.000000000,0.000000000000,0.908459732166,90.845973217
2026-07-07T11:00:00Z,2461228.958333333,42166.115605,358331.202735,118.768737704,8.690277615,28.690277615,0.277804658,20.000000000,0.000000000000,0.908460129926,90.846012993
2026-07-07T12:00:00Z,2461229.000000000,42166.442354,349681.871928,134.053371201,8.690209752,28.690209752,0.284676173,20.000000000,0.000000000000,0.908460414231,90.846041423
2026-07-07T13:00:00Z,2461229.041666667,42166.616070,343085.112121,149.431934561,8.690173674,28.690173674,0.290149905,20.000000000,0.000000000000,0.908460565379,90.846056538
2026-07-07T14:00:00Z,2461229.083333333,42166.627420,339071.307186,164.004186871,8.690171317,28.690171317,0.293584626,20.000000000,0.000000000000,0.908460575255,90.846057525
2026-07-07T15:00:00Z,2461229.125000000,42166.467855,337969.250253,170.026554735,8.690204456,28.690204456,0.294541961,20.000000000,0.000000000000,0.908460436419,90.846043642
2026-07-07T16:00:00Z,2461229.166666667,42166.165471,339854.375063,158.305418401,8.690267258,28.690267258,0.292908164,20.000000000,0.000000000000,0.908460173314,90.846017331
2026-07-07T17:00:00Z,2461229.208333333,42165.753818,344536.131506,143.193741315,8.690352755,28.690352755,0.288927924,20.000000000,0.000000000000,0.908459815128,90.845981513
2026-07-07T18:00:00Z,2461229.250000000,42165.264356,351589.337435,127.844419637,8.690454416,28.690454416,0.283131716,20.000000000,0.000000000000,0.908459389227,90.845938923
2026-07-07T19:00:00Z,2461229.291666667,42164.725750,360418.644432,112.724420651,8.690566285,28.690566285,0.276195681,20.000000000,0.000000000000,0.908458920552,90.845892055
2026-07-07T20:00:00Z,2461229.333333333,42164.161702,370335.615052,97.972032672,8.690683443,28.690683443,0.268799566,20.000000000,0.000000000000,0.908458429722,90.845842972
2026-07-07T21:00:00Z,2461229.375000000,42163.596049,380629.948042,83.627647008,8.690800937,28.690800937,0.261529692,20.000000000,0.000000000000,0.908457937482,90.845793748
2026-07-07T22:00:00Z,2461229.416666667,42163.058263,390624.679079,69.688903432,8.690912645,28.690912645,0.254838009,20.000000000,0.000000000000,0.908457469477,90.845746948
2026-07-07T23:00:00Z,2461229.458333333,42162.585831,399713.476371,56.139035024,8.691010781,28.691010781,0.249043394,20.000000000,0.000000000000,0.908457058335,90.845705833
2026-07-08T00:00:00Z,2461229.500000000,42162.221700,407383.090296,42.976432838,8.691086421,28.691086421,0.244354740,20.000000000,0.026970877067,0.910603015639,91.060301564
2026-07-08T01:00:00Z,2461229.541666667,42161.999814,413225.154118,30.282034891,8.691132513,28.691132513,0.240900099,20.000000000,0.145663043337,0.920048045016,92.004804502
2026-07-08T02:00:00Z,2461229.583333333,42161.934394,416942.116788,18.512190604,8.691146103,28.691146103,0.238752506,20.000000000,0.283175824877,0.930990907540,93.099090754
2026-07-08T03:00:00Z,2461229.625000000,42162.028485,418349.134411,10.581112136,8.691126557,28.691126557,0.237949515,20.000000000,0.368195128668,0.937756610657,93.775661066
2026-07-08T04:00:00Z,2461229.666666667,42162.274517,417374.549400,14.812598929,8.691075449,28.691075449,0.238505139,20.000000000,0.325976440152,0.934397168294,93.439716829
2026-07-08T05:00:00Z,2461229.708333333,42162.655012,414059.587508,25.813260238,8.690996410,28.690996410,0.240414623,20.000000000,0.196529606676,0.924096447725,92.409644773
2026-07-08T06:00:00Z,2461229.750000000,42163.143885,408557.684680,38.216626847,8.690894859,28.690894859,0.243652221,20.000000000,0.065286166488,0.913652852046,91.365285205
2026-07-08T07:00:00Z,2461229.791666667,42163.708198,401133.285127,51.149304992,8.690777641,28.690777641,0.248161901,20.000000000,0.000000000000,0.908458035077,90.845803508
2026-07-08T08:00:00Z,2461229.833333333,42164.310269,392159.401003,64.451439980,8.690652584,28.690652584,0.253840690,20.000000000,0.000000000000,0.908458559006,90.845855901
2026-07-08T09:00:00Z,2461229.875000000,42164.910010,382112.508166,78.098648978,8.690528014,28.690528014,0.260514975,20.000000000,0.000000000000,0.908459080890,90.845908089
2026-07-08T10:00:00Z,2461229.916666667,42165.467401,371562.405590,92.092719123,8.690412243,28.690412243,0.267912062,20.000000000,0.000000000000,0.908459565907,90.845956591
2026-07-08T11:00:00Z,2461229.958333333,42165.944984,361153.594146,106.419978512,8.690313051,28.690313051,0.275633617,20.000000000,0.000000000000,0.908459981466,90.845998147
2026-07-08T12:00:00Z,2461230.000000000,42166.310259,351574.006056,121.011979053,8.690237187,28.690237187,0.283144063,20.000000000,0.000000000000,0.908460299295,90.846029930
2026-07-08T13:00:00Z,2461230.041666667,42166.537847,343507.562396,135.667895166,8.690189920,28.690189920,0.289793072,20.000000000,0.000000000000,0.908460497318,90.846049732
2026-07-08T14:00:00Z,2461230.083333333,42166.611260,337570.449411,149.800047047,8.690174673,28.690174673,0.294889932,20.000000000,0.000000000000,0.908460561194,90.846056119
2026-07-08T15:00:00Z,2461230.125000000,42166.524171,334237.870376,161.196988076,8.690192760,28.690192760,0.297830211,20.000000000,0.000000000000,0.908460485419,90.846048542
2026-07-08T16:00:00Z,2461230.166666667,42166.281042,333776.397842,162.404115378,8.690243255,28.690243255,0.298241989,20.000000000,0.000000000000,0.908460273873,90.846027387
2026-07-08T17:00:00Z,2461230.208333333,42165.897642,336201.547060,152.055949842,8.690322884,28.690322884,0.296090638,20.000000000,0.000000000000,0.908459940272,90.845994027
2026-07-08T18:00:00Z,2461230.250000000,42165.403265,341275.308115,138.185797606,8.690425564,28.690425564,0.291688601,20.000000000,0.000000000000,0.908459510099,90.845951010
2026-07-08T19:00:00Z,2461230.291666667,42164.833535,348544.743686,123.625439632,8.690543898,28.690543898,0.285604937,20.000000000,0.000000000000,0.908459014343,90.845901434
2026-07-08T20:00:00Z,2461230.333333333,42164.227609,357408.190214,109.097111751,8.690669753,28.690669753,0.278522099,20.000000000,0.000000000000,0.908458487075,90.845848707
2026-07-08T21:00:00Z,2461230.375000000,42163.625703,367189.361735,94.845069164,8.690794777,28.690794777,0.271102785,20.000000000,0.000000000000,0.908457963288,90.845796329
2026-07-08T22:00:00Z,2461230.416666667,42163.066571,377203.160104,80.962206790,8.690910919,28.690910919,0.263905635,20.000000000,0.000000000000,0.908457476707,90.845747671
2026-07-08T23:00:00Z,2461230.458333333,42162.585365,386805.274435,67.485201453,8.691010877,28.691010877,0.257354355,20.000000000,0.000000000000,0.908457057930,90.845705793
2026-07-09T00:00:00Z,2461230.500000000,42162.211914,395424.987813,54.444382970,8.691088454,28.691088454,0.251744353,20.000000000,0.000000000000,0.908456732920,90.845673292
2026-07-09T01:00:00Z,2461230.541666667,42161.969357,402584.521825,41.921688030,8.691138840,28.691138840,0.247267321,20.000000000,0.034583940643,0.911208624375,91.120862437
2026-07-09T02:00:00Z,2461230.583333333,42161.873075,407909.187222,30.192218429,8.691158841,28.691158841,0.244039584,20.000000000,0.146655411865,0.920126904891,92.012690489
2026-07-09T03:00:00Z,2461230.625000000,42161.929854,411131.978234,20.251332871,8.691147046,28.691147046,0.242126589,20.000000000,0.262489000504,0.929344698411,92.934469841
2026-07-09T04:00:00Z,2461230.666666667,42162.137304,412095.162691,15.580148550,8.691103952,28.691103952,0.241560667,20.000000000,0.317329293519,0.933708930813,93.370893081
2026-07-09T05:00:00Z,2461230.708333333,42162.483578,410750.427480,20.131553570,8.691032021,28.691032021,0.242351505,20.000000000,0.263916341566,0.929458764507,92.945876451
2026-07-09T06:00:00Z,2461230.750000000,42162.947509,407158.384642,29.993805328,8.690935651,28.690935651,0.244489597,20.000000000,0.148849327904,0.920302426249,92.030242625
2026-07-09T07:00:00Z,2461230.791666667,42163.493669,401487.628166,41.636628944,8.690822203,28.690822203,0.247942878,20.000000000,0.036734463974,0.911381084149,91.138108415
2026-07-09T08:00:00Z,2461230.833333333,42164.082039,394013.247176,54.043316278,8.690699989,28.690699989,0.252646353,20.000000000,0.000000000000,0.908458360400,90.845836040
2026-07-09T09:00:00Z,2461230.875000000,42164.676519,385113.929324,66.927054821,8.690576511,28.690576511,0.258484613,20.000000000,0.000000000000,0.908458877712,90.845887771
2026-07-09T10:00:00Z,2461230.916666667,42165.242593,375266.044911,80.192857849,8.690458936,28.690458936,0.265267919,20.000000000,0.000000000000,0.908459370290,90.845937029
2026-07-09T11:00:00Z,2461230.958333333,42165.747955,365032.410365,93.790962210,8.690353973,28.690353973,0.272704725,20.000000000,0.000000000000,0.908459810026,90.845981003
2026-07-09T12:00:00Z,2461231.000000000,42166.162925,355042.341853,107.652178602,8.690267787,28.690267787,0.280378064,20.000000000,0.000000000000,0.908460171099,90.846017110
2026-07-09T13:00:00Z,2461231.041666667,42166.461103,345959.157651,121.623777446,8.690205859,28.690205859,0.287739473,20.000000000,0.000000000000,0.908460430544,90.846043054
2026-07-09T14:00:00Z,2461231.083333333,42166.620590,338432.300582,135.340965847,8.690172735,28.690172735,0.294138959,20.000000000,0.000000000000,0.908460569312,90.846056931
2026-07-09T15:00:00Z,2461231.125000000,42166.625816,333034.981584,147.846677418,8.690171650,28.690171650,0.298905954,20.000000000,0.000000000000,0.908460573859,90.846057386
2026-07-09T16:00:00Z,2461231.166666667,42166.469748,330194.984731,156.390779534,8.690204063,28.690204063,0.301476858,20.000000000,0.000000000000,0.908460438066,90.846043807
2026-07-09T17:00:00Z,2461231.208333333,42166.156042,330133.690104,155.881591726,8.690269217,28.690269217,0.301532833,20.000000000,0.000000000000,0.908460165110,90.846016511
2026-07-09T18:00:00Z,2461231.250000000,42165.700556,332831.307705,146.766589197,8.690363818,28.690363818,0.299088869,20.000000000,0.000000000000,0.908459768783,90.845976878
2026-07-09T19:00:00Z,2461231.291666667,42165.136986,338030.354845,134.122463784,8.690480870,28.690480870,0.294488717,20.000000000,0.000000000000,0.908459278396,90.845927840
2026-07-09T20:00:00Z,2461231.333333333,42164.512128,345276.253293,120.440469631,8.690610656,28.690610656,0.288308583,20.000000000,0.000000000000,0.908458734662,90.845873466
2026-07-09T21:00:00Z,2461231.375000000,42163.867739,353981.553443,106.589397966,8.690744502,28.690744502,0.281218290,20.000000000,0.000000000000,0.908458173913,90.845817391
2026-07-09T22:00:00Z,2461231.416666667,42163.245669,363495.425453,92.909094908,8.690873717,28.690873717,0.273857824,20.000000000,0.000000000000,0.908457632567,90.845763257
2026-07-09T23:00:00Z,2461231.458333333,42162.685567,373164.278158,79.550715013,8.690990063,28.690990063,0.266761994,20.000000000,0.000000000000,0.908457145133,90.845714513
2026-07-10T00:00:00Z,2461231.500000000,42162.222702,382377.002238,66.597676378,8.691086213,28.691086213,0.260334772,20.000000000,0.000000000000,0.908456742309,90.845674231
2026-07-10T01:00:00Z,2461231.541666667,42161.886131,390594.759706,54.134557107,8.691156129,28.691156129,0.254857530,20.000000000,0.000000000000,0.908456449390,90.845644939
2026-07-10T02:00:00Z,2461231.583333333,42161.697265,397368.535353,42.329672017,8.691195363,28.691195363,0.250513052,20.000000000,0.031572028299,0.910968707200,91.096870720
2026-07-10T03:00:00Z,2461231.625000000,42161.668804,402348.367867,31.622091900,8.691201275,28.691201275,0.247412453,20.000000000,0.131041790877,0.918884234631,91.888423463
2026-07-10T04:00:00Z,2461231.666666667,42161.803939,405287.552051,23.255075215,8.691173203,28.691173203,0.245618183,20.000000000,0.226678748678,0.926494899530,92.649489953
2026-07-10T05:00:00Z,2461231.708333333,42162.095800,406044.109366,20.136216640,8.691112574,28.691112574,0.245160535,20.000000000,0.263861790684,0.929454086006,92.945408601
2026-07-10T06:00:00Z,2461231.750000000,42162.527228,404580.923923,24.301850381,8.691022954,28.691022954,0.246047175,20.000000000,0.214279254855,0.925508808641,92.550880864
2026-07-10T07:00:00Z,2461231.791666667,42163.071130,400965.252784,33.138571607,8.690909972,28.690909972,0.248265899,20.000000000,0.114934025993,0.917603639858,91.760363986
2026-07-10T08:00:00Z,2461231.833333333,42163.691649,395367.795169,43.993845902,8.690781079,28.690781079,0.251780770,20.000000000,0.020202477519,0.910065682756,91.006568276
2026-07-10T09:00:00Z,2461231.875000000,42164.352787,388060.531606,55.807994706,8.690643752,28.690643752,0.256521887,20.000000000,0.000000000000,0.908458596005,90.845859600
2026-07-10T10:00:00Z,2461231.916666667,42165.009422,379413.930041,68.199833462,8.690507366,28.690507366,0.262367898,20.000000000,0.000000000000,0.908459167395,90.845916739
2026-07-10T11:00:00Z,2461231.958333333,42165.601039,369892.302129,81.009279126,8.690384487,28.690384487,0.269121722,20.000000000,0.000000000000,0.908459682190,90.845968219
2026-07-10T12:00:00Z,2461232.000000000,42166.076128,360041.427283,94.136158856,8.690285814,28.690285814,0.276485055,20.000000000,0.000000000000,0.908460095576,90.846009558
2026-07-10T13:00:00Z,2461232.041666667,42166.404920,350467.361978,107.460043789,8.690217527,28.690217527,0.284038133,20.000000000,0.000000000000,0.908460381660,90.846038166
2026-07-10T14:00:00Z,2461232.083333333,42166.579042,341803.361289,120.760190662,8.690181364,28.690181364,0.291237967,20.000000000,0.000000000000,0.908460533162,90.846053316
2026-07-10T15:00:00Z,2461232.125000000,42166.598643,334665.518265,133.560317549,8.690177293,28.690177293,0.297449630,20.000000000,0.000000000000,0.908460550217,90.846055022
2026-07-10T16:00:00Z,2461232.166666667,42166.464531,329593.628754,144.745408591,8.690205147,28.690205147,0.302026919,20.000000000,0.000000000000,0.908460433527,90.846043353
2026-07-10T17:00:00Z,2461232.208333333,42166.176611,326986.756499,151.746114093,8.690264944,28.690264944,0.304434824,20.000000000,0.000000000000,0.908460183007,90.846018301
2026-07-10T18:00:00Z,2461232.250000000,42165.739616,327047.349168,151.044432931,8.690355705,28.690355705,0.304378420,20.000000000,0.000000000000,0.908459802770,90.845980277
2026-07-10T19:00:00Z,2461232.291666667,42165.180045,329749.700457,143.113090885,8.690471927,28.690471927,0.301883968,20.000000000,0.000000000000,0.908459315864,90.845931586
2026-07-10T20:00:00Z,2461232.333333333,42164.544830,334843.861313,131.582244078,8.690603864,28.690603864,0.297291202,20.000000000,0.000000000000,0.908458763118,90.845876312
2026-07-10T21:00:00Z,2461232.375000000,42163.877944,341894.557613,118.723295230,8.690742383,28.690742383,0.291160282,20.000000000,0.000000000000,0.908458182794,90.845818279
2026-07-10T22:00:00Z,2461232.416666667,42163.225803,350341.055232,105.503081797,8.690877843,28.690877843,0.284140536,20.000000000,0.000000000000,0.908457615279,90.845761528
2026-07-10T23:00:00Z,2461232.458333333,42162.633861,359562.069883,92.343515986,8.691000803,28.691000803,0.276853659,20.000000000,0.000000000000,0.908457100135,90.845710013
2026-07-11T00:00:00Z,2461232.500000000,42162.143172,368932.695493,79.450276070,8.691102734,28.691102734,0.269821722,20.000000000,0.000000000000,0.908456673094,90.845667309
2026-07-11T01:00:00Z,2461232.541666667,42161.787330,377867.290985,66.949018174,8.691176653,28.691176653,0.263441797,20.000000000,0.000000000000,0.908456363402,90.845636340
2026-07-11T02:00:00Z,2461232.583333333,42161.590097,385848.094475,54.966722016,8.691217626,28.691217626,0.257992783,20.000000000,0.000000000000,0.908456191745,90.845619175
2026-07-11T03:00:00Z,2461232.625000000,42161.563880,392442.391456,43.725237729,8.691223072,28.691223072,0.253657644,20.000000000,0.021932706196,0.910201518232,91.020151823
2026-07-11T04:00:00Z,2461232.666666667,42161.709133,397311.784336,33.729435963,8.691192898,28.691192898,0.250548835,20.000000000,0.108802655546,0.917114535571,91.711453557
2026-07-11T05:00:00Z,2461232.708333333,42162.014614,400216.598264,26.196627277,8.691129439,28.691129439,0.248730314,20.000000000,0.192064351358,0.923740556664,92.374055666
2026-07-11T06:00:00Z,2461232.750000000,42162.457664,401017.585856,23.448261169,8.691037404,28.691037404,0.248233500,20.000000000,0.224383792604,0.926312841665,92.631284166
2026-07-11T07:00:00Z,2461232.791666667,42163.003953,399676.374432,26.932144891,8.690923926,28.690923926,0.249066513,20.000000000,0.183537795726,0.923062895931,92.306289593
2026-07-11T08:00:00Z,2461232.833333333,42163.617073,396254.995057,34.852114628,8.690796569,28.690796569,0.251217038,20.000000000,0.097378795161,0.916207114079,91.620711408
2026-07-11T09:00:00Z,2461232.875000000,42164.258987,390914.813968,44.992679513,8.690663235,28.690663235,0.254648868,20.000000000,0.014185799230,0.909587384415,90.958738441
2026-07-11T10:00:00Z,2461232.916666667,42164.889990,383914.952054,56.258767157,8.690532172,28.690532172,0.259291873,20.000000000,0.000000000000,0.908459063469,90.845906347
2026-07-11T11:00:00Z,2461232.958333333,42165.468847,375609.356594,68.194241458,8.690411943,28.690411943,0.265025459,20.000000000,0.000000000000,0.908459567164,90.845956716
2026-07-11T12:00:00Z,2461233.000000000,42165.954322,366441.101007,80.589152111,8.690311112,28.690311112,0.271656373,20.000000000,0.000000000000,0.908459989591,90.845998959
2026-07-11T13:00:00Z,2461233.041666667,42166.308656,356932.009745,93.308700142,8.690237520,28.690237520,0.278893676,20.000000000,0.000000000000,0.908460297900,90.846029790
2026-07-11T14:00:00Z,2461233.083333333,42166.511593,347663.432278,106.202906074,8.690195372,28.690195372,0.286328939,20.000000000,0.000000000000,0.908460474475,90.846047448
2026-07-11T15:00:00Z,2461233.125000000,42166.556139,339245.400787,119.019918270,8.690186121,28.690186121,0.293433963,20.000000000,0.000000000000,0.908460513234,90.846051323
2026-07-11T16:00:00Z,2461233.166666667,42166.438860,332273.739964,131.254277870,8.690210478,28.690210478,0.299590756,20.000000000,0.000000000000,0.908460411190,90.846041119
2026-07-11T17:00:00Z,2461233.208333333,42166.160096,327274.388421,141.813750502,8.690268374,28.690268374,0.304167263,20.000000000,0.000000000000,0.908460168638,90.846016864
2026-07-11T18:00:00Z,2461233.250000000,42165.728257,324642.050990,148.448285051,8.690358064,28.690358064,0.306633605,20.000000000,0.000000000000,0.908459792886,90.845979289
2026-07-11T19:00:00Z,2461233.291666667,42165.174629,324585.934477,148.301446125,8.690473052,28.690473052,0.306686619,20.000000000,0.000000000000,0.908459311151,90.845931115
2026-07-11T20:00:00Z,2461233.333333333,42164.543486,327097.998905,141.463308426,8.690604143,28.690604143,0.304331288,20.000000000,0.000000000000,0.908458761949,90.845876195
2026-07-11T21:00:00Z,2461233.375000000,42163.872333,331954.440580,130.828906723,8.690743548,28.690743548,0.299878928,20.000000000,0.000000000000,0.908458177911,90.845817791
2026-07-11T22:00:00Z,2461233.416666667,42163.201294,338749.597024,118.596057970,8.690882934,28.690882934,0.293863446,20.000000000,0.000000000000,0.908457593950,90.845759395
2026-07-11T23:00:00Z,2461233.458333333,42162.572116,346951.433267,105.824920515,8.691013629,28.691013629,0.286916536,20.000000000,0.000000000000,0.908457046400,90.845704640
2026-07-12T00:00:00Z,2461233.500000000,42162.026542,355963.215570,93.008879056,8.691126961,28.691126961,0.279652723,20.000000000,0.000000000000,0.908456571591,90.845657159
2026-07-12T01:00:00Z,2461233.541666667,42161.603768,365178.779129,80.397902090,8.691214786,28.691214786,0.272595421,20.000000000,0.000000000000,0.908456203644,90.845620364
2026-07-12T02:00:00Z,2461233.583333333,42161.337094,374025.032502,68.146234995,8.691270184,28.691270184,0.266148083,20.000000000,0.000000000000,0.908455971549,90.845597155
2026-07-12T03:00:00Z,2461233.625000000,42161.250194,381990.945551,56.400509894,8.691288237,28.691288237,0.260597880,20.000000000,0.000000000000,0.908455895916,90.845589592
2026-07-12T04:00:00Z,2461233.666666667,42161.353707,388645.403774,45.393423909,8.691266733,28.691266733,0.256135845,20.000000000,0.011971326161,0.909408633875,90.940863387
2026-07-12T05:00:00Z,2461233.708333333,42161.702870,393647.102092,35.615145737,8.691194199,28.691194199,0.252881350,20.000000000,0.089810634569,0.915603193112,91.560319311
2026-07-12T06:00:00Z,2461233.750000000,42162.226430,396748.863338,28.169980964,8.691085438,28.691085438,0.250904324,20.000000000,0.169348533426,0.921933073654,92.193307365
2026-07-12T07:00:00Z,2461233.791666667,42162.773069,397802.992687,25.069086350,8.690971886,28.690971886,0.250239454,20.000000000,0.205242889876,0.924789931512,92.478993151
2026-07-12T08:00:00Z,2461233.833333333,42163.394540,396758.584915,27.756437073,8.690842793,28.690842793,0.250898177,20.000000000,0.174063594502,0.922309302860,92.230930286
2026-07-12T09:00:00Z,2461233.875000000,42164.054641,393662.859609,34.946036631,8.690705680,28.690705680,0.252871227,20.000000000,0.096437218890,0.916132566600,91.613256660
2026-07-12T10:00:00Z,2461233.916666667,42164.714009,388660.314894,44.577535284,8.690568724,28.690568724,0.256126018,20.000000000,0.016604515124,0.909780255665,90.978025567
2026-07-12T11:00:00Z,2461233.958333333,42165.329077,381991.673029,55.484378524,8.690440973,28.690440973,0.260597384,20.000000000,0.000000000000,0.908459445544,90.845944554
2026-07-12T12:00:00Z,2461234.000000000,42165.853709,373991.645056,67.145461689,8.690332009,28.690332009,0.266171843,20.000000000,0.000000000000,0.908459902045,90.845990205
2026-07-12T13:00:00Z,2461234.041666667,42166.240864,365084.143431,79.314794682,8.690251600,28.690251600,0.272666082,20.000000000,0.000000000000,0.908460238914,90.846023891
2026-07-12T14:00:00Z,2461234.083333333,42166.456836,355772.682102,91.840308626,8.690206745,28.690206745,0.279802492,20.000000000,0.000000000000,0.908460426831,90.846042683
2026-07-12T15:00:00Z,2461234.125000000,42166.488166,346623.165696,104.566909101,8.690200238,28.690200238,0.287188261,20.000000000,0.000000000000,0.908460454092,90.846045409
2026-07-12T16:00:00Z,2461234.166666667,42166.339877,338235.874295,117.249471555,8.690231036,28.690231036,0.294309778,20.000000000,0.000000000000,0.908460325066,90.846032507
2026-07-12T17:00:00Z,2461234.208333333,42166.030972,331204.229438,129.413492202,8.690295192,28.690295192,0.300558190,20.000000000,0.000000000000,0.908460056285,90.846005629
2026-07-12T18:00:00Z,2461234.250000000,42165.588125,326060.958234,140.060662037,8.690387169,28.690387169,0.305299227,20.000000000,0.000000000000,0.908459670953,90.845967095
2026-07-12T19:00:00Z,2461234.291666667,42165.034710,323217.587502,147.153805884,8.690502113,28.690502113,0.307984994,20.000000000,0.000000000000,0.908459189400,90.845918940
2026-07-12T20:00:00Z,2461234.333333333,42164.401284,322909.562322,147.913762313,8.690633679,28.690633679,0.308278785,20.000000000,0.000000000000,0.908458638206,90.845863821
2026-07-12T21:00:00Z,2461234.375000000,42163.731707,325160.852049,141.931165155,8.690772758,28.690772758,0.306144360,20.000000000,0.000000000000,0.908458055535,90.845805553
2026-07-12T22:00:00Z,2461234.416666667,42163.072849,329779.954863,131.808504450,8.690909615,28.690909615,0.301856272,20.000000000,0.000000000000,0.908457482171,90.845748217
2026-07-12T23:00:00Z,2461234.458333333,42162.470741,336388.899801,119.842110687,8.691034688,28.691034688,0.295925728,20.000000000,0.000000000000,0.908456958175,90.845695817
2026-07-13T00:00:00Z,2461234.500000000,42161.966841,344475.534043,107.202282175,8.691139363,28.691139363,0.288978750,20.000000000,0.000000000000,0.908456519632,90.845651963
2026-07-13T01:00:00Z,2461234.541666667,42161.595765,353454.177721,94.440884530,8.691216448,28.691216448,0.281637888,20.000000000,0.000000000000,0.908456196679,90.845619668
2026-07-13T02:00:00Z,2461234.583333333,42161.422257,362721.528740,81.835651790,8.691252492,28.691252492,0.274442127,20.000000000,0.000000000000,0.908456045669,90.845604567
2026-07-13T03:00:00Z,2461234.625000000,42161.481264,371700.730126,69.551357899,8.691240234,28.691240234,0.267812360,20.000000000,0.000000000000,0.908456097026,90.845609703
2026-07-13T04:00:00Z,2461234.666666667,42161.759191,379872.082563,57.731691457,8.691182499,28.691182499,0.262051461,20.000000000,0.000000000000,0.908456338912,90.845633891
2026-07-13T05:00:00Z,2461234.708333333,42162.216661,386792.350148,46.588793111,8.691087467,28.691087467,0.257362955,20.000000000,0.006130374397,0.908944576746,90.894457675
2026-07-13T06:00:00Z,2461234.750000000,42162.796713,392105.872680,36.558992999,8.690966975,28.690966975,0.253875343,20.000000000,0.080669394831,0.914876708332,91.487670833
2026-07-13T07:00:00Z,2461234.791666667,42163.435636,395550.429695,28.636821476,8.690834257,28.690834257,0.251664516,20.000000000,0.164048956583,0.921512399059,92.151239906
2026-07-13T08:00:00Z,2461234.833333333,42164.073805,396960.081045,24.776444755,8.690701700,28.690701700,0.250770820,20.000000000,0.208680002755,0.925064580216,92.506458022
2026-07-13T09:00:00Z,2461234.875000000,42164.663988,396266.437682,26.744036863,8.690579114,28.690579114,0.251209784,20.000000000,0.185707306712,0.923236984724,92.323698472
2026-07-13T10:00:00Z,2461234.916666667,42165.175394,393499.178932,33.557455132,8.690472893,28.690472893,0.252976413,20.000000000,0.110571637596,0.917258323161,91.725832316
2026-07-13T11:00:00Z,2461234.958333333,42165.592981,388786.128577,43.046483196,8.690386161,28.690386161,0.256043134,20.000000000,0.026481063562,0.910566971261,91.056697126
2026-07-13T12:00:00Z,2461235.000000000,42165.912842,382352.758511,53.914738718,8.690319727,28.690319727,0.260351279,20.000000000,0.000000000000,0.908459953498,90.845995350
2026-07-13T13:00:00Z,2461235.041666667,42166.150431,374520.556851,65.588228821,8.690270382,28.690270382,0.265795942,20.000000000,0.000000000000,0.908460160227,90.846016023
2026-07-13T14:00:00Z,2461235.083333333,42166.358312,365703.131870,77.806163673,8.690227207,28.690227207,0.272204565,20.000000000,0.000000000000,0.908460341106,90.846034111
2026-07-13T15:00:00Z,2461235.125000000,42166.399219,356397.126990,90.420155346,8.690218711,28.690218711,0.279312245,20.000000000,0.000000000000,0.908460376699,90.846037670
2026-07-13T16:00:00Z,2461235.166666667,42166.298195,347167.107159,103.291954314,8.690239693,28.690239693,0.286738291,20.000000000,0.000000000000,0.908460288798,90.846028880
2026-07-13T17:00:00Z,2461235.208333333,42166.087960,338619.195304,116.210497329,8.690283356,28.690283356,0.293976613,20.000000000,0.000000000000,0.908460105872,90.846010587
2026-07-13T18:00:00Z,2461235.250000000,42165.792551,331361.464217,128.764808910,8.690344711,28.690344711,0.300415571,20.000000000,0.000000000000,0.908459848830,90.845984883
2026-07-13T19:00:00Z,2461235.291666667,42165.423070,325950.622408,140.065418807,8.690421451,28.690421451,0.305402573,20.000000000,0.000000000000,0.908459527332,90.845952733
2026-07-13T20:00:00Z,2461235.333333333,42164.993880,322829.906604,148.159863154,8.690510594,28.690510594,0.308354851,20.000000000,0.000000000000,0.908459153870,90.845915387
2026-07-13T21:00:00Z,2461235.375000000,42164.534796,322269.759853,149.922223059,8.690605948,28.690605948,0.308890817,20.000000000,0.000000000000,0.908458754387,90.845875439
2026-07-13T22:00:00Z,2461235.416666667,42164.080201,324327.003984,144.325748050,8.690700371,28.690700371,0.306931468,20.000000000,0.000000000000,0.908458358800,90.845835880
2026-07-13T23:00:00Z,2461235.458333333,42163.665757,328835.589396,134.122930991,8.690786457,28.690786457,0.302723165,20.000000000,0.000000000000,0.908457998144,90.845799814
2026-07-14T00:00:00Z,2461235.500000000,42163.324587,335432.078340,121.927116245,8.690857324,28.690857324,0.296769864,20.000000000,0.000000000000,0.908457701245,90.845770125
2026-07-14T01:00:00Z,2461235.541666667,42163.083565,343607.197082,109.023782558,8.690907389,28.690907389,0.289709041,20.000000000,0.000000000000,0.908457491496,90.845749150
2026-07-14T02:00:00Z,2461235.583333333,42162.960393,352768.115774,95.990966253,8.690932975,28.690932975,0.282185621,20.000000000,0.000000000000,0.908457384305,90.845738431
2026-07-14T03:00:00Z,2461235.625000000,42162.961975,362297.203466,83.105505290,8.690932646,28.690932646,0.274763559,20.000000000,0.000000000000,0.908457385682,90.845738568
2026-07-14T04:00:00Z,2461235.666666667,42163.084307,371598.944528,70.519530540,8.690907235,28.690907235,0.267885718,20.000000000,0.000000000000,0.908457492142,90.845749214
2026-07-14T05:00:00Z,2461235.708333333,42163.313802,380132.943691,58.352795434,8.690859564,28.690859564,0.261871631,20.000000000,0.000000000000,0.908457691861,90.845769186
2026-07-14T06:00:00Z,2461235.750000000,42163.629813,387434.889733,46.775235987,8.690793923,28.690793923,0.256936129,20.000000000,0.005337056451,0.908882676322,90.888267632
2026-07-14T07:00:00Z,2461235.791666667,42164.010381,393128.727998,36.150359282,8.690714874,28.690714874,0.253214798,20.000000000,0.084591399768,0.915189867751,91.518986775
2026-07-14T08:00:00Z,2461235.833333333,42164.431406,396933.206996,27.384188170,8.690627423,28.690627423,0.250787799,20.000000000,0.178327951456,0.922649551901,92.264955190
2026-07-14T09:00:00Z,2461235.875000000,42164.865178,398665.234679,22.567872200,8.690537325,28.690537325,0.249698227,20.000000000,0.234842847823,0.927147241919,92.714724192
2026-07-14T10:00:00Z,2461235.916666667,42165.281665,398241.543136,24.127334249,8.690450820,28.690450820,0.249963885,20.000000000,0.216333520191,0.925674678836,92.567467884
2026-07-14T11:00:00Z,2461235.958333333,42165.650579,395679.562727,31.151695107,8.690374198,28.690374198,0.251582383,20.000000000,0.136125348180,0.919292236318,91.929223632
2026-07-14T12:00:00Z,2461236.000000000,42165.944096,391097.868632,41.004829164,8.690313236,28.690313236,0.254529678,20.000000000,0.041637497591,0.911773387473,91.177338747
2026-07-14T13:00:00Z,2461236.041666667,42166.139712,384716.116455,52.222539007,8.690272608,28.690272608,0.258751899,20.000000000,0.000000000000,0.908460150901,90.846015090
2026-07-14T14:00:00Z,2461236.083333333,42166.222274,376853.900223,64.221532801,8.690255461,28.690255461,0.264150218,20.000000000,0.000000000000,0.908460222739,90.846022274
2026-07-14T15:00:00Z,2461236.125000000,42166.186937,367927.371311,76.763178514,8.690262800,28.690262800,0.270558988,20.000000000,0.000000000000,0.908460191992,90.846019199
2026-07-14T16:00:00Z,2461236.166666667,42166.038571,358441.605600,89.726887648,8.690293614,28.690293614,0.277719092,20.000000000,0.000000000000,0.908460062897,90.846006290
2026-07-14T17:00:00Z,2461236.208333333,42165.789306,348975.762476,103.009228986,8.690345385,28.690345385,0.285252184,20.000000000,0.000000000000,0.908459846007,90.845984601
2026-07-14T18:00:00Z,2461236.250000000,42165.456210,340157.359286,116.449077633,8.690414568,28.690414568,0.292647263,20.000000000,0.000000000000,0.908459556169,90.845955617
2026-07-14T19:00:00Z,2461236.291666667,42165.056067,332622.252432,129.714988930,8.690497677,28.690497677,0.299276850,20.000000000,0.000000000000,0.908459207983,90.845920798
2026-07-14T20:00:00Z,2461236.333333333,42164.612693,326959.437648,142.034060475,8.690589768,28.690589768,0.304460261,20.000000000,0.000000000000,0.908458822172,90.845882217
2026-07-14T21:00:00Z,2461236.375000000,42164.159177,323645.231714,151.454618669,8.690683967,28.690683967,0.307578038,20.000000000,0.000000000000,0.908458427525,90.845842753
2026-07-14T22:00:00Z,2461236.416666667,42163.731021,322978.797300,154.045507488,8.690772901,28.690772901,0.308212701,20.000000000,0.000000000000,0.908458054939,90.845805494
2026-07-14T23:00:00Z,2461236.458333333,42163.360628,325036.101948,147.987883827,8.690849838,28.690849838,0.306261861,20.000000000,0.000000000000,0.908457732610,90.845773261
2026-07-15T00:00:00Z,2461236.500000000,42163.068975,329657.264905,136.917363327,8.690910420,28.690910420,0.301968616,20.000000000,0.000000000000,0.908457478799,90.845747880
2026-07-15T01:00:00Z,2461236.541666667,42162.873023,336471.731777,123.969536854,8.690951123,28.690951123,0.295852876,20.000000000,0.000000000000,0.908457308270,90.845730827
2026-07-15T02:00:00Z,2461236.583333333,42162.788701,344952.392569,110.456624308,8.690968639,28.690968639,0.288579266,20.000000000,0.000000000000,0.908457234887,90.845723489
2026-07-15T03:00:00Z,2461236.625000000,42162.824876,354481.885061,96.906991111,8.690961125,28.690961125,0.280821362,20.000000000,0.000000000000,0.908457266370,90.845726637
2026-07-15T04:00:00Z,2461236.666666667,42162.981806,364415.351596,83.552568075,8.690928527,28.690928527,0.273166495,20.000000000,0.000000000000,0.908457402940,90.845740294
2026-07-15T05:00:00Z,2461236.708333333,42163.250510,374130.421604,70.506432857,8.690872711,28.690872711,0.266073111,20.000000000,0.000000000000,0.908457636780,90.845763678
2026-07-15T06:00:00Z,2461236.750000000,42163.612955,383062.145797,57.846131446,8.690797425,28.690797425,0.259869135,20.000000000,0.000000000000,0.908457952194,90.845795219
2026-07-15T07:00:00Z,2461236.791666667,42164.043111,390724.964866,45.683577767,8.690708075,28.690708075,0.254772600,20.000000000,0.010439240293,0.909289054871,90.928905487
2026-07-15T08:00:00Z,2461236.833333333,42164.508833,396725.336647,34.291876967,8.690611340,28.690611340,0.250919204,20.000000000,0.103035359104,0.916658025152,91.665802515
2026-07-15T09:00:00Z,2461236.875000000,42164.974435,400768.450426,24.479311114,8.690514633,28.690514633,0.248387814,20.000000000,0.212178397422,0.925343757334,92.534375733
2026-07-15T10:00:00Z,2461236.916666667,42165.403693,402661.598939,18.658075449,8.690425475,28.690425475,0.247219989,20.000000000,0.281438004303,0.930855635250,93.085563525
2026-07-15T11:00:00Z,2461236.958333333,42165.762993,402315.875016,20.476280362,8.690350850,28.690350850,0.247432435,20.000000000,0.259794176154,0.929133586771,92.913358677
2026-07-15T12:00:00Z,2461237.000000000,42166.024266,399747.131139,28.549264961,8.690296585,28.690296585,0.249022427,20.000000000,0.165033149193,0.921592971184,92.159297118
2026-07-15T13:00:00Z,2461237.041666667,42166.167418,395076.587323,39.288984642,8.690266854,28.690266854,0.251966356,20.000000000,0.055829930418,0.912902979708,91.290297971
2026-07-15T14:00:00Z,2461237.083333333,42166.181974,388531.004327,51.175398204,8.690263831,28.690263831,0.256211262,20.000000000,0.000000000000,0.908460187674,90.846018767
2026-07-15T15:00:00Z,2461237.125000000,42166.067797,380441.834737,63.721504545,8.690287544,28.690287544,0.261659009,20.000000000,0.000000000000,0.908460088327,90.846008833
2026-07-15T16:00:00Z,2461237.166666667,42165.834817,371242.104612,76.760646387,8.690335933,28.690335933,0.268143213,20.000000000,0.000000000000,0.908459885607,90.845988561
2026-07-15T17:00:00Z,2461237.208333333,42165.501850,361458.885263,90.223989260,8.690405088,28.690405088,0.275400812,20.000000000,0.000000000000,0.908459595881,90.845959588
2026-07-15T18:00:00Z,2461237.250000000,42165.094599,351698.147217,104.055447541,8.690489674,28.690489674,0.283044119,20.000000000,0.000000000000,0.908459241512,90.845924151
2026-07-15T19:00:00Z,2461237.291666667,42164.638825,342617.910788,118.152517939,8.690584340,28.690584340,0.290545564,20.000000000,0.000000000000,0.908458844911,90.845884491
2026-07-15T20:00:00Z,2461237.333333333,42164.163777,334885.949740,132.275155869,8.690683012,28.690683012,0.297253838,20.000000000,0.000000000000,0.908458431529,90.845843153
2026-07-15T21:00:00Z,2461237.375000000,42163.703658,329120.691072,145.795458925,8.690778584,28.690778584,0.302460928,20.000000000,0.000000000000,0.908458031126,90.845803113
2026-07-15T22:00:00Z,2461237.416666667,42163.292698,325820.360468,156.754757908,8.690863948,28.690863948,0.305524673,20.000000000,0.000000000000,0.908457673494,90.845767349
2026-07-15T23:00:00Z,2461237.458333333,42162.961620,325293.662462,159.656119698,8.690932720,28.690932720,0.306019367,20.000000000,0.000000000000,0.908457385373,90.845738537
2026-07-16T00:00:00Z,2461237.500000000,42162.734368,327610.976318,151.770370680,8.690979925,28.690979925,0.303854758,20.000000000,0.000000000000,0.908457187604,90.845718760
2026-07-16T01:00:00Z,2461237.541666667,42162.625798,332592.416144,139.062036470,8.691002478,28.691002478,0.299303698,20.000000000,0.000000000000,0.908457093117,90.845709312
2026-07-16T02:00:00Z,2461237.583333333,42162.640757,339836.985024,125.036342199,8.690999371,28.690999371,0.292923152,20.000000000,0.000000000000,0.908457106136,90.845710614
2026-07-16T03:00:00Z,2461237.625000000,42162.775632,348782.250852,110.771241934,8.690971354,28.690971354,0.285410450,20.000000000,0.000000000000,0.908457223514,90.845722351
2026-07-16T04:00:00Z,2461237.666666667,42163.023821,358775.972259,96.641842290,8.690919799,28.690919799,0.277460265,20.000000000,0.000000000000,0.908457439504,90.845743950
2026-07-16T05:00:00Z,2461237.708333333,42163.367918,369142.574131,82.793253415,8.690848323,28.690848323,0.269668312,20.000000000,0.000000000000,0.908457738954,90.845773895
2026-07-16T06:00:00Z,2461237.750000000,42163.780681,379234.383589,69.280484830,8.690762586,28.690762586,0.262492115,20.000000000,0.000000000000,0.908458098153,90.845809815
2026-07-16T07:00:00Z,2461237.791666667,42164.230705,388467.158695,56.128729752,8.690669110,28.690669110,0.256253372,20.000000000,0.000000000000,0.908458489769,90.845848977
2026-07-16T08:00:00Z,2461237.833333333,42164.688168,396342.316452,43.382504773,8.690574091,28.690574091,0.251161690,20.000000000,0.024194834731,0.910384251621,91.038425162
2026-07-16T09:00:00Z,2461237.875000000,42165.122480,402458.842235,31.203645662,8.690483883,28.690483883,0.247344538,20.000000000,0.135561995298,0.919246946596,91.924694660
2026-07-16T10:00:00Z,2461237.916666667,42165.504946,406519.538683,20.241492611,8.690404445,28.690404445,0.244873815,20.000000000,0.262596540372,0.929356367295,92.935636730
2026-07-16T11:00:00Z,2461237.958333333,42165.810346,408334.059456,13.438453761,8.690341015,28.690341015,0.243785659,20.000000000,0.340931570026,0.935590336627,93.559033663
2026-07-16T12:00:00Z,2461238.000000000,42166.018217,407820.393111,16.820044411,8.690297842,28.690297842,0.244092719,20.000000000,0.303045517743,0.932575641252,93.257564125
2026-07-16T13:00:00Z,2461238.041666667,42166.114014,405005.717156,26.826310924,8.690277945,28.690277945,0.245789105,20.000000000,0.184752122008,0.923162235273,92.316223527
2026-07-16T14:00:00Z,2461238.083333333,42166.090150,400026.965428,38.732851550,8.690282902,28.690282902,0.248848225,20.000000000,0.060678960783,0.913288786052,91.328878605
2026-07-16T15:00:00Z,2461238.125000000,42165.946798,393130.966742,51.387398606,8.690312675,28.690312675,0.253213356,20.000000000,0.000000000000,0.908459983044,90.845998304
2026-07-16T16:00:00Z,2461238.166666667,42165.693352,384673.380483,64.525040339,8.690365314,28.690365314,0.258780646,20.000000000,0.000000000000,0.908459762515,90.845976251
2026-07-16T17:00:00Z,2461238.208333333,42165.345478,375115.596091,78.084093509,8.690437567,28.690437567,0.265374312,20.000000000,0.000000000000,0.908459459815,90.845945982
2026-07-16T18:00:00Z,2461238.250000000,42164.924532,365016.067087,92.055762204,8.690524997,28.690524997,0.272716935,20.000000000,0.000000000000,0.908459093527,90.845909353
2026-07-16T19:00:00Z,2461238.291666667,42164.455228,355013.185825,106.431951942,8.690622475,28.690622475,0.280401091,20.000000000,0.000000000000,0.908458685148,90.845868515
2026-07-16T20:00:00Z,2461238.333333333,42163.967662,345796.410505,121.166770111,8.690723747,28.690723747,0.287874897,20.000000000,0.000000000000,0.908458260867,90.845826087
2026-07-16T21:00:00Z,2461238.375000000,42163.498375,338059.422444,136.117076053,8.690821225,28.690821225,0.294463396,20.000000000,0.000000000000,0.908457852483,90.845785248
2026-07-16T22:00:00Z,2461238.416666667,42163.084440,332435.859053,150.853919743,8.690907207,28.690907207,0.299444653,20.000000000,0.000000000000,0.908457492258,90.845749226
2026-07-16T23:00:00Z,2461238.458333333,42162.758957,329423.664033,163.568514781,8.690974818,28.690974818,0.302182750,20.000000000,0.000000000000,0.908457209003,90.845720900
2026-07-17T00:00:00Z,2461238.500000000,42162.546870,329313.326651,165.503528645,8.691018874,28.691018874,0.302283998,20.000000000,0.000000000000,0.908457024428,90.845702443
2026-07-17T01:00:00Z,2461238.541666667,42162.462140,332140.742871,154.052986210,8.691036474,28.691036474,0.299710720,20.000000000,0.000000000000,0.908456950690,90.845695069
2026-07-17T02:00:00Z,2461238.583333333,42162.506929,337681.058704,139.473879852,8.691027171,28.691027171,0.294793338,20.000000000,0.000000000000,0.908456989668,90.845698967
2026-07-17T03:00:00Z,2461238.625000000,42162.670775,345485.680608,124.458729805,8.690993135,28.690993135,0.288133814,20.000000000,0.000000000000,0.908457132260,90.845713226
2026-07-17T04:00:00Z,2461238.666666667,42162.939425,354948.990448,109.575078498,8.690937330,28.690937330,0.280451804,20.000000000,0.000000000000,0.908457366058,90.845736606
2026-07-17T05:00:00Z,2461238.708333333,42163.305420,365383.989532,95.000012945,8.690861305,28.690861305,0.272442322,20.000000000,0.000000000000,0.908457684566,90.845768457
2026-07-17T06:00:00Z,2461238.750000000,42163.741702,376090.284994,80.786125531,8.690770682,28.690770682,0.264686554,20.000000000,0.000000000000,0.908458064233,90.845806423
2026-07-17T07:00:00Z,2461238.791666667,42164.214380,386405.450737,66.931948276,8.690672501,28.690672501,0.257620648,20.000000000,0.000000000000,0.908458475563,90.845847556
2026-07-17T08:00:00Z,2461238.833333333,42164.691280,395739.047747,53.413958713,8.690573445,28.690573445,0.251544566,20.000000000,0.000000000000,0.908458890556,90.845889056
2026-07-17T09:00:00Z,2461238.875000000,42165.138095,403592.960432,40.212693652,8.690480640,28.690480640,0.246649482,20.000000000,0.048040742543,0.912282240183,91.228224018
2026-07-17T10:00:00Z,2461238.916666667,42165.521286,409572.373216,27.365170589,8.690401051,28.690401051,0.243048585,20.000000000,0.178543577745,0.922667659272,92.266765927
2026-07-17T11:00:00Z,2461238.958333333,42165.811423,413391.159076,15.230104999,8.690340791,28.690340791,0.240803361,20.000000000,0.321284638629,0.934026884440,93.402688444
2026-07-17T12:00:00Z,2461239.000000000,42165.986346,414874.324077,7.530311798,8.690304461,28.690304461,0.239942490,20.000000000,0.378922438992,0.938613707063,93.861370706
2026-07-17T13:00:00Z,2461239.041666667,42166.033493,413959.116602,14.841054165,8.690294669,28.690294669,0.240472973,20.000000000,0.325649478681,0.934374420602,93.437442060
2026-07-17T14:00:00Z,2461239.083333333,42165.950927,410695.635755,26.955802899,8.690311817,28.690311817,0.242383838,20.000000000,0.183256899262,0.923043107323,92.304310732
2026-07-17T15:00:00Z,2461239.125000000,42165.744946,405247.196387,39.833986072,8.690354598,28.690354598,0.245642643,20.000000000,0.051192928346,0.912533611207,91.253361121
2026-07-17T16:00:00Z,2461239.166666667,42165.423699,397890.199576,53.091751985,8.690421320,28.690421320,0.250184608,20.000000000,0.000000000000,0.908459527879,90.845952788
2026-07-17T17:00:00Z,2461239.208333333,42165.008300,389012.665498,66.692097441,8.690507599,28.690507599,0.255894029,20.000000000,0.000000000000,0.908459166418,90.845916642
2026-07-17T18:00:00Z,2461239.250000000,42164.529865,379109.807925,80.660524385,8.690606972,28.690606972,0.262578371,20.000000000,0.000000000000,0.908458750096,90.845875010
2026-07-17T19:00:00Z,2461239.291666667,42164.025863,368773.949459,95.032438429,8.690711658,28.690711658,0.269937873,20.000000000,0.000000000000,0.908458311515,90.845831151
2026-07-17T20:00:00Z,2461239.333333333,42163.535627,358674.862948,109.831763903,8.690813487,28.690813487,0.277538481,20.000000000,0.000000000000,0.908457884901,90.845788490
2026-07-17T21:00:00Z,2461239.375000000,42163.095697,349525.865953,125.052895321,8.690904869,28.690904869,0.284803235,20.000000000,0.000000000000,0.908457502054,90.845750205
2026-07-17T22:00:00Z,2461239.416666667,42162.736057,342031.905164,140.635478226,8.690979575,28.690979575,0.291043362,20.000000000,0.000000000000,0.908457189073,90.845718907
2026-07-17T23:00:00Z,2461239.458333333,42162.477989,336820.045209,156.391786629,8.691033182,28.691033182,0.295546925,20.000000000,0.000000000000,0.908456964482,90.845696448
2026-07-18T00:00:00Z,2461239.500000000,42162.332953,334360.793467,171.226961860,8.691063310,28.691063310,0.297720717,20.000000000,0.000000000000,0.908456838260,90.845683826
2026-07-18T01:00:00Z,2461239.541666667,42162.308766,334897.911597,168.726268976,8.691068334,28.691068334,0.297243221,20.000000000,0.000000000000,0.908456817210,90.845681721
2026-07-18T02:00:00Z,2461239.583333333,42162.408164,338408.145501,153.427874184,8.691047687,28.691047687,0.294159954,20.000000000,0.000000000000,0.908456903715,90.845690371
2026-07-18T03:00:00Z,2461239.625000000,42162.626531,344605.273776,137.662132312,8.691002326,28.691002326,0.288869952,20.000000000,0.000000000000,0.908457093756,90.845709376
2026-07-18T04:00:00Z,2461239.666666667,42162.951717,352986.846815,122.115025427,8.690934777,28.690934777,0.282010761,20.000000000,0.000000000000,0.908457376755,90.845737676
2026-07-18T05:00:00Z,2461239.708333333,42163.364248,362907.043741,106.934578666,8.690849086,28.690849086,0.274301834,20.000000000,0.000000000000,0.908457735760,90.845773576
2026-07-18T06:00:00Z,2461239.750000000,42163.838048,373654.258700,92.164313160,8.690750669,28.690750669,0.266412181,20.000000000,0.000000000000,0.908458148076,90.845814808
2026-07-18T07:00:00Z,2461239.791666667,42164.341749,384517.462395,77.797373996,8.690646045,28.690646045,0.258885579,20.000000000,0.000000000000,0.908458586400,90.845858640
2026-07-18T08:00:00Z,2461239.833333333,42164.840581,394834.682983,63.797401743,8.690542434,28.690542434,0.252120730,20.000000000,0.000000000000,0.908459020475,90.845902047
2026-07-18T09:00:00Z,2461239.875000000,42165.298787,404024.252914,50.111517723,8.690447264,28.690447264,0.246386185,20.000000000,0.000000000000,0.908459419187,90.845941919
2026-07-18T10:00:00Z,2461239.916666667,42165.682376,411602.885632,36.679372897,8.690367594,28.690367594,0.241849575,20.000000000,0.079516772045,0.914787496629,91.478749663
2026-07-18T11:00:00Z,2461239.958333333,42165.961978,417195.117048,23.441567189,8.690309522,28.690309522,0.238607719,20.000000000,0.224453620322,0.926321447837,92.632144784
2026-07-18T12:00:00Z,2461240.000000000,42166.115480,420537.745960,10.371816492,8.690277641,28.690277641,0.236711143,20.000000000,0.369833254722,0.937890525121,93.789052512
2026-07-18T13:00:00Z,2461240.041666667,42166.130133,421481.719116,3.285811387,8.690274597,28.690274597,0.236180989,20.000000000,0.378922438992,0.938613832174,93.861383217
2026-07-18T14:00:00Z,2461240.083333333,42166.003852,419992.898142,16.046243807,8.690300825,28.690300825,0.237018225,20.000000000,0.311991848134,0.933287555105,93.328755510
2026-07-18T15:00:00Z,2461240.125000000,42165.746112,416152.382821,29.206323891,8.690354356,28.690354356,0.239205591,20.000000000,0.157626972949,0.921003364377,92.100336438
2026-07-18T16:00:00Z,2461240.166666667,42165.371962,410156.460015,42.543264939,8.690432066,28.690432066,0.242702468,20.000000000,0.030022823496,0.910848623243,91.084862324
2026-07-18T17:00:00Z,2461240.208333333,42164.896761,402316.075333,56.107762032,8.690530766,28.690530766,0.247432312,20.000000000,0.000000000000,0.908459069361,90.845906936
2026-07-18T18:00:00Z,2461240.250000000,42164.347341,393054.471241,69.961281888,8.690644883,28.690644883,0.253262636,20.000000000,0.000000000000,0.908458591266,90.845859127
2026-07-18T19:00:00Z,2461240.291666667,42163.762189,382901.131472,84.162588134,8.690766427,28.690766427,0.259978414,20.000000000,0.000000000000,0.908458082061,90.845808206
2026-07-18T20:00:00Z,2461240.333333333,42163.188770,372479.018389,98.760292923,8.690885536,28.690885536,0.267252767,20.000000000,0.000000000000,0.908457583051,90.845758305
2026-07-18T21:00:00Z,2461240.375000000,42162.678843,362480.912383,113.783904450,8.690991459,28.690991459,0.274624305,20.000000000,0.000000000000,0.908457139281,90.845713928
2026-07-18T22:00:00Z,2461240.416666667,42162.282392,353630.257681,129.232829076,8.691073813,28.691073813,0.281497654,20.000000000,0.000000000000,0.908456794256,90.845679426
2026-07-18T23:00:00Z,2461240.458333333,42162.041119,346623.619581,145.064532546,8.691123933,28.691123933,0.287187885,20.000000000,0.000000000000,0.908456584277,90.845658428
2026-07-19T00:00:00Z,2461240.500000000,42161.982619,342057.138918,161.179391552,8.691136085,28.691136085,0.291021891,20.000000000,0.000000000000,0.908456533364,90.845653336
2026-07-19T01:00:00Z,2461240.541666667,42162.116261,340348.086169,177.089540846,8.691108324,28.691108324,0.292483266,20.000000000,0.000000000000,0.908456649673,90.845664967
2026-07-19T02:00:00Z,2461240.583333333,42162.431535,341670.939427,165.996450875,8.691042832,28.691042832,0.291350843,20.000000000,0.000000000000,0.908456924054,90.845692405
2026-07-19T03:00:00Z,2461240.625000000,42162.899203,345928.538291,149.841717613,8.690945685,28.690945685,0.287764942,20.000000000,0.000000000000,0.908457331054,90.845733105
2026-07-19T04:00:00Z,2461240.666666667,42163.475062,352768.759987,133.927027246,8.690826068,28.690826068,0.282185106,20.000000000,0.000000000000,0.908457832195,90.845783219
2026-07-19T05:00:00Z,2461240.708333333,42164.105687,361640.450273,118.375924123,8.690695078,28.690695078,0.275262544,20.000000000,0.000000000000,0.908458380978,90.845838098
2026-07-19T06:00:00Z,2461240.750000000,42164.733748,371869.713973,103.243885063,8.690564624,28.690564624,0.267690661,20.000000000,0.000000000000,0.908458927511,90.845892751
2026-07-19T07:00:00Z,2461240.791666667,42165.299605,382736.137582,88.541225488,8.690447094,28.690447094,0.260090489,20.000000000,0.000000000000,0.908459419900,90.845941990
2026-07-19T08:00:00Z,2461240.833333333,42165.797036,393534.490406,74.246131304,8.690343779,28.690343779,0.252953713,20.000000000,0.000000000000,0.908459852733,90.845985273
2026-07-19T09:00:00Z,2461240.875000000,42166.231997,403618.694846,60.316631383,8.690253441,28.690253441,0.246633756,20.000000000,0.000000000000,0.908460231199,90.846023120
2026-07-19T10:00:00Z,2461240.916666667,42166.590587,412429.579164,46.701728848,8.690178966,28.690178966,0.241364797,20.000000000,0.005642446609,0.908909554842,90.890955484
2026-07-19T11:00:00Z,2461240.958333333,42166.831072,419510.567534,33.354858685,8.690129021,28.690129021,0.237290737,20.000000000,0.112670150628,0.917426758155,91.742675815
2026-07-19T12:00:00Z,2461241.000000000,42166.896368,424515.680298,20.272191740,8.690115460,28.690115460,0.234493023,20.000000000,0.262226441221,0.929328126426,92.932812643
2026-07-19T13:00:00Z,2461241.041666667,42166.751294,427213.154580,7.871306048,8.690145590,28.690145590,0.233012398,20.000000000,0.378922438992,0.938614372642,93.861437264
2026-07-19T14:00:00Z,2461241.083333333,42166.391548,427486.787025,7.639194025,8.690220304,28.690220304,0.232863247,20.000000000,0.378922438992,0.938614059631,93.861405963
2026-07-19T15:00:00Z,2461241.125000000,42165.844869,425336.412584,20.000270458,8.690333845,28.690333845,0.234040541,20.000000000,0.265472751113,0.929585544651,92.958554465
2026-07-19T16:00:00Z,2461241.166666667,42165.173973,420877.991767,33.071703809,8.690473188,28.690473188,0.236519780,20.000000000,0.115628478619,0.917660732547,91.766073255
2026-07-19T17:00:00Z,2461241.208333333,42164.457191,414343.225403,46.404122727,8.690622067,28.690622067,0.240250046,20.000000000,0.006946945801,0.909011507238,90.901150724
2026-07-19T18:00:00Z,2461241.250000000,42163.760224,406078.120275,59.996550684,8.690766835,28.690766835,0.245140002,20.000000000,0.000000000000,0.908458080351,90.845808035
2026-07-19T19:00:00Z,2461241.291666667,42163.100026,396539.339637,73.890655638,8.690903970,28.690903970,0.251036898,20.000000000,0.000000000000,0.908457505822,90.845750582
2026-07-19T20:00:00Z,2461241.333333333,42162.536730,386285.535836,88.130638255,8.691020980,28.691020980,0.257700622,20.000000000,0.000000000000,0.908457015603,90.845701560
2026-07-19T21:00:00Z,2461241.375000000,42162.133387,375961.139989,102.747523074,8.691104766,28.691104766,0.264777476,20.000000000,0.000000000000,0.908456664579,90.845666458
2026-07-19T22:00:00Z,2461241.416666667,42161.930033,366268.160369,117.743282738,8.691147009,28.691147009,0.271784641,20.000000000,0.000000000000,0.908456487598,90.845648760
2026-07-19T23:00:00Z,2461241.458333333,42161.937537,357921.820500,133.065052749,8.691145450,28.691145450,0.278122407,20.000000000,0.000000000000,0.908456494129,90.845649413
2026-07-20T00:00:00Z,2461241.500000000,42162.137585,351588.665105,148.536451453,8.691103894,28.691103894,0.283132258,20.000000000,0.000000000000,0.908456668232,90.845666823
2026-07-20T01:00:00Z,2461241.541666667,42162.488588,347811.917203,163.459902543,8.691030980,28.691030980,0.286206701,20.000000000,0.000000000000,0.908456973707,90.845697371
2026-07-20T02:00:00Z,2461241.583333333,42162.935872,346937.507385,171.157844116,8.690938068,28.690938068,0.286928053,20.000000000,0.000000000000,0.908457362965,90.845736297
2026-07-20T03:00:00Z,2461241.625000000,42163.423494,349060.565975,159.744208299,8.690836779,28.690836779,0.285182882,20.000000000,0.000000000000,0.908457787319,90.845778732
2026-07-20T04:00:00Z,2461241.666666667,42163.904732,354010.071292,144.549143534,8.690736818,28.690736818,0.281195635,20.000000000,0.000000000000,0.908458206105,90.845820610
2026-07-20T05:00:00Z,2461241.708333333,42164.348732,361377.160071,129.128180076,8.690644595,28.690644595,0.275463095,20.000000000,0.000000000000,0.908458592476,90.845859248
2026-07-20T06:00:00Z,2461241.750000000,42164.741746,370576.936867,113.937249436,8.690562963,28.690562963,0.268624521,20.000000000,0.000000000000,0.908458934471,90.845893447
2026-07-20T07:00:00Z,2461241.791666667,42165.073729,380924.080285,99.107951168,8.690494009,28.690494009,0.261327749,20.000000000,0.000000000000,0.908459223352,90.845922335
2026-07-20T08:00:00Z,2461241.833333333,42165.336275,391704.834480,84.677896563,8.690439478,28.690439478,0.254135270,20.000000000,0.000000000000,0.908459451807,90.845945181
2026-07-20T09:00:00Z,2461241.875000000,42165.529937,402233.555350,70.642746691,8.690399255,28.690399255,0.247483074,20.000000000,0.000000000000,0.908459620321,90.845962032
2026-07-20T10:00:00Z,2461241.916666667,42165.652804,411891.640185,56.982366295,8.690373736,28.690373736,0.241680027,20.000000000,0.000000000000,0.908459727232,90.845972723
2026-07-20T11:00:00Z,2461241.958333333,42165.692302,420151.670114,43.686883219,8.690365532,28.690365532,0.236928657,20.000000000,0.022177160118,0.910224563929,91.022456393
2026-07-20T12:00:00Z,2461242.000000000,42165.626388,426590.915434,30.813019146,8.690379222,28.690379222,0.233352279,20.000000000,0.139819256198,0.919586167128,91.958616713
2026-07-20T13:00:00Z,2461242.041666667,42165.485167,430898.300122,18.728602061,8.690408553,28.690408553,0.231019610,20.000000000,0.280601628420,0.930789149466,93.078914947
2026-07-20T14:00:00Z,2461242.083333333,42165.334700,432877.249508,10.021701565,8.690439805,28.690439805,0.229963470,20.000000000,0.372413757081,0.938095195595,93.809519559
2026-07-20T15:00:00Z,2461242.125000000,42165.171079,432446.525496,13.899420198,8.690473789,28.690473789,0.230192519,20.000000000,0.336001428445,0.935197452174,93.519745217
2026-07-20T16:00:00Z,2461242.166666667,42164.959804,429640.632703,25.108264518,8.690517671,28.690517671,0.231695866,20.000000000,0.204776931345,0.924754754646,92.475475465
2026-07-20T17:00:00Z,2461242.208333333,42164.659778,424609.559641,37.684072518,8.690579988,28.690579988,0.234441177,20.000000000,0.070127100413,0.914039400482,91.403940048
2026-07-20T18:00:00Z,2461242.250000000,42164.262471,417617.855335,50.760359948,8.690662512,28.690662512,0.238366184,20.000000000,0.000000000000,0.908458517412,90.845851741
2026-07-20T19:00:00Z,2461242.291666667,42163.861470,409042.392764,64.191360034,8.690745804,28.690745804,0.243363496,20.000000000,0.000000000000,0.908458168458,90.845816846
2026-07-20T20:00:00Z,2461242.333333333,42163.499592,399366.376596,77.959034342,8.690820972,28.690820972,0.249259845,20.000000000,0.000000000000,0.908457853542,90.845785354
2026-07-20T21:00:00Z,2461242.375000000,42163.197833,389168.478042,92.068700510,8.690883653,28.690883653,0.255791575,20.000000000,0.000000000000,0.908457590938,90.845759094
2026-07-20T22:00:00Z,2461242.416666667,42162.973771,379103.089437,106.510768292,8.690930196,28.690930196,0.262583024,20.000000000,0.000000000000,0.908457395947,90.845739595
2026-07-20T23:00:00Z,2461242.458333333,42162.841069,369867.631161,121.225722195,8.690957761,28.690957761,0.269139673,20.000000000,0.000000000000,0.908457280462,90.845728046
2026-07-21T00:00:00Z,2461242.500000000,42162.808893,362153.800362,136.035867005,8.690964445,28.690964445,0.274872358,20.000000000,0.000000000000,0.908457252460,90.845725246
2026-07-21T01:00:00Z,2461242.541666667,42162.881205,356583.136759,150.416776387,8.690949424,28.690949424,0.279166542,20.000000000,0.000000000000,0.908457315391,90.845731539
2026-07-21T02:00:00Z,2461242.583333333,42163.055991,353634.008244,162.288608123,8.690913117,28.690913117,0.281494668,20.000000000,0.000000000000,0.908457467500,90.845746750
2026-07-21T03:00:00Z,2461242.625000000,42163.324609,353574.968674,163.656642730,8.690857319,28.690857319,0.281541672,20.000000000,0.000000000000,0.908457701265,90.845770126
2026-07-21T04:00:00Z,2461242.666666667,42163.671489,356423.327596,152.871733108,8.690785266,28.690785266,0.279291713,20.000000000,0.000000000000,0.908458003132,90.845800313
2026-07-21T05:00:00Z,2461242.708333333,42164.074437,361942.799948,138.741159169,8.690701569,28.690701569,0.275032601,20.000000000,0.000000000000,0.908458353784,90.845835378
2026-07-21T06:00:00Z,2461242.750000000,42164.505702,369681.048393,124.019862975,8.690611991,28.690611991,0.269275513,20.000000000,0.000000000000,0.908458729070,90.845872907
2026-07-21T07:00:00Z,2461242.791666667,42164.933930,379034.374608,109.360176787,8.690523045,28.690523045,0.262630628,20.000000000,0.000000000000,0.908459101704,90.845910170
2026-07-21T08:00:00Z,2461242.833333333,42165.329856,389320.793506,94.977950901,8.690440811,28.690440811,0.255691500,20.000000000,0.000000000000,0.908459446222,90.845944622
2026-07-21T09:00:00Z,2461242.875000000,42165.668973,399845.805831,80.953334619,8.690370377,28.690370377,0.248960972,20.000000000,0.000000000000,0.908459741301,90.845974130
2026-07-21T10:00:00Z,2461242.916666667,42165.927780,409952.919701,67.315622287,8.690316625,28.690316625,0.242822970,20.000000000,0.000000000000,0.908459966496,90.845996650
2026-07-21T11:00:00Z,2461242.958333333,42166.085095,419057.940487,54.088051855,8.690283952,28.690283952,0.237547038,20.000000000,0.000000000000,0.908460103378,90.846010338
2026-07-21T12:00:00Z,2461243.000000000,42166.124965,426669.946356,41.341757636,8.690275671,28.690275671,0.233309056,20.000000000,0.038997562558,0.911563465495,91.156346549
2026-07-21T13:00:00Z,2461243.041666667,42166.039988,432402.951131,29.334534077,8.690293320,28.690293320,0.230215716,20.000000000,0.156188930769,0.920889184324,92.088918432
2026-07-21T14:00:00Z,2461243.083333333,42165.833812,435981.774954,19.073554423,8.690336141,28.690336141,0.228325945,20.000000000,0.276505850130,0.930463521154,93.046352115
2026-07-21T15:00:00Z,2461243.125000000,42165.518925,437244.636029,14.469356467,8.690401542,28.690401542,0.227666485,20.000000000,0.329775730373,0.934702329540,93.470232954
2026-07-21T16:00:00Z,2461243.166666667,42165.112399,436144.097307,19.843576837,8.690485977,28.690485977,0.228240967,20.000000000,0.267342810636,0.929733721907,92.973372191
2026-07-21T17:00:00Z,2461243.208333333,42164.650664,432747.092972,30.326442323,8.690581881,28.690581881,0.230032637,20.000000000,0.145166456472,0.920010834773,92.001083477
2026-07-21T18:00:00Z,2461243.250000000,42164.177126,427234.163551,42.376632397,8.690680239,28.690680239,0.233000940,20.000000000,0.031226790737,0.910943392196,91.094339220
2026-07-21T19:00:00Z,2461243.291666667,42163.704612,419897.755890,55.102639856,8.690778386,28.690778386,0.237071930,20.000000000,0.000000000000,0.908458031957,90.845803196
2026-07-21T20:00:00Z,2461243.333333333,42163.259963,411138.530927,68.267216092,8.690870748,28.690870748,0.242122730,20.000000000,0.000000000000,0.908457645007,90.845764501
2026-07-21T21:00:00Z,2461243.375000000,42162.876252,401458.000815,81.794732559,8.690950453,28.690950453,0.247961176,20.000000000,0.000000000000,0.908457311080,90.845731108
2026-07-21T22:00:00Z,2461243.416666667,42162.585072,391444.948917,95.643593774,8.691010938,28.691010938,0.254303995,20.000000000,0.000000000000,0.908457057675,90.845705767
2026-07-21T23:00:00Z,2461243.458333333,42162.413287,381752.211796,109.748808257,8.691046623,28.691046623,0.260760849,20.000000000,0.000000000000,0.908456908173,90.845690817
2026-07-22T00:00:00Z,2461243.500000000,42162.379763,373060.262836,123.961183154,8.691053586,28.691053586,0.266836372,20.000000000,0.000000000000,0.908456878998,90.845687900
2026-07-22T01:00:00Z,2461243.541666667,42162.492583,366025.563487,137.915647856,8.691030151,28.691030151,0.271964778,20.000000000,0.000000000000,0.908456977183,90.845697718
2026-07-22T02:00:00Z,2461243.583333333,42162.747191,361215.863473,150.601176624,8.690977262,28.690977262,0.275586100,20.000000000,0.000000000000,0.908457198763,90.845719876
2026-07-22T03:00:00Z,2461243.625000000,42163.125857,359041.352309,158.836647856,8.690898604,28.690898604,0.277255183,20.000000000,0.000000000000,0.908457528301,90.845752830
2026-07-22T04:00:00Z,2461243.666666667,42163.598641,359697.050175,156.865419549,8.690800398,28.690800398,0.276749766,20.000000000,0.000000000000,0.908457939738,90.845793974
2026-07-22T05:00:00Z,2461243.708333333,42164.125862,363133.222939,146.506812307,8.690690887,28.690690887,0.274130982,20.000000000,0.000000000000,0.908458398535,90.845839853
2026-07-22T06:00:00Z,2461243.750000000,42164.661814,369063.669351,133.243185067,8.690579565,28.690579565,0.269725967,20.000000000,0.000000000000,0.908458864916,90.845886492
2026-07-22T07:00:00Z,2461243.791666667,42165.159314,377009.038982,119.218758218,8.690476233,28.690476233,0.264041520,20.000000000,0.000000000000,0.908459297824,90.845929782
2026-07-22T08:00:00Z,2461243.833333333,42165.574506,386361.361249,105.130180281,8.690389998,28.690389998,0.257650047,20.000000000,0.000000000000,0.908459659103,90.845965910
2026-07-22T09:00:00Z,2461243.875000000,42165.871318,396452.658517,91.246445546,8.690328351,28.690328351,0.251091786,20.000000000,0.000000000000,0.908459917368,90.845991737
2026-07-22T10:00:00Z,2461243.916666667,42166.024996,406614.688750,77.687080662,8.690296434,28.690296434,0.244816513,20.000000000,0.000000000000,0.908460051085,90.846005108
2026-07-22T11:00:00Z,2461243.958333333,42166.024294,416223.970980,64.520845818,8.690296579,28.690296579,0.239164448,20.000000000,0.000000000000,0.908460050475,90.846005047
2026-07-22T12:00:00Z,2461244.000000000,42165.872092,424732.067299,51.827829312,8.690328191,28.690328191,0.234373556,20.000000000,0.000000000000,0.908459918041,90.845991804
2026-07-22T13:00:00Z,2461244.041666667,42165.602091,431684.127098,39.787530855,8.690384269,28.690384269,0.230599065,20.000000000,0.051583972114,0.912564605178,91.256460518
2026-07-22T14:00:00Z,2461244.083333333,42165.291741,436729.246132,28.909195916,8.690448728,28.690448728,0.227935158,20.000000000,0.160969239350,0.921268938121,92.126893812
2026-07-22T15:00:00Z,2461244.125000000,42164.964160,439625.533624,20.767563045,8.690516767,28.690516767,0.226433496,20.000000000,0.256319468120,0.928856383190,92.885638319
2026-07-22T16:00:00Z,2461244.166666667,42164.600466,440242.562448,19.033240445,8.690592308,28.690592308,0.226116133,20.000000000,0.276988196304,0.930500831842,93.050083184
2026-07-22T17:00:00Z,2461244.208333333,42164.161901,438562.145091,25.035963018,8.690683401,28.690683401,0.226982536,20.000000000,0.205628193366,0.924821801602,92.482180160
2026-07-22T18:00:00Z,2461244.250000000,42163.641223,434678.162785,35.050414762,8.690791553,28.690791553,0.229010705,20.000000000,0.095395586135,0.916049316335,91.604931633
2026-07-22T19:00:00Z,2461244.291666667,42163.142299,428795.610075,46.651077387,8.690895189,28.690895189,0.232152469,20.000000000,0.005860995084,0.908923945780,90.892394578
2026-07-22T20:00:00Z,2461244.333333333,42162.710926,421227.977703,59.022725525,8.690984795,28.690984795,0.236323262,20.000000000,0.000000000000,0.908457167202,90.845716720
2026-07-22T21:00:00Z,2461244.375000000,42162.376552,412392.439132,71.885112846,8.691054253,28.691054253,0.241386535,20.000000000,0.000000000000,0.908456876204,90.845687620
2026-07-22T22:00:00Z,2461244.416666667,42162.165291,402800.771223,85.118318123,8.691098139,28.691098139,0.247134571,20.000000000,0.000000000000,0.908456692344,90.845669234
2026-07-22T23:00:00Z,2461244.458333333,42162.097401,393043.393243,98.635154388,8.691112241,28.691112241,0.253269774,20.000000000,0.000000000000,0.908456633259,90.845663326
2026-07-23T00:00:00Z,2461244.500000000,42162.184553,383763.318639,112.310044281,8.691094137,28.691094137,0.259394326,20.000000000,0.000000000000,0.908456709108,90.845670911
2026-07-23T01:00:00Z,2461244.541666667,42162.427380,375617.060913,125.891576366,8.691043695,28.691043695,0.265020023,20.000000000,0.000000000000,0.908456920438,90.845692044
2026-07-23T02:00:00Z,2461244.583333333,42162.813931,369221.611722,138.807532616,8.690963398,28.690963398,0.269610585,20.000000000,0.000000000000,0.908457256844,90.845725684
2026-07-23T03:00:00Z,2461244.625000000,42163.319472,365091.177047,149.610585620,8.690858387,28.690858387,0.272660829,20.000000000,0.000000000000,0.908457696794,90.845769679
2026-07-23T04:00:00Z,2461244.666666667,42163.907877,363573.671193,154.864677474,8.690736165,28.690736165,0.273798886,20.000000000,0.000000000000,0.908458208842,90.845820884
2026-07-23T05:00:00Z,2461244.708333333,42164.534529,364801.951481,151.181172346,8.690606003,28.690606003,0.272877004,20.000000000,0.000000000000,0.908458754155,90.845875415
2026-07-23T06:00:00Z,2461244.750000000,42165.150405,368674.171602,141.121927967,8.690478083,28.690478083,0.270010930,20.000000000,0.000000000000,0.908459290072,90.845929007
2026-07-23T07:00:00Z,2461244.791666667,42165.706841,374869.689922,128.513088910,8.690362513,28.690362513,0.265548393,20.000000000,0.000000000000,0.908459774251,90.845977425
2026-07-23T08:00:00Z,2461244.833333333,42166.161126,382895.311962,115.086978653,8.690268161,28.690268161,0.259982365,20.000000000,0.000000000000,0.908460169534,90.846016953
2026-07-23T09:00:00Z,2461244.875000000,42166.481168,392147.977235,101.521135711,8.690201691,28.690201691,0.253848085,20.000000000,0.000000000000,0.908460448003,90.846044800
2026-07-23T10:00:00Z,2461244.916666667,42166.648588,401978.597489,88.110845665,8.690166920,28.690166920,0.247640043,20.000000000,0.000000000000,0.908460593673,90.846059367
2026-07-23T11:00:00Z,2461244.958333333,42166.661690,411746.464126,75.006302413,8.690164199,28.690164199,0.241765240,20.000000000,0.000000000000,0.908460605072,90.846060507
2026-07-23T12:00:00Z,2461245.000000000,42166.528990,420859.779787,62.314277791,8.690191759,28.690191759,0.236530015,20.000000000,0.000000000000,0.908460489612,90.846048961
2026-07-23T13:00:00Z,2461245.041666667,42166.253692,428802.863135,50.174068176,8.690248935,28.690248935,0.232148542,20.000000000,0.000000000000,0.908460250076,90.846025008
2026-07-23T14:00:00Z,2461245.083333333,42165.839879,435152.744028,38.876936188,8.690334881,28.690334881,0.228760942,20.000000000,0.059412201099,0.913187762753,91.318776275
2026-07-23T15:00:00Z,2461245.125000000,42165.345723,439588.618940,29.159347138,8.690437516,28.690437516,0.226452511,20.000000000,0.158155294168,0.921045058451,92.104505845
2026-07-23T16:00:00Z,2461245.166666667,42164.792434,441896.691711,22.880828668,8.690552435,28.690552435,0.225269720,20.000000000,0.231118532666,0.926850807036,92.685080704
2026-07-23T17:00:00Z,2461245.208333333,42164.204233,441972.325545,22.926084285,8.690674609,28.690674609,0.225231169,20.000000000,0.230581913823,0.926807592419,92.680759242
2026-07-23T18:00:00Z,2461245.250000000,42163.611934,439820.796453,29.255319189,8.690797637,28.690797637,0.226332968,20.000000000,0.157082843079,0.920958206781,92.095820678
2026-07-23T19:00:00Z,2461245.291666667,42163.056627,435556.927956,38.969447503,8.690912985,28.690912985,0.228548658,20.000000000,0.058607873797,0.913121334463,91.312133446
2026-07-23T20:00:00Z,2461245.333333333,42162.582015,429403.641448,50.225913485,8.691011573,28.691011573,0.231823742,20.000000000,0.000000000000,0.908457055014,90.845705501
2026-07-23T21:00:00Z,2461245.375000000,42162.210916,421688.853598,62.293117034,8.691088661,28.691088661,0.236064976,20.000000000,0.000000000000,0.908456732052,90.845673205
2026-07-23T22:00:00Z,2461245.416666667,42161.980334,412839.725680,74.875463590,8.691136560,28.691136560,0.241125006,20.000000000,0.000000000000,0.908456531375,90.845653138
2026-07-23T23:00:00Z,2461245.458333333,42161.926426,403372.190098,87.822647290,8.691147759,28.691147759,0.246784477,20.000000000,0.000000000000,0.908456484459,90.845648446
2026-07-24T00:00:00Z,2461245.500000000,42162.041968,393873.066719,101.009249562,8.691123757,28.691123757,0.252736271,20.000000000,0.000000000000,0.908456585016,90.845658502
2026-07-24T01:00:00Z,2461245.541666667,42162.313159,384972.107600,114.254285540,8.691067422,28.691067422,0.258579838,20.000000000,0.000000000000,0.908456821033,90.845682103
2026-07-24T02:00:00Z,2461245.583333333,42162.719906,377301.258925,127.211525531,8.690982930,28.690982930,0.263837018,20.000000000,0.000000000000,0.908457175018,90.845717502
2026-07-24T03:00:00Z,2461245.625000000,42163.233445,371441.312291,139.129512544,8.690876256,28.690876256,0.267999404,20.000000000,0.000000000000,0.908457621930,90.845762193
2026-07-24T04:00:00Z,2461245.666666667,42163.818519,367860.726821,148.283583464,8.690754726,28.690754726,0.270608005,20.000000000,0.000000000000,0.908458131081,90.845813108
2026-07-24T05:00:00Z,2461245.708333333,42164.435707,366857.145232,151.467849663,8.690626529,28.690626529,0.271348291,20.000000000,0.000000000000,0.908458668161,90.845866816
2026-07-24T06:00:00Z,2461245.750000000,42165.043768,368515.853938,146.826123739,8.690500232,28.690500232,0.270126930,20.000000000,0.000000000000,0.908459197281,90.845919728
2026-07-24T07:00:00Z,2461245.791666667,42165.601972,372697.465121,136.937553935,8.690384293,28.690384293,0.267096123,20.000000000,0.000000000000,0.908459683002,90.845968300
2026-07-24T08:00:00Z,2461245.833333333,42166.071211,379058.793118,124.769782714,8.690286835,28.690286835,0.262613710,20.000000000,0.000000000000,0.908460091297,90.846009130
2026-07-24T09:00:00Z,2461245.875000000,42166.408987,387100.355223,111.787028521,8.690216682,28.690216682,0.257158177,20.000000000,0.000000000000,0.908460385198,90.846038520
2026-07-24T10:00:00Z,2461245.916666667,42166.594170,396226.789257,98.629254554,8.690178222,28.690178222,0.251234922,20.000000000,0.000000000000,0.908460546324,90.846054632
2026-07-24T11:00:00Z,2461245.958333333,42166.622777,405806.745516,85.600367908,8.690172281,28.690172281,0.245303935,20.000000000,0.000000000000,0.908460571215,90.846057122
2026-07-24T12:00:00Z,2461246.000000000,42166.499711,415223.106321,72.870782278,8.690197840,28.690197840,0.239740940,20.000000000,0.000000000000,0.908460464136,90.846046414
2026-07-24T13:00:00Z,2461246.041666667,42166.232948,423910.171809,60.577667787,8.690253244,28.690253244,0.234827972,20.000000000,0.000000000000,0.908460232026,90.846023203
2026-07-24T14:00:00Z,2461246.083333333,42165.832715,431378.620066,48.910766358,8.690336369,28.690336369,0.230762379,20.000000000,0.000000000000,0.908459883778,90.845988378
2026-07-24T15:00:00Z,2461246.125000000,42165.324342,437230.717001,38.254860732,8.690441956,28.690441956,0.227673732,20.000000000,0.064937838027,0.913627030382,91.362703038
2026-07-24T16:00:00Z,2461246.166666667,42164.741532,441169.118672,29.510830020,8.690563007,28.690563007,0.225641235,20.000000000,0.154220281924,0.920731394382,92.073139438
2026-07-24T17:00:00Z,2461246.208333333,42164.122982,443001.503585,24.618925565,8.690691485,28.690691485,0.224707911,20.000000000,0.210534870331,0.925212228681,92.521222868
2026-07-24T18:00:00Z,2461246.250000000,42163.509888,442642.720027,25.785312331,8.690818833,28.690818833,0.224890049,20.000000000,0.196853567589,0.924122971676,92.412297168
2026-07-24T19:00:00Z,2461246.291666667,42162.943281,440115.445833,32.367627530,8.690936529,28.690936529,0.226181441,20.000000000,0.123059118211,0.918250102891,91.825010289
2026-07-24T20:00:00Z,2461246.333333333,42162.461331,435549.762359,41.943757696,8.691036642,28.691036642,0.228552418,20.000000000,0.034418093609,0.911195854850,91.119585485
2026-07-24T21:00:00Z,2461246.375000000,42162.096806,429181.531349,52.995748679,8.691112365,28.691112365,0.231943716,20.000000000,0.000000000000,0.908456632742,90.845663274
2026-07-24T22:00:00Z,2461246.416666667,42161.874834,421348.939643,64.862966765,8.691158476,28.691158476,0.236255417,20.000000000,0.000000000000,0.908456439558,90.845643956
2026-07-24T23:00:00Z,2461246.458333333,42161.811115,412485.972826,77.250592001,8.691171712,28.691171712,0.241331798,20.000000000,0.000000000000,0.908456384102,90.845638410
2026-07-25T00:00:00Z,2461246.500000000,42161.910730,403110.886441,89.991542003,8.691151019,28.691151019,0.246944448,20.000000000,0.000000000000,0.908456470799,90.845647080
2026-07-25T01:00:00Z,2461246.541666667,42162.167635,393807.094263,102.933574083,8.691097652,28.691097652,0.252778611,20.000000000,0.000000000000,0.908456694384,90.845669438
2026-07-25T02:00:00Z,2461246.583333333,42162.564906,385193.664274,115.853250065,8.691015127,28.691015127,0.258431106,20.000000000,0.000000000000,0.908457040125,90.845704012
2026-07-25T03:00:00Z,2461246.625000000,42163.075755,377883.476114,128.329930210,8.690909011,28.690909011,0.263430513,20.000000000,0.000000000000,0.908457484700,90.845748470
2026-07-25T04:00:00Z,2461246.666666667,42163.665259,372429.807659,139.477542489,8.690786560,28.690786560,0.267288080,20.000000000,0.000000000000,0.908457997710,90.845799771
2026-07-25T05:00:00Z,2461246.708333333,42164.292704,369266.847409,147.409614079,8.690656232,28.690656232,0.269577557,20.000000000,0.000000000000,0.908458543721,90.845854372
2026-07-25T06:00:00Z,2461246.750000000,42164.914398,368654.973466,149.200204571,8.690527102,28.690527102,0.270024991,20.000000000,0.000000000000,0.908459084708,90.845908471
2026-07-25T07:00:00Z,2461246.791666667,42165.486735,370644.429444,143.876161364,8.690408228,28.690408228,0.268575605,20.000000000,0.000000000000,0.908459582729,90.845958273
2026-07-25T08:00:00Z,2461246.833333333,42165.969308,375068.148686,133.973454775,8.690308000,28.690308000,0.265407883,20.000000000,0.000000000000,0.908460002631,90.846000263
2026-07-25T09:00:00Z,2461246.875000000,42166.327826,381566.006809,122.009864637,8.690233539,28.690233539,0.260888102,20.000000000,0.000000000000,0.908460314580,90.846031458
2026-07-25T10:00:00Z,2461246.916666667,42166.536616,389633.023119,109.272626911,8.690190176,28.690190176,0.255486602,20.000000000,0.000000000000,0.908460496247,90.846049625
2026-07-25T11:00:00Z,2461246.958333333,42166.578481,398678.428089,96.358624481,8.690181481,28.690181481,0.249689964,20.000000000,0.000000000000,0.908460532673,90.846053267
2026-07-25T12:00:00Z,2461247.000000000,42166.439350,408083.058018,83.566268085,8.690210376,28.690210376,0.243935606,20.000000000,0.000000000000,0.908460411617,90.846041162
2026-07-25T13:00:00Z,2461247.041666667,42166.134134,417245.632975,71.074599135,8.690273767,28.690273767,0.238578830,20.000000000,0.000000000000,0.908460146048,90.846014605
2026-07-25T14:00:00Z,2461247.083333333,42165.690694,425618.023263,59.039970647,8.690365866,28.690365866,0.233885687,20.000000000,0.000000000000,0.908459760201,90.845976020
2026-07-25T15:00:00Z,2461247.125000000,42165.142198,432728.905562,47.688232572,8.690479788,28.690479788,0.230042305,20.000000000,0.002029263321,0.908620766575,90.862076658
2026-07-25T16:00:00Z,2461247.166666667,42164.525247,438198.373455,37.473817427,8.690607931,28.690607931,0.227170967,20.000000000,0.072065958173,0.914193572814,91.419357281
2026-07-25T17:00:00Z,2461247.208333333,42163.879704,441746.283418,29.417216056,8.690742017,28.690742017,0.225346421,20.000000000,0.155268952690,0.920814094990,92.081409499
2026-07-25T18:00:00Z,2461247.250000000,42163.246200,443196.515429,25.498830414,8.690873607,28.690873607,0.224609036,20.000000000,0.200203137718,0.924389292525,92.438929252
2026-07-25T19:00:00Z,2461247.291666667,42162.661047,442478.624445,27.489829044,8.690995156,28.690995156,0.224973451,20.000000000,0.177119760538,0.922551866499,92.255186650
2026-07-25T20:00:00Z,2461247.333333333,42162.162580,439628.712266,34.397298778,8.691098702,28.691098702,0.226431859,20.000000000,0.101969695741,0.916571180546,91.657118055
2026-07-25T21:00:00Z,2461247.375000000,42161.783998,434789.039034,44.024502451,8.691177346,28.691177346,0.228952304,20.000000000,0.020010731428,0.910048763913,91.004876391
2026-07-25T22:00:00Z,2461247.416666667,42161.550725,428206.304702,55.044093562,8.691225805,28.691225805,0.232471964,20.000000000,0.000000000000,0.908456157479,90.845615748
2026-07-25T23:00:00Z,2461247.458333333,42161.478687,420227.976390,66.857856854,8.691240770,28.691240770,0.236885635,20.000000000,0.000000000000,0.908456094782,90.845609478
2026-07-26T00:00:00Z,2461247.500000000,42161.573138,411295.345087,79.184795177,8.691221149,28.691221149,0.242030416,20.000000000,0.000000000000,0.908456176986,90.845617699
2026-07-26T01:00:00Z,2461247.541666667,42161.828148,401931.312574,91.854757017,8.691168174,28.691168174,0.247669177,20.000000000,0.000000000000,0.908456398927,90.845639893
2026-07-26T02:00:00Z,2461247.583333333,42162.226832,392720.296977,104.702480925,8.691085355,28.691085355,0.253478144,20.000000000,0.000000000000,0.908456745903,90.845674590
2026-07-26T03:00:00Z,2461247.625000000,42162.742312,384277.520895,117.478396615,8.690978275,28.690978275,0.259047228,20.000000000,0.000000000000,0.908457194516,90.845719452
2026-07-26T04:00:00Z,2461247.666666667,42163.339378,377205.999004,129.709700875,8.690854252,28.690854252,0.263903648,20.000000000,0.000000000000,0.908457714117,90.845771412
2026-07-26T05:00:00Z,2461247.708333333,42163.976763,372042.486979,140.405277101,8.690721857,28.690721857,0.267566347,20.000000000,0.000000000000,0.908458268788,90.845826879
2026-07-26T06:00:00Z,2461247.750000000,42164.609959,369198.502043,147.529189336,8.690590336,28.690590336,0.269627461,20.000000000,0.000000000000,0.908458819793,90.845881979
2026-07-26T07:00:00Z,2461247.791666667,42165.203148,368907.573380,148.281333687,8.690467128,28.690467128,0.269840097,20.000000000,0.000000000000,0.908459335967,90.845933597
2026-07-26T08:00:00Z,2461247.833333333,42165.728802,371192.258639,142.256567982,8.690357951,28.690357951,0.268179221,20.000000000,0.000000000000,0.908459793361,90.845979336
2026-07-26T09:00:00Z,2461247.875000000,42166.156084,375861.072768,132.085934811,8.690269208,28.690269208,0.264847969,20.000000000,0.000000000000,0.908460165147,90.846016515
2026-07-26T10:00:00Z,2461247.916666667,42166.456307,382535.851700,120.063211787,8.690206855,28.690206855,0.260226667,20.000000000,0.000000000000,0.908460426371,90.846042637
2026-07-26T11:00:00Z,2461247.958333333,42166.602906,390701.351472,107.347208780,8.690176408,28.690176408,0.254787999,20.000000000,0.000000000000,0.908460553926,90.846055393
2026-07-26T12:00:00Z,2461248.000000000,42166.573684,399763.881423,94.485075721,8.690182477,28.690182477,0.249011993,20.000000000,0.000000000000,0.908460528500,90.846052850
2026-07-26T13:00:00Z,2461248.041666667,42166.355859,409106.941336,81.757268019,8.690227717,28.690227717,0.243325098,20.000000000,0.000000000000,0.908460338971,90.846033897
2026-07-26T14:00:00Z,2461248.083333333,42165.961985,418136.639842,69.337701732,8.690309521,28.690309521,0.238070440,20.000000000,0.000000000000,0.908459996258,90.845999626
2026-07-26T15:00:00Z,2461248.125000000,42165.448964,426314.842312,57.387147258,8.690416073,28.690416073,0.233503395,20.000000000,0.000000000000,0.908459549864,90.845954986
2026-07-26T16:00:00Z,2461248.166666667,42164.853181,433181.528812,46.149682313,8.690539817,28.690539817,0.229801937,20.000000000,0.008127258861,0.909105778149,90.910577815
2026-07-26T17:00:00Z,2461248.208333333,42164.211222,438368.407840,36.129064056,8.690673157,28.690673157,0.227082851,20.000000000,0.084796850060,0.915206391738,91.520639174
2026-07-26T18:00:00Z,2461248.250000000,42163.561724,441606.819474,28.460958704,8.690808066,28.690808066,0.225417588,20.000000000,0.166040040764,0.921670954231,92.167095423
2026-07-26T19:00:00Z,2461248.291666667,42162.944516,442732.012996,25.252097363,8.690936273,28.690936273,0.224844691,20.000000000,0.203094621295,0.924619126935,92.461912694
2026-07-26T20:00:00Z,2461248.333333333,42162.399432,441685.234312,28.037904576,8.691049501,28.691049501,0.225377568,20.000000000,0.170852314997,0.922052891350,92.205289135
2026-07-26T21:00:00Z,2461248.375000000,42161.964342,438514.438658,35.463319856,8.691139882,28.691139882,0.227007229,20.000000000,0.091304053077,0.915722263144,91.572226314
2026-07-26T22:00:00Z,2461248.416666667,42161.672256,433373.905621,45.373320167,8.691200558,28.691200558,0.229699926,20.000000000,0.012079353782,0.909417507683,90.941750768
2026-07-26T23:00:00Z,2461248.458333333,42161.552894,426522.527136,56.565214725,8.691225354,28.691225354,0.233389695,20.000000000,0.000000000000,0.908456159367,90.845615937
2026-07-27T00:00:00Z,2461248.500000000,42161.641982,418320.015298,68.505606844,8.691206847,28.691206847,0.237966078,20.000000000,0.000000000000,0.908456236903,90.845623690
2026-07-27T01:00:00Z,2461248.541666667,42161.932161,409219.707149,80.941283610,8.691146567,28.691146567,0.243258046,20.000000000,0.000000000000,0.908456489450,90.845648945
2026-07-27T02:00:00Z,2461248.583333333,42162.392643,399755.665638,93.713049850,8.691050911,28.691050911,0.249017110,20.000000000,0.000000000000,0.908456890207,90.845689021
2026-07-27T03:00:00Z,2461248.625000000,42162.977601,390521.488659,106.656802351,8.690929400,28.690929400,0.254905347,20.000000000,0.000000000000,0.908457399280,90.845739928
2026-07-27T04:00:00Z,2461248.666666667,42163.632960,382138.051944,119.513004397,8.690793269,28.690793269,0.260497560,20.000000000,0.000000000000,0.908457969603,90.845796960
2026-07-27T05:00:00Z,2461248.708333333,42164.303711,375208.649397,131.774525485,8.690653946,28.690653946,0.265308498,20.000000000,0.000000000000,0.908458553299,90.845855330
2026-07-27T06:00:00Z,2461248.750000000,42164.940268,370263.230533,142.348210082,8.690521729,28.690521729,0.268852115,20.000000000,0.000000000000,0.908459107220,90.845910722
2026-07-27T07:00:00Z,2461248.791666667,42165.502803,367698.557296,148.961487654,8.690404890,28.690404890,0.270727355,20.000000000,0.000000000000,0.908459596711,90.845959671
2026-07-27T08:00:00Z,2461248.833333333,42165.962976,367726.242600,148.714843858,8.690309315,28.690309315,0.270706972,20.000000000,0.000000000000,0.908459997121,90.845999712
2026-07-27T09:00:00Z,2461248.875000000,42166.303230,370342.336823,141.739924476,8.690238647,28.690238647,0.268794687,20.000000000,0.000000000000,0.908460293179,90.846029318
2026-07-27T10:00:00Z,2461248.916666667,42166.514351,375327.716435,130.980289412,8.690194800,28.690194800,0.265224332,20.000000000,0.000000000000,0.908460476875,90.846047687
2026-07-27T11:00:00Z,2461248.958333333,42166.592434,382279.146713,118.619032383,8.690178583,28.690178583,0.260401413,20.000000000,0.000000000000,0.908460544814,90.846054481
2026-07-27T12:00:00Z,2461249.000000000,42166.539930,390661.558036,105.695076826,8.690189487,28.690189487,0.254813952,20.000000000,0.000000000000,0.908460499131,90.846049913
2026-07-27T13:00:00Z,2461249.041666667,42166.360375,399867.917341,92.690907443,8.690226779,28.690226779,0.248947205,20.000000000,0.000000000000,0.908460342901,90.846034290
2026-07-27T14:00:00Z,2461249.083333333,42166.079284,409274.820247,79.853062625,8.690285158,28.690285158,0.243225289,20.000000000,0.000000000000,0.908460098322,90.846009832
2026-07-27T15:00:00Z,2461249.125000000,42165.700149,418286.882234,67.336711527,8.690363902,28.690363902,0.237984928,20.000000000,0.000000000000,0.908459768429,90.845976843
2026-07-27T16:00:00Z,2461249.166666667,42165.230649,426368.978841,55.292912863,8.690461416,28.690461416,0.233473746,20.000000000,0.000000000000,0.908459359897,90.845935990
2026-07-27T17:00:00Z,2461249.208333333,42164.721579,433067.248043,43.968599511,8.690567152,28.690567152,0.229862579,20.000000000,0.020361544650,0.910079237162,91.007923716
2026-07-27T18:00:00Z,2461249.250000000,42164.210115,438021.687638,33.907102133,8.690673387,28.690673387,0.227262602,20.000000000,0.106968677626,0.916970768752,91.697076875
2026-07-27T19:00:00Z,2461249.291666667,42163.726065,440973.601647,26.401038142,8.690773930,28.690773930,0.225741279,20.000000000,0.189684576560,0.923552669620,92.355266962
2026-07-27T20:00:00Z,2461249.333333333,42163.296760,441769.593459,23.863386370,8.690863104,28.690863104,0.225334531,20.000000000,0.219461389471,0.925921859505,92.592185951
2026-07-27T21:00:00Z,2461249.375000000,42162.946670,440363.531576,27.672093530,8.690935825,28.690935825,0.226054018,20.000000000,0.175029959777,0.922385814007,92.238581401
2026-07-27T22:00:00Z,2461249.416666667,42162.696983,436817.260255,35.905764611,8.690987691,28.690987691,0.227889232,20.000000000,0.086966919145,0.915377762602,91.537776260
2026-07-27T23:00:00Z,2461249.458333333,42162.564821,431300.271126,46.344394335,8.691015145,28.691015145,0.230804299,20.000000000,0.007220544217,0.909031632702,90.903163270
2026-07-28T00:00:00Z,2461249.500000000,42162.561988,424088.043664,57.908980809,8.691015733,28.691015733,0.234729480,20.000000000,0.000000000000,0.908457037585,90.845703758
2026-07-28T01:00:00Z,2461249.541666667,42162.693340,415558.199272,70.149888556,8.690988448,28.690988448,0.239547619,20.000000000,0.000000000000,0.908457151898,90.845715190
2026-07-28T02:00:00Z,2461249.583333333,42162.955121,406182.936361,82.858862079,8.690934070,28.690934070,0.245076742,20.000000000,0.000000000000,0.908457379717,90.845737972
2026-07-28T03:00:00Z,2461249.625000000,42163.333727,396515.448279,95.901928651,8.690855425,28.690855425,0.251052024,20.000000000,0.000000000000,0.908457709199,90.845770920
2026-07-28T04:00:00Z,2461249.666666667,42163.804575,387167.378148,109.129767712,8.690757622,28.690757622,0.257113659,20.000000000,0.000000000000,0.908458118947,90.845811895
2026-07-28T05:00:00Z,2461249.708333333,42164.329362,378774.372244,122.287826538,8.690648618,28.690648618,0.262810907,20.000000000,0.000000000000,0.908458575621,90.845857562
2026-07-28T06:00:00Z,2461249.750000000,42164.870435,371948.412482,134.847713190,8.690536234,28.690536234,0.267634021,20.000000000,0.000000000000,0.908459046453,90.845904645
2026-07-28T07:00:00Z,2461249.791666667,42165.391315,367218.845003,145.590367765,8.690428046,28.690428046,0.271081019,20.000000000,0.000000000000,0.908459499700,90.845949970
2026-07-28T08:00:00Z,2461249.833333333,42165.857929,364970.190792,151.808902395,8.690331132,28.690331132,0.272751216,20.000000000,0.000000000000,0.908459905717,90.845990572
2026-07-28T09:00:00Z,2461249.875000000,42166.240502,365389.948608,150.247374142,8.690251675,28.690251675,0.272437879,20.000000000,0.000000000000,0.908460238599,90.846023860
2026-07-28T10:00:00Z,2461249.916666667,42166.515018,368440.759330,141.877487631,8.690194661,28.690194661,0.270181986,20.000000000,0.000000000000,0.908460477455,90.846047745
2026-07-28T11:00:00Z,2461249.958333333,42166.664288,373865.683289,130.190053790,8.690163660,28.690163660,0.266261521,20.000000000,0.000000000000,0.908460607333,90.846060733
2026-07-28T12:00:00Z,2461250.000000000,42166.678687,381224.857877,117.246368223,8.690160669,28.690160669,0.261121566,20.000000000,0.000000000000,0.908460619862,90.846061986
2026-07-28T13:00:00Z,2461250.041666667,42166.556615,389952.322934,103.929698794,8.690186022,28.690186022,0.255277404,20.000000000,0.000000000000,0.908460513648,90.846051365
2026-07-28T14:00:00Z,2461250.083333333,42166.304689,399418.336065,90.632780355,8.690238344,28.690238344,0.249227420,20.000000000,0.000000000000,0.908460294448,90.846029445
2026-07-28T15:00:00Z,2461250.125000000,42165.937647,408985.374781,77.550873781,8.690314575,28.690314575,0.243397424,20.000000000,0.000000000000,0.908459975082,90.845997508
2026-07-28T16:00:00Z,2461250.166666667,42165.477878,418051.834879,64.805970679,8.690410067,28.690410067,0.238118735,20.000000000,0.000000000000,0.908459575023,90.845957502
2026-07-28T17:00:00Z,2461250.208333333,42164.954473,426082.613207,52.525445374,8.690518779,28.690518779,0.233630662,20.000000000,0.000000000000,0.908459119580,90.845911958
2026-07-28T18:00:00Z,2461250.250000000,42164.409081,432628.743039,40.943804621,8.690632060,28.690632060,0.230095565,20.000000000,0.042123667344,0.911810739931,91.181073993
2026-07-28T19:00:00Z,2461250.291666667,42163.889738,437339.017508,30.638606629,8.690739933,28.690739933,0.227617352,20.000000000,0.141734345583,0.919737053910,91.973705391
2026-07-28T20:00:00Z,2461250.333333333,42163.418049,439966.479722,23.151725842,8.690837910,28.690837910,0.226258023,20.000000000,0.227901940646,0.926593642777,92.659364278
2026-07-28T21:00:00Z,2461250.375000000,42163.012547,440372.061039,21.514149696,8.690922141,28.690922141,0.226049639,20.000000000,0.247412184090,0.928145865732,92.814586573
2026-07-28T22:00:00Z,2461250.416666667,42162.697009,438526.297582,26.812088625,8.690987686,28.690987686,0.227001090,20.000000000,0.184925570660,0.923173064428,92.317306443
2026-07-28T23:00:00Z,2461250.458333333,42162.500654,434509.884755,36.177515785,8.691028474,28.691028474,0.229099397,20.000000000,0.084332273872,0.915167933332,91.516793333
2026-07-29T00:00:00Z,2461250.500000000,42162.442860,428513.224037,47.354314187,8.691040479,28.691040479,0.232305456,20.000000000,0.003120348702,0.908705243370,90.870524337
2026-07-29T01:00:00Z,2461250.541666667,42162.526359,420834.917627,59.449120587,8.691023134,28.691023134,0.236543989,20.000000000,0.000000000000,0.908457006578,90.845700658
2026-07-29T02:00:00Z,2461250.583333333,42162.745159,411877.771364,72.125986488,8.690977684,28.690977684,0.241688164,20.000000000,0.000000000000,0.908457196995,90.845719699
2026-07-29T03:00:00Z,2461250.625000000,42163.085329,402140.753680,85.237903694,8.690907023,28.690907023,0.247540186,20.000000000,0.000000000000,0.908457493031,90.845749303
2026-07-29T04:00:00Z,2461250.666666667,42163.525720,392204.331212,98.687844246,8.690815545,28.690815545,0.253811610,20.000000000,0.000000000000,0.908457876279,90.845787628
2026-07-29T05:00:00Z,2461250.708333333,42164.038969,382705.912807,112.352824428,8.690708936,28.690708936,0.260111030,20.000000000,0.000000000000,0.908458322920,90.845832292
2026-07-29T06:00:00Z,2461250.750000000,42164.592803,374302.233445,125.997651318,8.690593899,28.690593899,0.265950977,20.000000000,0.000000000000,0.908458804864,90.845880486
2026-07-29T07:00:00Z,2461250.791666667,42165.151663,367617.348015,139.087683830,8.690477822,28.690477822,0.270787161,20.000000000,0.000000000000,0.908459291167,90.845929117
2026-07-29T08:00:00Z,2461250.833333333,42165.678654,363179.290595,150.236340192,8.690368367,28.690368367,0.274096210,20.000000000,0.000000000000,0.908459749725,90.845974972
2026-07-29T09:00:00Z,2461250.875000000,42166.137768,361354.871770,155.929494767,8.690273012,28.690273012,0.275480085,20.000000000,0.000000000000,0.908460149209,90.846014921
2026-07-29T10:00:00Z,2461250.916666667,42166.496294,362297.620440,152.317386475,8.690198550,28.690198550,0.274763242,20.000000000,0.000000000000,0.908460461164,90.846046116
2026-07-29T11:00:00Z,2461250.958333333,42166.727257,365924.080702,142.035265298,8.690150582,28.690150582,0.272040203,20.000000000,0.000000000000,0.908460662122,90.846066212
2026-07-29T12:00:00Z,2461251.000000000,42166.811685,371926.230672,129.176438148,8.690133047,28.690133047,0.267649983,20.000000000,0.000000000000,0.908460735581,90.846073558
2026-07-29T13:00:00Z,2461251.041666667,42166.740476,379815.859809,115.512496508,8.690147836,28.690147836,0.262090252,20.000000000,0.000000000000,0.908460673623,90.846067362
2026-07-29T14:00:00Z,2461251.083333333,42166.515621,388987.268791,101.709121577,8.690194536,28.690194536,0.255910736,20.000000000,0.000000000000,0.908460477979,90.846047798
2026-07-29T15:00:00Z,2461251.125000000,42166.150576,398782.471602,88.045340873,8.690270352,28.690270352,0.249624819,20.000000000,0.000000000000,0.908460160354,90.846016035
2026-07-29T16:00:00Z,2461251.166666667,42165.671502,408547.412331,74.651753605,8.690369852,28.690369852,0.243658348,20.000000000,0.000000000000,0.908459743502,90.845974350
2026-07-29T17:00:00Z,2461251.208333333,42165.121146,417674.249966,61.606336471,8.690484160,28.690484160,0.238333999,20.000000000,0.000000000000,0.908459264613,90.845926461
2026-07-29T18:00:00Z,2461251.250000000,42164.537502,425629.777714,48.999964430,8.690605386,28.690605386,0.233879228,20.000000000,0.000000000000,0.908458756742,90.845875674
2026-07-29T19:00:00Z,2461251.291666667,42163.956812,431973.212424,37.036376826,8.690726001,28.690726001,0.230444743,20.000000000,0.076146399631,0.914517789375,91.451778938
2026-07-29T20:00:00Z,2461251.333333333,42163.413224,436366.402041,26.316042078,8.690838912,28.690838912,0.228124690,20.000000000,0.190672474333,0.923631011782,92.363101178
2026-07-29T21:00:00Z,2461251.375000000,42162.937679,438579.327619,18.796477621,8.690937693,28.690937693,0.226973643,20.000000000,0.279803528117,0.930723421835,93.072342183
2026-07-29T22:00:00Z,2461251.416666667,42162.557169,438492.911187,18.684838397,8.691016734,28.691016734,0.227018374,20.000000000,0.281128538170,0.930828531638,93.082853164
2026-07-29T23:00:00Z,2461251.458333333,42162.294121,436100.347932,26.090082916,8.691071377,28.691071377,0.228263864,20.000000000,0.193303467940,0.923839405684,92.383940568
2026-07-30T00:00:00Z,2461251.500000000,42162.165646,431507.543035,36.802827743,8.691098065,28.691098065,0.230693433,20.000000000,0.078352909593,0.914691819086,91.469181909
2026-07-30T01:00:00Z,2461251.541666667,42162.182531,424932.691110,48.811158073,8.691094557,28.691094557,0.234262900,20.000000000,0.000000000000,0.908456707348,90.845670735
2026-07-30T02:00:00Z,2461251.583333333,42162.348018,416704.489819,61.502034927,8.691060181,28.691060181,0.238888657,20.000000000,0.000000000000,0.908456851370,90.845685137
2026-07-30T03:00:00Z,2461251.625000000,42162.656532,407257.823035,74.675761365,8.690996094,28.690996094,0.244429901,20.000000000,0.000000000000,0.908457119864,90.845711986
2026-07-30T04:00:00Z,2461251.666666667,42163.092712,397124.918588,88.254837893,8.690905489,28.690905489,0.250666730,20.000000000,0.000000000000,0.908457499457,90.845749946
2026-07-30T05:00:00Z,2461251.708333333,42163.631105,386919.043797,102.185410523,8.690793655,28.690793655,0.257278683,20.000000000,0.000000000000,0.908457967989,90.845796799
2026-07-30T06:00:00Z,2461251.750000000,42164.236475,377307.084121,116.379636948,8.690667911,28.690667911,0.263832945,20.000000000,0.000000000000,0.908458494790,90.845849479
2026-07-30T07:00:00Z,2461251.791666667,42164.858884,368967.608502,130.638699819,8.690538633,28.690538633,0.269796191,20.000000000,0.000000000000,0.908459036401,90.845903640
2026-07-30T08:00:00Z,2461251.833333333,42165.454225,362533.596977,144.451895080,8.690414980,28.690414980,0.274584395,20.000000000,0.000000000000,0.908459554442,90.845955444
2026-07-30T09:00:00Z,2461251.875000000,42165.986397,358523.952676,156.225492409,8.690304450,28.690304450,0.277655304,20.000000000,0.000000000000,0.908460017500,90.846001750
2026-07-30T10:00:00Z,2461251.916666667,42166.424703,357275.563125,160.866806558,8.690213418,28.690213418,0.278625492,20.000000000,0.000000000000,0.908460398873,90.846039887
2026-07-30T11:00:00Z,2461251.958333333,42166.744239,358893.054131,154.026455337,8.690147055,28.690147055,0.277369748,20.000000000,0.000000000000,0.908460676897,90.846067690
2026-07-30T12:00:00Z,2461252.000000000,42166.926050,363231.897504,141.515119990,8.690109296,28.690109296,0.274056512,20.000000000,0.000000000000,0.908460835086,90.846083509
2026-07-30T13:00:00Z,2461252.041666667,42166.957511,369920.658755,127.464704369,8.690102762,28.690102762,0.269101092,20.000000000,0.000000000000,0.908460862460,90.846086246
2026-07-30T14:00:00Z,2461252.083333333,42166.833146,378414.789854,113.100508237,8.690128590,28.690128590,0.263060641,20.000000000,0.000000000000,0.908460754254,90.846075425
2026-07-30T15:00:00Z,2461252.125000000,42166.555849,388065.540233,98.831811515,8.690186181,28.690186181,0.256518576,20.000000000,0.000000000000,0.908460512982,90.846051298
2026-07-30T16:00:00Z,2461252.166666667,42166.138189,398187.350932,84.817643106,8.690272924,28.690272924,0.249997904,20.000000000,0.000000000000,0.908460149576,90.846014958
2026-07-30T17:00:00Z,2461252.208333333,42165.603276,408113.135811,71.121006493,8.690384022,28.690384022,0.243917628,20.000000000,0.000000000000,0.908459684137,90.845968414
2026-07-30T18:00:00Z,2461252.250000000,42164.990208,417234.062979,57.771130291,8.690511356,28.690511356,0.238585446,20.000000000,0.000000000000,0.908459150675,90.845915068
2026-07-30T19:00:00Z,2461252.291666667,42164.348298,425025.253350,44.811395413,8.690644685,28.690644685,0.234211882,20.000000000,0.015227365091,0.909670347310,90.967034731
2026-07-30T20:00:00Z,2461252.333333333,42163.718601,431060.978087,32.388631173,8.690775480,28.690775480,0.230932425,20.000000000,0.122834169502,0.918232876759,91.823287676
2026-07-30T21:00:00Z,2461252.375000000,42163.139909,435023.073346,21.082829316,8.690895685,28.690895685,0.228829131,20.000000000,0.252560683997,0.928555681174,92.855568117
2026-07-30T22:00:00Z,2461252.416666667,42162.646943,436705.208079,13.575612765,8.690998086,28.690998086,0.227947705,20.000000000,0.339482328462,0.935472256853,93.547225685
2026-07-30T23:00:00Z,2461252.458333333,42162.268819,436014.930068,16.259916882,8.691076633,28.691076633,0.228308583,20.000000000,0.309543080475,0.933089438122,93.308943812
2026-07-31T00:00:00Z,2461252.500000000,42162.027858,432974.567439,26.208787149,8.691126688,28.691126688,0.229911782,20.000000000,0.191922890013,0.923729311055,92.372931106
2026-07-31T01:00:00Z,2461252.541666667,42161.938697,427721.433219,38.214178247,8.691145209,28.691145209,0.232735499,20.000000000,0.065310596604,0.913653747282,91.365374728
2026-07-31T02:00:00Z,2461252.583333333,42162.007640,420507.238345,50.985404837,8.691130888,28.691130888,0.236728316,20.000000000,0.000000000000,0.908456555140,90.845655514
2026-07-31T03:00:00Z,2461252.625000000,42162.232239,411696.043254,64.230514991,8.691084231,28.691084231,0.241794849,20.000000000,0.000000000000,0.908456750609,90.845675061
2026-07-31T04:00:00Z,2461252.666666667,42162.601138,401759.353783,77.878968213,8.691007601,28.691007601,0.247775183,20.000000000,0.000000000000,0.908457071656,90.845707166
2026-07-31T05:00:00Z,2461252.708333333,42163.094219,391266.034109,91.916662558,8.690905176,28.690905176,0.254420281,20.000000000,0.000000000000,0.908457500768,90.845750077
2026-07-31T06:00:00Z,2461252.750000000,42163.683180,380863.673194,106.330968322,8.690782838,28.690782838,0.261369197,20.000000000,0.000000000000,0.908458013306,90.845801331
2026-07-31T07:00:00Z,2461252.791666667,42164.332612,371247.351610,121.073334750,8.690647943,28.690647943,0.268139423,20.000000000,0.000000000000,0.908458578448,90.845857845
2026-07-31T08:00:00Z,2461252.833333333,42165.001655,363112.374845,136.000514043,8.690508979,28.690508979,0.274146722,20.000000000,0.000000000000,0.908459160636,90.845916064
2026-07-31T09:00:00Z,2461252.875000000,42165.646264,357090.775958,150.688651645,8.690375094,28.690375094,0.278769676,20.000000000,0.000000000000,0.908459721541,90.845972154
2026-07-31T10:00:00Z,2461252.916666667,42166.221985,353677.912910,163.366265470,8.690255521,28.690255521,0.281459724,20.000000000,0.000000000000,0.908460222488,90.846022249
2026-07-31T11:00:00Z,2461252.958333333,42166.687134,353163.560049,165.507793490,8.690158915,28.690158915,0.281869649,20.000000000,0.000000000000,0.908460627211,90.846062721
2026-07-31T12:00:00Z,2461253.000000000,42167.006090,355586.581396,154.258213056,8.690092673,28.690092673,0.279948931,20.000000000,0.000000000000,0.908460904727,90.846090473
2026-07-31T13:00:00Z,2461253.041666667,42167.152444,360728.270104,139.759777939,8.690062278,28.690062278,0.275958611,20.000000000,0.000000000000,0.908461032065,90.846103206
2026-07-31T14:00:00Z,2461253.083333333,42167.111856,368146.741652,124.775093777,8.690070707,28.690070707,0.270397767,20.000000000,0.000000000000,0.908460996750,90.846099675
2026-07-31T15:00:00Z,2461253.125000000,42166.892616,377240.619767,109.887403933,8.690116239,28.690116239,0.263879429,20.000000000,0.000000000000,0.908460805997,90.846080600
2026-07-31T16:00:00Z,2461253.166666667,42166.507627,387322.441035,95.281201481,8.690196196,28.690196196,0.257010724,20.000000000,0.000000000000,0.908460471024,90.846047102
2026-07-31T17:00:00Z,2461253.208333333,42165.987056,397687.022807,81.015264941,8.690304314,28.690304314,0.250312427,20.000000000,0.000000000000,0.908460018073,90.846001807
2026-07-31T18:00:00Z,2461253.250000000,42165.368861,407663.551119,67.094836385,8.690432710,28.690432710,0.244186630,20.000000000,0.000000000000,0.908459480162,90.845948016
2026-07-31T19:00:00Z,2461253.291666667,42164.692768,416651.699239,53.503679709,8.690573136,28.690573136,0.238918924,20.000000000,0.000000000000,0.908458891852,90.845889185
2026-07-31T20:00:00Z,2461253.333333333,42163.999469,424143.897612,40.231934298,8.690717140,28.690717140,0.234698569,20.000000000,0.047884136082,0.912268787023,91.226878702
2026-07-31T21:00:00Z,2461253.375000000,42163.329951,429737.849049,27.336156262,8.690856210,28.690856210,0.231643451,20.000000000,0.178882777158,0.922692745023,92.269274502
2026-07-31T22:00:00Z,2461253.416666667,42162.725142,433142.968666,15.248950060,8.690981842,28.690981842,0.229822395,20.000000000,0.321079977338,0.934007912335,93.400791234
2026-07-31T23:00:00Z,2461253.458333333,42162.224970,434183.411975,8.056150041,8.691085742,28.691085742,0.229271663,20.000000000,0.378922438992,0.938610433889,93.861043389
2026-08-01T00:00:00Z,2461253.500000000,42161.866152,432799.372289,15.541635874,8.691160279,28.691160279,0.230004850,20.000000000,0.317767810931,0.933743590935,93.374359093
2026-08-01T01:00:00Z,2461253.541666667,42161.677770,429047.508858,27.682931823,8.691199413,28.691199413,0.232016169,20.000000000,0.174909198204,0.922375099793,92.237509979
2026-08-01T02:00:00Z,2461253.583333333,42161.680420,423100.968584,40.620411125,8.691198862,28.691198862,0.235277096,20.000000000,0.044718161290,0.912014828564,91.201482856
2026-08-01T03:00:00Z,2461253.625000000,42161.879184,415248.526704,53.946256434,8.691157572,28.691157572,0.239726264,20.000000000,0.000000000000,0.908456443344,90.845644334
2026-08-01T04:00:00Z,2461253.666666667,42162.259480,405891.999281,67.612304270,8.691078573,28.691078573,0.245252411,20.000000000,0.000000000000,0.908456774317,90.845677432
2026-08-01T05:00:00Z,2461253.708333333,42162.788081,395540.365444,81.637223283,8.690968768,28.690968768,0.251670919,20.000000000,0.000000000000,0.908457234348,90.845723435
2026-08-01T06:00:00Z,2461253.750000000,42163.417127,384797.864658,96.050515105,8.690838102,28.690838102,0.258696928,20.000000000,0.000000000000,0.908457781778,90.845778178
2026-08-01T07:00:00Z,2461253.791666667,42164.090430,374342.283466,110.869759538,8.690698247,28.690698247,0.265922524,20.000000000,0.000000000000,0.908458367701,90.845836770
2026-08-01T08:00:00Z,2461253.833333333,42164.750742,364889.095294,126.081116798,8.690561094,28.690561094,0.272811834,20.000000000,0.000000000000,0.908458942299,90.845894230
2026-08-01T09:00:00Z,2461253.875000000,42165.346475,357138.285794,141.608999964,8.690437360,28.690437360,0.278732592,20.000000000,0.000000000000,0.908459460683,90.845946068
2026-08-01T10:00:00Z,2461253.916666667,42165.836660,351705.000020,157.212730845,8.690335550,28.690335550,0.283038604,20.000000000,0.000000000000,0.908459887211,90.845988721
2026-08-01T11:00:00Z,2461253.958333333,42166.193544,349042.877048,171.309815163,8.690261428,28.690261428,0.285197335,20.000000000,0.000000000000,0.908460197741,90.846019774
2026-08-01T12:00:00Z,2461254.000000000,42166.402821,349377.286648,167.371921711,8.690217963,28.690217963,0.284924354,20.000000000,0.000000000000,0.908460379833,90.846037983
2026-08-01T13:00:00Z,2461254.041666667,42166.461180,352668.739183,152.276522810,8.690205843,28.690205843,0.282265137,20.000000000,0.000000000000,0.908460430611,90.846043061
2026-08-01T14:00:00Z,2461254.083333333,42166.372770,358619.090443,136.620786698,8.690224204,28.690224204,0.277581644,20.000000000,0.000000000000,0.908460353686,90.846035369
2026-08-01T15:00:00Z,2461254.125000000,42166.142957,366718.074935,121.141353791,8.690271934,28.690271934,0.271451195,20.000000000,0.000000000000,0.908460153725,90.846015372
2026-08-01T16:00:00Z,2461254.166666667,42165.772265,376315.576037,106.001920983,8.690348924,28.690348924,0.264528091,20.000000000,0.000000000000,0.908459831179,90.845983118
2026-08-01T17:00:00Z,2461254.208333333,42165.266295,386697.988801,91.251979533,8.690454013,28.690454013,0.257425756,20.000000000,0.000000000000,0.908459390915,90.845939091
2026-08-01T18:00:00Z,2461254.250000000,42164.666829,397153.609156,76.888716969,8.690578523,28.690578523,0.250648622,20.000000000,0.000000000000,0.908458869280,90.845886928
2026-08-01T19:00:00Z,2461254.291666667,42164.029972,407020.547851,62.879819991,8.690710804,28.690710804,0.244572394,20.000000000,0.000000000000,0.908458315090,90.845831509
2026-08-01T20:00:00Z,2461254.333333333,42163.390703,415718.199462,49.176944849,8.690843590,28.690843590,0.239455423,20.000000000,0.000000000000,0.908457758783,90.845775878
2026-08-01T21:00:00Z,2461254.375000000,42162.783033,422765.790620,35.726056564,8.690969817,28.690969817,0.235463630,20.000000000,0.088721006349,0.915517423313,91.551742331
2026-08-01T22:00:00Z,2461254.416666667,42162.240691,427792.181620,22.482568677,8.691082476,28.691082476,0.232697009,20.000000000,0.235865962156,0.927226374857,92.722637486
2026-08-01T23:00:00Z,2461254.458333333,42161.797236,430540.535703,9.508243285,8.691174596,28.691174596,0.231211580,20.000000000,0.375713620984,0.938354712007,93.835471201
2026-08-02T00:00:00Z,2461254.500000000,42161.484824,430870.271130,4.786422646,8.691239495,28.691239495,0.231034638,20.000000000,0.378922438992,0.938609789731,93.860978973
2026-08-02T01:00:00Z,2461254.541666667,42161.331392,428757.734323,17.369551864,8.691271368,28.691271368,0.232172977,20.000000000,0.296642105242,0.932061995276,93.206199528
2026-08-02T02:00:00Z,2461254.583333333,42161.356635,424296.290917,30.536963526,8.691266125,28.691266125,0.234614272,20.000000000,0.142856828771,0.919824173783,91.982417378
2026-08-02T03:00:00Z,2461254.625000000,42161.567702,417695.953199,43.910715535,8.691222278,28.691222278,0.238321616,20.000000000,0.020735229072,0.910106229356,91.010622936
2026-08-02T04:00:00Z,2461254.666666667,42161.952852,409282.118121,57.521202446,8.691142269,28.691142269,0.243220952,20.000000000,0.000000000000,0.908456507458,90.845650746
2026-08-02T05:00:00Z,2461254.708333333,42162.470538,399492.321199,71.423809846,8.691034730,28.691034730,0.249181263,20.000000000,0.000000000000,0.908456957998,90.845695800
2026-08-02T06:00:00Z,2461254.750000000,42163.076660,388869.017527,85.674190224,8.690908823,28.690908823,0.255988557,20.000000000,0.000000000000,0.908457485487,90.845748549
2026-08-02T07:00:00Z,2461254.791666667,42163.737287,378045.405373,100.318567807,8.690771599,28.690771599,0.263317676,20.000000000,0.000000000000,0.908458060391,90.845806039
2026-08-02T08:00:00Z,2461254.833333333,42164.418224,367720.116209,115.384209733,8.690630161,28.690630161,0.270711482,20.000000000,0.000000000000,0.908458652948,90.845865295
2026-08-02T09:00:00Z,2461254.875000000,42165.068431,358616.302851,130.868726401,8.690495109,28.690495109,0.277583802,20.000000000,0.000000000000,0.908459218742,90.845921874
2026-08-02T10:00:00Z,2461254.916666667,42165.646727,351422.634572,146.730075248,8.690374998,28.690374998,0.283266025,20.000000000,0.000000000000,0.908459721944,90.845972194
2026-08-02T11:00:00Z,2461254.958333333,42166.115732,346719.446671,162.880876961,8.690277588,28.690277588,0.287108511,20.000000000,0.000000000000,0.908460130036,90.846013004
2026-08-02T12:00:00Z,2461255.000000000,42166.442150,344901.655131,179.158178025,8.690209795,28.690209795,0.288621718,20.000000000,0.000000000000,0.908460414053,90.846041405
2026-08-02T13:00:00Z,2461255.041666667,42166.599501,346117.950817,164.479133556,8.690177115,28.690177115,0.287607462,20.000000000,0.000000000000,0.908460550963,90.846055096
2026-08-02T14:00:00Z,2461255.083333333,42166.571867,350245.999245,148.304308701,8.690182854,28.690182854,0.284217652,20.000000000,0.000000000000,0.908460526919,90.846052692
2026-08-02T15:00:00Z,2461255.125000000,42166.352330,356912.748885,132.407351472,8.690228449,28.690228449,0.278908727,20.000000000,0.000000000000,0.908460335901,90.846033590
2026-08-02T16:00:00Z,2461255.166666667,42165.948987,365552.377701,116.881205187,8.690312220,28.690312220,0.272316823,20.000000000,0.000000000000,0.908459984948,90.845998495
2026-08-02T17:00:00Z,2461255.208333333,42165.412566,375482.849663,101.773358517,8.690423632,28.690423632,0.265114752,20.000000000,0.000000000000,0.908459518192,90.845951819
2026-08-02T18:00:00Z,2461255.250000000,42164.788590,385981.131921,87.090641900,8.690553233,28.690553233,0.257903859,20.000000000,0.000000000000,0.908458975234,90.845897523
2026-08-02T19:00:00Z,2461255.291666667,42164.113434,396344.111739,72.809045343,8.690693468,28.690693468,0.251160553,20.000000000,0.000000000000,0.908458387720,90.845838772
2026-08-02T20:00:00Z,2461255.333333333,42163.437162,405931.332024,58.884658435,8.690833940,28.690833940,0.245228647,20.000000000,0.000000000000,0.908457799213,90.845779921
2026-08-02T21:00:00Z,2461255.375000000,42162.810005,414191.701923,45.263629586,8.690964214,28.690964214,0.240337937,20.000000000,0.012674869166,0.909465887469,90.946588747
2026-08-02T22:00:00Z,2461255.416666667,42162.278252,420678.450273,31.892773428,8.691074673,28.691074673,0.236631970,20.000000000,0.128129707317,0.918653028792,91.865302879
2026-08-02T23:00:00Z,2461255.458333333,42161.880560,425056.613743,18.746628498,8.691157286,28.691157286,0.234194602,20.000000000,0.280397714576,0.930769785694,93.076978569
2026-08-03T00:00:00Z,2461255.500000000,42161.645014,427106.294686,6.153809220,8.691206217,28.691206217,0.233070697,20.000000000,0.378922438992,0.938609929149,93.860992915
2026-08-03T01:00:00Z,2461255.541666667,42161.587193,426723.786587,8.353355729,8.691218229,28.691218229,0.233279619,20.000000000,0.378922438992,0.938609878826,93.860987883
2026-08-03T02:00:00Z,2461255.583333333,42161.709353,423921.749090,21.154222075,8.691192852,28.691192852,0.234821559,20.000000000,0.251712304134,0.928486924257,92.848692426
2026-08-03T03:00:00Z,2461255.625000000,42162.000756,418828.937757,34.327352103,8.691132318,28.691132318,0.237676922,20.000000000,0.102680342558,0.916627591187,91.662759119
2026-08-03T04:00:00Z,2461255.666666667,42162.439018,411689.449356,47.715448086,8.691041277,28.691041277,0.241798722,20.000000000,0.001949126886,0.908612037156,90.861203716
2026-08-03T05:00:00Z,2461255.708333333,42162.992283,402860.888598,61.352762018,8.690926350,28.690926350,0.247097692,20.000000000,0.000000000000,0.908457412057,90.845741206
2026-08-03T06:00:00Z,2461255.750000000,42163.621946,392810.157071,75.291678062,8.690795557,28.690795557,0.253420158,20.000000000,0.000000000000,0.908457960018,90.845796002
2026-08-03T07:00:00Z,2461255.791666667,42164.285653,382104.616931,89.581495005,8.690657697,28.690657697,0.260520355,20.000000000,0.000000000000,0.908458537585,90.845853758
2026-08-03T08:00:00Z,2461255.833333333,42164.940285,371395.244899,104.256831793,8.690521726,28.690521726,0.268032647,20.000000000,0.000000000000,0.908459107234,90.845910723
2026-08-03T09:00:00Z,2461255.875000000,42165.544722,361387.458398,119.323481141,8.690396184,28.690396184,0.275455245,20.000000000,0.000000000000,0.908459633187,90.845963319
2026-08-03T10:00:00Z,2461255.916666667,42166.062204,352795.519479,134.735019956,8.690288706,28.690288706,0.282163702,20.000000000,0.000000000000,0.908460083461,90.846008346
2026-08-03T11:00:00Z,2461255.958333333,42166.462210,346279.268566,150.331031770,8.690205629,28.690205629,0.287473476,20.000000000,0.000000000000,0.908460431507,90.846043151
2026-08-03T12:00:00Z,2461256.000000000,42166.721830,342368.474655,165.440468133,8.690151709,28.690151709,0.290757245,20.000000000,0.000000000000,0.908460657399,90.846065740
2026-08-03T13:00:00Z,2461256.041666667,42166.826647,341389.005967,171.769311066,8.690129940,28.690129940,0.291591455,20.000000000,0.000000000000,0.908460748599,90.846074860
2026-08-03T14:00:00Z,2461256.083333333,42166.772444,343411.241077,158.725757079,8.690141197,28.690141197,0.289874355,20.000000000,0.000000000000,0.908460701438,90.846070144
2026-08-03T15:00:00Z,2461256.125000000,42166.566465,348238.256566,143.236648052,8.690183976,28.690183976,0.285856302,20.000000000,0.000000000000,0.908460522218,90.846052222
2026-08-03T16:00:00Z,2461256.166666667,42166.218703,355438.319147,127.719978623,8.690256202,28.690256202,0.280065706,20.000000000,0.000000000000,0.908460219631,90.846021963
2026-08-03T17:00:00Z,2461256.208333333,42165.757295,364410.000918,112.496491369,8.690352033,28.690352033,0.273170506,20.000000000,0.000000000000,0.908459818153,90.845981815
2026-08-03T18:00:00Z,2461256.250000000,42165.213582,374459.562998,97.663783573,8.690464961,28.690464961,0.265839237,20.000000000,0.000000000000,0.908459345047,90.845934505
2026-08-03T19:00:00Z,2461256.291666667,42164.623711,384872.226902,83.245241958,8.690587479,28.690587479,0.258646944,20.000000000,0.000000000000,0.908458831760,90.845883176
2026-08-03T20:00:00Z,2461256.333333333,42164.026421,394967.327779,69.228157561,8.690711542,28.690711542,0.252036058,20.000000000,0.000000000000,0.908458312000,90.845831200
2026-08-03T21:00:00Z,2461256.375000000,42163.460573,404135.588587,55.585744455,8.690829077,28.690829077,0.246318307,20.000000000,0.000000000000,0.908457819586,90.845781959
2026-08-03T22:00:00Z,2461256.416666667,42162.962739,411861.562106,42.300912028,8.690932487,28.690932487,0.241697676,20.000000000,0.031779664141,0.910986331666,91.098633167
2026-08-03T23:00:00Z,2461256.458333333,42162.564964,417735.722067,29.419962033,8.691015115,28.691015115,0.238298927,20.000000000,0.155241580347,0.920810772618,92.081077262
2026-08-04T00:00:00Z,2461256.500000000,42162.292846,421460.198679,17.303591938,8.691071642,28.691071642,0.236193049,20.000000000,0.297412015991,0.932124099595,93.212409959
2026-08-04T01:00:00Z,2461256.541666667,42162.164006,422851.031326,8.894918159,8.691098406,28.691098406,0.235416163,20.000000000,0.378509881298,0.938577550535,93.857755053
2026-08-04T02:00:00Z,2461256.583333333,42162.187039,421838.728770,14.128518759,8.691093621,28.691093621,0.235981104,20.000000000,0.333522266604,0.934997569952,93.499756995
2026-08-04T03:00:00Z,2461256.625000000,42162.360991,418468.092093,25.741069732,8.691057486,28.691057486,0.237881872,20.000000000,0.197373288408,0.924163329903,92.416332990
2026-08-04T04:00:00Z,2461256.666666667,42162.675383,412897.636983,38.424781379,8.690992178,28.690992178,0.241091186,20.000000000,0.063420280418,0.913503961830,91.350396183
2026-08-04T05:00:00Z,2461256.708333333,42163.110788,405398.429627,51.538360027,8.690901734,28.690901734,0.245551006,20.000000000,0.000000000000,0.908457515187,90.845751519
2026-08-04T06:00:00Z,2461256.750000000,42163.639943,396351.583819,64.986142344,8.690791819,28.690791819,0.251155818,20.000000000,0.000000000000,0.908457975680,90.845797568
2026-08-04T07:00:00Z,2461256.791666667,42164.229334,386242.929356,78.767890726,8.690669395,28.690669395,0.257729049,20.000000000,0.000000000000,0.908458488576,90.845848858
2026-08-04T08:00:00Z,2461256.833333333,42164.841185,375652.392943,92.898275448,8.690542309,28.690542309,0.264995097,20.000000000,0.000000000000,0.908459021000,90.845902100
2026-08-04T09:00:00Z,2461256.875000000,42165.435753,365234.554798,107.374324737,8.690418816,28.690418816,0.272553792,20.000000000,0.000000000000,0.908459538368,90.845953837
2026-08-04T10:00:00Z,2461256.916666667,42165.973807,355686.161400,122.142082411,8.690307065,28.690307065,0.279870554,20.000000000,0.000000000000,0.908460006545,90.846000654
2026-08-04T11:00:00Z,2461256.958333333,42166.419144,347697.150795,137.028587512,8.690214573,28.690214573,0.286301171,20.000000000,0.000000000000,0.908460394036,90.846039404
2026-08-04T12:00:00Z,2461257.000000000,42166.741002,341885.386672,151.506366452,8.690147727,28.690147727,0.291168092,20.000000000,0.000000000000,0.908460674081,90.846067408
2026-08-04T13:00:00Z,2461257.041666667,42166.916200,338722.393386,163.363497161,8.690111341,28.690111341,0.293887047,20.000000000,0.000000000000,0.908460826517,90.846082652
2026-08-04T14:00:00Z,2461257.083333333,42166.930863,338465.771740,163.875067674,8.690108296,28.690108296,0.294109871,20.000000000,0.000000000000,0.908460839274,90.846083927
2026-08-04T15:00:00Z,2461257.125000000,42166.781588,341118.107519,152.408775877,8.690139298,28.690139298,0.291823024,20.000000000,0.000000000000,0.908460709393,90.846070939
2026-08-04T16:00:00Z,2461257.166666667,42166.475949,346426.700993,138.036780521,8.690202775,28.690202775,0.287351132,20.000000000,0.000000000000,0.908460443461,90.846044346
2026-08-04T17:00:00Z,2461257.208333333,42166.032275,353924.326308,123.216079414,8.690294922,28.690294922,0.281263761,20.000000000,0.000000000000,0.908460057419,90.846005742
2026-08-04T18:00:00Z,2461257.250000000,42165.478664,362996.940830,108.520082046,8.690409904,28.690409904,0.274233902,20.000000000,0.000000000000,0.908459575706,90.845957571
2026-08-04T19:00:00Z,2461257.291666667,42164.851287,372958.439578,94.138744789,8.690540211,28.690540211,0.266909223,20.000000000,0.000000000000,0.908459029791,90.845902979
2026-08-04T20:00:00Z,2461257.333333333,42164.192052,383116.487432,80.139644367,8.690677139,28.690677139,0.259832275,20.000000000,0.000000000000,0.908458456133,90.845845613
2026-08-04T21:00:00Z,2461257.375000000,42163.545781,392821.854400,66.543805732,8.690811378,28.690811378,0.253412611,20.000000000,0.000000000000,0.908457893737,90.845789374
2026-08-04T22:00:00Z,2461257.416666667,42162.957087,401500.940689,53.367753600,8.690933661,28.690933661,0.247934657,20.000000000,0.000000000000,0.908457381428,90.845738143
2026-08-04T23:00:00Z,2461257.458333333,42162.467171,408674.935815,40.675982243,8.691035429,28.691035429,0.243582316,20.000000000,0.044268536600,0.911979733279,91.197973328
2026-08-05T00:00:00Z,2461257.500000000,42162.110784,413969.897992,28.718768278,8.691109461,28.691109461,0.240466710,20.000000000,0.163126032919,0.921437802150,92.143780215
2026-08-05T01:00:00Z,2461257.541666667,42161.913154,417121.355234,18.505199487,8.691150515,28.691150515,0.238649913,20.000000000,0.283258664545,0.930997481227,93.099748123
2026-08-05T02:00:00Z,2461257.583333333,42161.887095,417975.994542,14.055772314,8.691155929,28.691155929,0.238161941,20.000000000,0.334314919265,0.935060386204,93.506038620
2026-08-05T03:00:00Z,2461257.625000000,42162.033412,416491.892456,19.658734428,8.691125534,28.691125534,0.239010597,20.000000000,0.269553796416,0.929906987134,92.990698713
2026-08-05T04:00:00Z,2461257.666666667,42162.341212,412738.090352,30.194326725,8.691061595,28.691061595,0.241184382,20.000000000,0.146630934779,0.920125364487,92.012536449
2026-08-05T05:00:00Z,2461257.708333333,42162.788749,406893.732463,42.212570969,8.690968629,28.690968629,0.244648619,20.000000000,0.032426424244,0.911037647782,91.103764778
2026-08-05T06:00:00Z,2461257.750000000,42163.345004,399246.466699,54.877611651,8.690853083,28.690853083,0.249334709,20.000000000,0.000000000000,0.908457719013,90.845771901
2026-08-05T07:00:00Z,2461257.791666667,42163.971855,390189.245451,67.972764447,8.690722876,28.690722876,0.255122399,20.000000000,0.000000000000,0.908458264516,90.845826452
2026-08-05T08:00:00Z,2461257.833333333,42164.626700,380213.922076,81.432902906,8.690586859,28.690586859,0.261815857,20.000000000,0.000000000000,0.908458834361,90.845883436
2026-08-05T09:00:00Z,2461257.875000000,42165.265335,369899.100330,95.224041861,8.690454212,28.690454212,0.269116776,20.000000000,0.000000000000,0.908459390079,90.845939008
2026-08-05T10:00:00Z,2461257.916666667,42165.844888,359888.741538,109.288031969,8.690333841,28.690333841,0.276602357,20.000000000,0.000000000000,0.908459894370,90.845989437
2026-08-05T11:00:00Z,2461257.958333333,42166.326630,350857.644055,123.482646005,8.690233787,28.690233787,0.283722176,20.000000000,0.000000000000,0.908460313540,90.846031354
2026-08-05T12:00:00Z,2461258.000000000,42166.678475,343461.158871,137.452245037,8.690160713,28.690160713,0.289832225,20.000000000,0.000000000000,0.908460619677,90.846061968
2026-08-05T13:00:00Z,2461258.041666667,42166.877028,338270.611896,150.210149651,8.690119477,28.690119477,0.294279555,20.000000000,0.000000000000,0.908460792434,90.846079243
2026-08-05T14:00:00Z,2461258.083333333,42166.909069,335702.973445,158.652702816,8.690112822,28.690112822,0.296530384,20.000000000,0.000000000000,0.908460820312,90.846082031
2026-08-05T15:00:00Z,2461258.125000000,42166.772382,335960.656309,156.978542487,8.690141210,28.690141210,0.296302943,20.000000000,0.000000000000,0.908460701384,90.846070138
2026-08-05T16:00:00Z,2461258.166666667,42166.475884,338999.554629,146.741296431,8.690202789,28.690202789,0.293646767,20.000000000,0.000000000000,0.908460443405,90.846044340
2026-08-05T17:00:00Z,2461258.208333333,42166.039055,344536.489964,133.505654543,8.690293514,28.690293514,0.288927623,20.000000000,0.000000000000,0.908460063318,90.846006332
2026-08-05T18:00:00Z,2461258.250000000,42165.490678,352093.516422,119.496294725,8.690407409,28.690407409,0.282726283,20.000000000,0.000000000000,0.908459586161,90.845958616
2026-08-05T19:00:00Z,2461258.291666667,42164.866980,361064.380837,105.434926867,8.690536951,28.690536951,0.275701722,20.000000000,0.000000000000,0.908459043446,90.845904345
2026-08-05T20:00:00Z,2461258.333333333,42164.209269,370784.760857,91.597829877,8.690673563,28.690673563,0.268473956,20.000000000,0.000000000000,0.908458471115,90.845847112
2026-08-05T21:00:00Z,2461258.375000000,42163.561229,380592.575701,78.105130648,8.690808169,28.690808169,0.261555373,20.000000000,0.000000000000,0.908457907180,90.845790718
2026-08-05T22:00:00Z,2461258.416666667,42162.966040,389872.491701,65.022675815,8.690931802,28.690931802,0.255329676,20.000000000,0.000000000000,0.908457389219,90.845738922
2026-08-05T23:00:00Z,2461258.458333333,42162.463512,398084.984690,52.424061545,8.691036189,28.691036189,0.250062191,20.000000000,0.000000000000,0.908456951884,90.845695188
2026-08-06T00:00:00Z,2461258.500000000,42162.087425,404783.362996,40.473779550,8.691114314,28.691114314,0.245924122,20.000000000,0.045906544230,0.912109751294,91.210975129
2026-08-06T01:00:00Z,2461258.541666667,42161.863238,409622.687956,29.635274763,8.691160885,28.691160885,0.243018731,20.000000000,0.152838717697,0.920618948174,92.061894817
2026-08-06T02:00:00Z,2461258.583333333,42161.806338,412363.829384,21.322374416,8.691172705,28.691172705,0.241403282,20.000000000,0.249704631532,0.928327243156,92.832724316
2026-08-06T03:00:00Z,2461258.625000000,42161.920921,412874.884742,18.945172999,8.691148902,28.691148902,0.241104472,20.000000000,0.278041493026,0.930582318668,93.058231867
2026-08-06T04:00:00Z,2461258.666666667,42162.199606,411131.298424,24.256099451,8.691091010,28.691091010,0.242126990,20.000000000,0.214820440813,0.925551589725,92.555158972
2026-08-06T05:00:00Z,2461258.708333333,42162.623813,407215.337521,33.849982858,8.691002891,28.691002891,0.244455403,20.000000000,0.107559249116,0.917016384476,91.701638448
2026-08-06T06:00:00Z,2461258.750000000,42163.164902,401315.054225,45.161229068,8.690890494,28.690890494,0.248049499,20.000000000,0.013239778986,0.909511150416,90.951115042
2026-08-06T07:00:00Z,2461258.791666667,42163.785438,393722.376992,57.294179287,8.690761597,28.690761597,0.252833002,20.000000000,0.000000000000,0.908458102293,90.845810229
2026-08-06T08:00:00Z,2461258.833333333,42164.439799,384829.391131,69.942842947,8.690625679,28.690625679,0.258675735,20.000000000,0.000000000000,0.908458671722,90.845867172
2026-08-06T09:00:00Z,2461258.875000000,42165.089763,375121.350889,82.981554626,8.690490679,28.690490679,0.265370241,20.000000000,0.000000000000,0.908459237304,90.845923730
2026-08-06T10:00:00Z,2461258.916666667,42165.697941,365163.698098,96.326509804,8.690364361,28.690364361,0.272606679,20.000000000,0.000000000000,0.908459766507,90.845976651
2026-08-06T11:00:00Z,2461258.958333333,42166.224698,355579.834550,109.862789265,8.690254957,28.690254957,0.279954243,20.000000000,0.000000000000,0.908460224848,90.846022485
2026-08-06T12:00:00Z,2461259.000000000,42166.629583,347016.204569,123.361945356,8.690170867,28.690170867,0.286862982,20.000000000,0.000000000000,0.908460577137,90.846057714
2026-08-06T13:00:00Z,2461259.041666667,42166.876046,340092.735984,136.311113815,8.690119681,28.690119681,0.292702871,20.000000000,0.000000000000,0.908460791579,90.846079158
2026-08-06T14:00:00Z,2461259.083333333,42166.944178,335340.744885,147.450100941,8.690105531,28.690105531,0.296850693,20.000000000,0.000000000000,0.908460850859,90.846085086
2026-08-06T15:00:00Z,2461259.125000000,42166.848385,333137.421741,153.766719827,8.690125425,28.690125425,0.298814039,20.000000000,0.000000000000,0.908460767513,90.846076751
2026-08-06T16:00:00Z,2461259.166666667,42166.592248,333652.782111,151.583436161,8.690178621,28.690178621,0.298352487,20.000000000,0.000000000000,0.908460544652,90.846054465
2026-08-06T17:00:00Z,2461259.208333333,42166.179980,336822.553355,142.427402610,8.690264245,28.690264245,0.295544725,20.000000000,0.000000000000,0.908460185939,90.846018594
2026-08-06T18:00:00Z,2461259.250000000,42165.626248,342358.341033,130.224994264,8.690379251,28.690379251,0.290765852,20.000000000,0.000000000000,0.908459704125,90.845970412
2026-08-06T19:00:00Z,2461259.291666667,42164.965902,349791.442593,117.000888617,8.690516405,28.690516405,0.284586998,20.000000000,0.000000000000,0.908459129525,90.845912953
2026-08-06T20:00:00Z,2461259.333333333,42164.260114,358536.299644,103.563128492,8.690663001,28.690663001,0.277645742,20.000000000,0.000000000000,0.908458515361,90.845851536
2026-08-06T21:00:00Z,2461259.375000000,42163.559786,367956.224964,90.259058083,8.690808469,28.690808469,0.270537772,20.000000000,0.000000000000,0.908457905925,90.845790593
2026-08-06T22:00:00Z,2461259.416666667,42162.912157,377419.227005,77.258493689,8.690942994,28.690942994,0.263754551,20.000000000,0.000000000000,0.908457342327,90.845734233
2026-08-06T23:00:00Z,2461259.458333333,42162.360353,386339.279641,64.670396152,8.691057618,28.691057618,0.257664773,20.000000000,0.000000000000,0.908456862105,90.845686211
2026-08-07T00:00:00Z,2461259.500000000,42161.940619,394203.379964,52.619098620,8.691144810,28.691144810,0.252524495,20.000000000,0.000000000000,0.908456496811,90.845649681
2026-08-07T01:00:00Z,2461259.541666667,42161.680064,400587.521176,41.345514305,8.691198936,28.691198936,0.248500001,20.000000000,0.038975867233,0.911557871012,91.155787101
2026-08-07T02:00:00Z,2461259.583333333,42161.595156,405165.171306,31.432835602,8.691216575,28.691216575,0.245692373,20.000000000,0.133085889616,0.919046834743,91.904683474
2026-08-07T03:00:00Z,2461259.625000000,42161.690969,407711.218095,24.340122634,8.691196671,28.691196671,0.244158081,20.000000000,0.213829676557,0.925472304539,92.547230454
2026-08-07T04:00:00Z,2461259.666666667,42161.961077,408103.430136,22.705277159,8.691140560,28.691140560,0.243923429,20.000000000,0.233215057251,0.927015179198,92.701517920
2026-08-07T05:00:00Z,2461259.708333333,42162.387888,406322.669531,27.480068107,8.691051899,28.691051899,0.244992461,20.000000000,0.177232479637,0.922560598674,92.256059867
2026-08-07T06:00:00Z,2461259.750000000,42162.943421,402452.458532,36.251524571,8.690936500,28.690936500,0.247348462,20.000000000,0.083617441157,0.915111434079,91.511143408
2026-08-07T07:00:00Z,2461259.791666667,42163.587963,396678.036983,46.905953569,8.690802616,28.690802616,0.250949123,20.000000000,0.004803416416,0.908840174178,90.884017418
2026-08-07T08:00:00Z,2461259.833333333,42164.273099,389284.590831,58.521796894,8.690660304,28.690660304,0.255715279,20.000000000,0.000000000000,0.908458526660,90.845852666
2026-08-07T09:00:00Z,2461259.875000000,42164.958655,380653.347599,70.727990700,8.690517910,28.690517910,0.261513615,20.000000000,0.000000000000,0.908459123219,90.845912322
2026-08-07T10:00:00Z,2461259.916666667,42165.604317,371254.398703,83.350268833,8.690383806,28.690383806,0.268134333,20.000000000,0.000000000000,0.908459685042,90.845968504
2026-08-07T11:00:00Z,2461259.958333333,42166.167582,361633.764714,96.265600447,8.690266820,28.690266820,0.275267633,20.000000000,0.000000000000,0.908460175151,90.846017515
2026-08-07T12:00:00Z,2461260.000000000,42166.605317,352391.599172,109.318590628,8.690175907,28.690175907,0.282487128,20.000000000,0.000000000000,0.908460556024,90.846055602
2026-08-07T13:00:00Z,2461260.041666667,42166.884174,344148.405999,122.228055640,8.690117993,28.690117993,0.289253440,20.000000000,0.000000000000,0.908460798651,90.846079865
2026-08-07T14:00:00Z,2461260.083333333,42166.990766,337497.661336,134.407684292,8.690095855,28.690095855,0.294953531,20.000000000,0.000000000000,0.908460891394,90.846089139
2026-08-07T15:00:00Z,2461260.125000000,42166.918461,332946.963456,144.552972829,8.690110872,28.690110872,0.298984974,20.000000000,0.000000000000,0.908460828484,90.846082848
2026-08-07T16:00:00Z,2461260.166666667,42166.668101,330856.255770,150.022677812,8.690162868,28.690162868,0.300874301,20.000000000,0.000000000000,0.908460610651,90.846061065
2026-08-07T17:00:00Z,2461260.208333333,42166.249951,331387.231126,148.100805103,8.690249713,28.690249713,0.300392212,20.000000000,0.000000000000,0.908460246820,90.846024682
2026-08-07T18:00:00Z,2461260.250000000,42165.686480,334478.788365,139.901957251,8.690366741,28.690366741,0.297615689,20.000000000,0.000000000000,0.908459756534,90.845975653
2026-08-07T19:00:00Z,2461260.291666667,42165.015335,339856.767317,128.548571219,8.690506137,28.690506137,0.292906102,20.000000000,0.000000000000,0.908459172540,90.845917254
2026-08-07T20:00:00Z,2461260.333333333,42164.290906,347074.660173,115.962634320,8.690656606,28.690656606,0.286814667,20.000000000,0.000000000000,0.908458542156,90.845854216
2026-08-07T21:00:00Z,2461260.375000000,42163.564945,355572.580754,103.017999783,8.690807397,28.690807397,0.279959954,20.000000000,0.000000000000,0.908457910414,90.845791041
2026-08-07T22:00:00Z,2461260.416666667,42162.886300,364739.211713,90.119884620,8.690948365,28.690948365,0.272923943,20.000000000,0.000000000000,0.908457319825,90.845731983
2026-08-07T23:00:00Z,2461260.458333333,42162.298858,373965.131095,77.478402030,8.691070393,28.691070393,0.266190714,20.000000000,0.000000000000,0.908456808587,90.845680859
2026-08-08T00:00:00Z,2461260.500000000,42161.840505,382682.655071,65.233892836,8.691165607,28.691165607,0.260126839,20.000000000,0.000000000000,0.908456409681,90.845640968
