utc,julian_date_ut,goes18_ra_deg,goes18_dec_deg,earth_distance_km,moon_distance_km,sun_distance_km,earth_moon_separation_deg,earth_sun_separation_deg,moon_sun_separation_deg,earth_apparent_radius_deg,earth_exclusion_radius_deg,moon_apparent_radius_deg,moon_exclusion_radius_deg,sun_apparent_radius_deg,sun_exclusion_radius_deg,earth_moon_cap_overlap_sr,earth_sun_cap_overlap_sr,moon_sun_cap_overlap_sr,earth_moon_sun_triple_overlap_sr,total_excluded_sky_sr,visible_sky_fraction,visible_sky_percent
2026-01-01T00:00:00Z,2461041.500000000,359.848249422707,-0.099138191121,42181.828304,346485.642909,147095979.259162,106.953510759,100.366369558,152.140168692,8.687015453,28.687015453,0.287302249,20.000000000,0.270985126,30.000000000,0.000000000000,0.000000000000,0.000000000000,0.000000000000,1.991939416754,0.841486497742,84.148649774
2026-01-01T01:00:00Z,2461041.541666667,14.879774343404,-0.038485729396,42181.968124,338126.156733,147105987.229292,119.861661128,86.562602147,151.865157291,8.686986436,28.686986436,0.294405279,20.000000000,0.270966690,30.000000000,0.000000000000,0.000000000000,0.000000000000,0.000000000000,1.991937889260,0.841486619296,84.148661930
2026-01-01T02:00:00Z,2461041.583333333,29.911204753301,0.024773014917,42182.029740,331251.705240,147115825.453782,132.176507149,72.795879088,151.157932263,8.686973649,28.686973649,0.300515113,20.000000000,0.270948569,30.000000000,0.000000000000,0.000000000000,0.000000000000,0.000000000000,1.991937216127,0.841486672862,84.148667286
2026-01-01T03:00:00Z,2461041.625000000,44.942633673606,0.086325760230,42182.008981,326386.839659,147124817.361310,142.766646979,59.237544766,150.107544737,8.686977957,28.686977957,0.304994397,20.000000000,0.270932009,30.000000000,0.000000000000,0.000000000000,0.000000000000,0.000000000000,1.991937442916,0.841486654815,84.148665482
2026-01-01T04:00:00Z,2461041.666666667,59.974151314230,0.141977792648,42181.907311,323920.448744,147132344.135331,149.267090323,46.179212978,148.846170612,8.686999057,28.686999057,0.307316704,20.000000000,0.270918149,30.000000000,0.000000000000,0.096435199484,0.000000000000,0.000000000000,1.895503354137,0.849160635771,84.916063577
2026-01-01T05:00:00Z,2461041.708333333,75.005832570116,0.187937757439,42181.731734,324051.862263,147137886.743767,148.737156613,34.283931871,147.532117644,8.687035495,28.687035495,0.307192076,20.000000000,0.270907944,30.000000000,0.000000000000,0.249729927434,0.000000000000,0.000000000000,1.742210544328,0.861359289982,86.135928998
2026-01-01T05:05:00Z,2461041.711805556,76.258481845372,0.191226385449,42181.714111,324181.047298,147138245.927330,148.352035542,33.386814401,147.425380216,8.687039152,28.687039152,0.307069660,20.000000000,0.270907282,30.000000000,0.000000000000,0.262625513981,0.000000000000,0.000000000000,1.729315150306,0.862385472833,86.238547283
2026-01-01T05:10:00Z,2461041.715277778,77.511132645279,0.194423902388,42181.696065,324328.174379,147138588.397098,147.920312196,32.510141346,147.319500032,8.687042898,28.687042898,0.306930360,20.000000000,0.270906652,30.000000000,0.000000000000,0.275368582991,0.000000000000,0.000000000000,1.716572278448,0.863399518355,86.339951836
2026-01-01T05:15:00Z,2461041.718750000,78.763784989002,0.197528788179,42181.677604,324493.149976,147138913.986311,147.443963256,31.655631537,147.214566198,8.687046729,28.687046729,0.306774312,20.000000000,0.270906052,30.000000000,0.000000000000,0.287918184167,0.000000000000,0.000000000000,1.704022878957,0.864398167836,86.439816784
2026-01-01T05:20:00Z,2461041.722222222,80.016438894259,0.200539566879,42181.658737,324675.870060,147139222.536231,146.925050557,30.825147763,147.110666636,8.687050645,28.687050645,0.306601665,20.000000000,0.270905484,30.000000000,0.000000000000,0.300231550379,0.000000000000,0.000000000000,1.691709718865,0.865378017983,86.537801798
2026-01-01T05:25:00Z,2461041.725694444,81.269094377417,0.203454807386,42181.639473,324876.220197,147139513.896211,146.365688160,30.020702908,147.007888014,8.687054643,28.687054643,0.306412583,20.000000000,0.270904948,30.000000000,0.000000000000,0.312263953299,0.000000000000,0.000000000000,1.679677526402,0.866335509436,86.633550944
2026-01-01T05:30:00Z,2461041.729166667,82.521751453420,0.206273124114,42181.619821,325094.075710,147139787.923769,145.768012569,29.244464011,146.906315659,8.687058721,28.687058721,0.306207245,20.000000000,0.270904443,30.000000000,0.000000000000,0.323968609458,0.000000000000,0.000000000000,1.667973084936,0.867266919294,86.726691929
2026-01-01T05:35:00Z,2461041.732638889,83.774410135777,0.208993177657,42181.599791,325329.301790,147140044.484658,145.134156578,28.498753367,146.806033488,8.687062878,28.687062878,0.305985843,20.000000000,0.270903971,30.000000000,0.000000000000,0.335296641146,0.000000000000,0.000000000000,1.656645272075,0.868168358000,86.816835800
2026-01-01T05:40:00Z,2461041.736111111,85.027070436646,0.211613675423,42181.579392,325581.753671,147140283.452924,144.466226992,27.786045626,146.707123932,8.687067112,28.687067112,0.305748583,20.000000000,0.270903531,30.000000000,0.000000000000,0.346197096309,0.000000000000,0.000000000000,1.645745039767,0.869035770926,86.903577093
2026-01-01T05:45:00Z,2461041.739583333,86.279732366807,0.214133372252,42181.558634,325851.276765,147140504.710971,143.766286224,27.108959707,146.609667875,8.687071420,28.687071420,0.305495685,20.000000000,0.270903124,30.000000000,0.000000000000,0.356617090948,0.000000000000,0.000000000000,1.635325271904,0.869864949707,86.986494971
2026-01-01T05:50:00Z,2461041.743055556,87.532395935619,0.216551071004,42181.537528,326137.706856,147140708.149616,143.036337603,26.470244222,146.513744580,8.687075800,28.687075800,0.305227381,20.000000000,0.270902749,30.000000000,0.000000000000,0.366502052101,0.000000000000,0.000000000000,1.625440541340,0.870651551572,87.065155157
2026-01-01T05:55:00Z,2461041.746527778,88.785061151124,0.218865623131,42181.516082,326440.870269,147140893.668138,142.278314110,25.872755089,146.419431631,8.687080251,28.687080251,0.304943916,20.000000000,0.270902407,30.000000000,0.000000000000,0.375796102511,0.000000000000,0.000000000000,1.616146725224,0.871391129959,87.139112996
2026-01-01T06:00:00Z,2461041.750000000,90.037728020001,0.221075929223,42181.494308,326760.584066,147141061.174326,141.494070187,25.319424146,146.326804874,8.687084770,28.687084770,0.304645545,20.000000000,0.270902099,30.000000000,0.000000000000,0.384442604051,0.000000000000,0.000000000000,1.607500461566,0.872079177760,87.207917776
2026-01-01T06:05:00Z,2461041.753472222,91.290396547586,0.223180939530,42181.472215,327096.656217,147141210.584528,140.685376213,24.813217808,146.235938368,8.687089355,28.687089355,0.304332538,20.000000000,0.270901824,30.000000000,0.000000000000,0.392384874818,0.000000000000,0.000000000000,1.599558432158,0.872711184379,87.271118438
2026-01-01T06:10:00Z,2461041.756944444,92.543066737917,0.225179654462,42181.449815,327448.885848,147141341.823683,139.853915250,24.357085412,146.146904322,8.687094004,28.687094004,0.304005171,20.000000000,0.270901582,30.000000000,0.000000000000,0.399567085775,0.000000000000,0.000000000000,1.592376465920,0.873282707093,87.328270709
2026-01-01T06:15:00Z,2461041.760416667,93.795738593708,0.227071125063,42181.427118,327817.063402,147141454.825363,139.001281674,23.953897599,146.059773061,8.687098714,28.687098714,0.303663733,20.000000000,0.270901374,30.000000000,0.000000000000,0.405935329584,0.000000000000,0.000000000000,1.586008470075,0.873789456101,87.378945610
2026-01-01T06:20:00Z,2461041.763888889,95.048412116435,0.228854453466,42181.404135,328200.970911,147141549.531801,138.128981318,23.606376128,145.974612968,8.687103484,28.687103484,0.303308525,20.000000000,0.270901200,30.000000000,0.000000000000,0.411438836754,0.000000000000,0.000000000000,1.580505213993,0.874227391305,87.422739131
2026-01-01T06:25:00Z,2461041.767361111,96.301087306307,0.230528793313,42181.380878,328600.382176,147141625.893920,137.238432823,23.317017721,145.891490456,8.687108311,28.687108311,0.302939852,20.000000000,0.270901059,30.000000000,0.000000000000,0.416031294041,0.000000000000,0.000000000000,1.575913010798,0.874592827224,87.459282722
2026-01-01T06:30:00Z,2461041.770833333,97.553764162269,0.232093350165,42181.357356,329015.063010,147141683.871355,136.330969901,23.088015704,145.810469929,8.687113193,28.687113193,0.302558032,20.000000000,0.270900953,30.000000000,0.000000000000,0.419672199277,0.000000000000,0.000000000000,1.572272362537,0.874882540808,87.488254081
2026-01-01T06:35:00Z,2461041.774305556,98.806442682106,0.233547381872,42181.333582,329444.771504,147141723.432473,135.407844266,22.921184309,145.731613740,8.687118127,28.687118127,0.302163389,20.000000000,0.270900880,30.000000000,0.000000000000,0.422328169093,0.000000000000,0.000000000000,1.569616652456,0.875093875501,87.509387550
2026-01-01T06:40:00Z,2461041.777777778,100.059122862412,0.234890198933,42181.309566,329889.258225,147141744.554389,134.470229058,22.817891093,145.654982173,8.687123111,28.687123111,0.301756256,20.000000000,0.270900841,30.000000000,0.000000000000,0.423974105315,0.000000000000,0.000000000000,1.567970978604,0.875224834065,87.522483407
2026-01-01T06:45:00Z,2461041.781250000,101.311804698594,0.236121164818,42181.285321,330348.266479,147141747.222976,133.519222562,22.779002990,145.580633413,8.687128143,28.687128143,0.301336972,20.000000000,0.270900836,30.000000000,0.000000000000,0.424594125620,0.000000000000,0.000000000000,1.567351223179,0.875274152635,87.527415263
2026-01-01T06:50:00Z,2461041.784722222,102.564488184981,0.237239696275,42181.260858,330821.532565,147141731.432871,132.555852114,22.804850748,145.508623524,8.687133220,28.687133220,0.300905882,20.000000000,0.270900865,30.000000000,0.000000000000,0.424182176636,0.000000000000,0.000000000000,1.567763439426,0.875241349508,87.524134951
2026-01-01T06:55:00Z,2461041.788194444,103.817173314797,0.238245263601,42181.236188,331308.786021,147141697.187478,131.581078067,22.895215090,145.439006432,8.687138340,28.687138340,0.300463337,20.000000000,0.270900928,30.000000000,0.000000000000,0.422742272559,0.000000000000,0.000000000000,1.569203613020,0.875126744135,87.512674414
2026-01-01T07:00:00Z,2461041.791666667,105.069860080164,0.239137390899,42181.211324,331809.749892,147141644.498969,130.595797767,23.049335914,145.371833908,8.687143500,28.687143500,0.300009696,20.000000000,0.270901025,30.000000000,0.000000000000,0.420288336499,0.000000000000,0.000000000000,1.571657820722,0.874931444492,87.493144449
2026-01-01T07:05:00Z,2461041.795138889,106.322548472223,0.239915656304,42181.186278,332324.140958,147141573.388275,129.600849444,23.265943667,145.307155559,8.687148698,28.687148698,0.299545319,20.000000000,0.270901156,30.000000000,0.000000000000,0.416843659762,0.000000000000,0.000000000000,1.575102771097,0.874657304051,87.465730405
2026-01-01T07:10:00Z,2461041.798611111,107.575238481106,0.240579692177,42181.161060,332851.670020,147141483.885076,128.597015996,23.543309908,145.245018822,8.687153932,28.687153932,0.299070572,20.000000000,0.270901321,30.000000000,0.000000000000,0.412440029645,0.000000000000,0.000000000000,1.579506676716,0.874306852377,87.430685238
2026-01-01T07:15:00Z,2461041.802083333,108.827930095941,0.241129185286,42181.135685,333392.042167,147141376.027791,127.585028620,23.879312560,145.185468949,8.687159198,28.687159198,0.298585825,20.000000000,0.270901519,30.000000000,0.000000000000,0.407116603498,0.000000000000,0.000000000000,1.584830380098,0.873883205523,87.388320552
2026-01-01T07:20:00Z,2461041.805555556,110.080623304974,0.241563876952,42181.110162,333944.956999,147141249.863556,126.565570286,24.271510410,145.128549023,8.687164495,28.687164495,0.298091450,20.000000000,0.270901752,30.000000000,0.000000000000,0.400918621910,0.000000000000,0.000000000000,1.591028640521,0.873389963630,87.338996363
2026-01-01T07:25:00Z,2461041.809027778,111.333318095547,0.241883563170,42181.084506,334510.108923,147141105.448203,125.539279022,24.717221347,145.074299946,8.687169820,28.687169820,0.297587822,20.000000000,0.270902018,30.000000000,0.000000000000,0.393896056275,0.000000000000,0.000000000000,1.598051486457,0.872831103307,87.283110331
2026-01-01T07:30:00Z,2461041.812500000,112.586014454105,0.242088094706,42181.058728,335087.187409,147140942.846236,124.506751015,25.213599307,145.022760446,8.687175170,28.687175170,0.297075320,20.000000000,0.270902317,30.000000000,0.000000000000,0.386102277119,0.000000000000,0.000000000000,1.605845547246,0.872210871657,87.221087166
2026-01-01T07:35:00Z,2461041.815972222,113.838712366313,0.242177377169,42181.032840,335675.877251,147140762.130796,123.468543522,25.757705915,144.973967090,8.687180543,28.687180543,0.296554321,20.000000000,0.270902650,30.000000000,0.000000000000,0.377592812944,0.000000000000,0.000000000000,1.614355294251,0.871533687507,87.153368751
2026-01-01T07:40:00Z,2461041.819444444,115.091411817049,0.242151371054,42181.006855,336275.858818,147140563.383628,122.425177601,26.346573984,144.927954288,8.687185936,28.687185936,0.296025205,20.000000000,0.270903016,30.000000000,0.000000000000,0.368424248963,0.000000000000,0.000000000000,1.623524142123,0.870804053776,87.080405378
2026-01-01T07:45:00Z,2461041.822916667,116.344112790405,0.242010091759,42180.980785,336886.808329,147140346.695047,121.377140654,26.977261256,144.884754312,8.687191347,28.687191347,0.295488354,20.000000000,0.270903414,30.000000000,0.000000000000,0.358653294482,0.000000000000,0.000000000000,1.633295381421,0.870026483259,87.002648326
2026-01-01T07:50:00Z,2461041.826388889,117.596815269806,0.241753609578,42180.954644,337508.398103,147140112.163888,120.324888805,27.646893813,144.844397307,8.687196772,28.687196772,0.294944148,20.000000000,0.270903846,30.000000000,0.000000000000,0.348336029568,0.000000000000,0.000000000000,1.643612931942,0.869205438676,86.920543868
2026-01-01T07:55:00Z,2461041.829861111,118.849519237989,0.241382049666,42180.928442,338140.296806,147139859.897465,119.268849104,28.352699432,144.806911315,8.687202210,28.687202210,0.294392967,20.000000000,0.270904311,30.000000000,0.000000000000,0.337527327418,0.000000000000,0.000000000000,1.654421920350,0.868345286708,86.834528671
2026-01-01T08:00:00Z,2461041.833333333,120.102224677036,0.240895591979,42180.902194,338782.169742,147139590.011518,118.209421574,29.092031697,144.772322285,8.687207658,28.687207658,0.293835191,20.000000000,0.270904808,30.000000000,0.000000000000,0.326280439034,0.000000000000,0.000000000000,1.665669095507,0.867450264947,86.745026495
2026-01-01T08:05:00Z,2461041.836805556,121.354931568473,0.240294471187,42180.875910,339433.679060,147139302.630155,117.146981122,29.862386055,144.740654110,8.687213113,28.687213113,0.293271199,20.000000000,0.270905337,30.000000000,0.000000000000,0.314646721526,0.000000000000,0.000000000000,1.677303100167,0.866524460273,86.652446027
2026-01-01T08:10:00Z,2461041.840277778,122.607639893258,0.239578976562,42180.849605,340094.484022,147138997.885803,116.081879296,30.661409112,144.711928640,8.687218572,28.687218572,0.292701367,20.000000000,0.270905898,30.000000000,0.000000000000,0.302675486821,0.000000000000,0.000000000000,1.689274622265,0.865571796813,86.557179681
2026-01-01T08:15:00Z,2461041.843750000,123.860349631800,0.238749451838,42180.823291,340764.241271,147138675.919134,115.014445926,31.486902486,144.686165711,8.687224034,28.687224034,0.292126070,20.000000000,0.270906491,30.000000000,0.000000000000,0.290413937649,0.000000000000,0.000000000000,1.701536458932,0.864596030855,86.459603085
2026-01-01T08:20:00Z,2461041.847222222,125.113060764084,0.237806295048,42180.796980,341442.605031,147138336.879005,113.944990639,32.336822427,144.663383183,8.687229494,28.687229494,0.291545681,20.000000000,0.270907115,30.000000000,0.000000000000,0.277907219283,0.000000000000,0.000000000000,1.714043464758,0.863600754955,86.360075495
2026-01-01T08:25:00Z,2461041.850694444,126.365773269590,0.236749958332,42180.770684,342129.227395,147137980.922387,112.873804263,33.209276286,144.643596953,8.687234952,28.687234952,0.290960570,20.000000000,0.270907770,30.000000000,0.000000000000,0.265198490317,0.000000000000,0.000000000000,1.726752481011,0.862589403575,86.258940358
2026-01-01T08:30:00Z,2461041.854166667,127.618487127451,0.235580947720,42180.744417,342823.758507,147137608.214289,111.801160132,34.102516732,144.626821005,8.687240403,28.687240403,0.290371105,20.000000000,0.270908456,30.000000000,0.000000000000,0.252329061442,0.000000000000,0.000000000000,1.739622196864,0.861565264128,86.156526413
2026-01-01T09:00:00Z,2461041.875000000,135.134797462997,0.226235793970,42180.588115,347137.253665,147135030.417573,105.348071903,39.816958937,144.589930565,8.687272843,28.687272843,0.286762950,20.000000000,0.270913203,30.000000000,0.000000000000,0.173865862927,0.000000000000,0.000000000000,1.818087103050,0.855321225289,85.532122529
2026-01-01T10:00:00Z,2461041.916666667,150.167542556544,0.196162680271,42180.290628,356273.187955,147128268.858134,92.477553363,52.402615296,144.844997482,8.687334587,28.687334587,0.279409412,20.000000000,0.270925653,30.000000000,0.000000000000,0.035298662522,0.000000000000,0.000000000000,1.956657553680,0.844294139197,84.429413920
2026-01-01T11:00:00Z,2461041.958333333,165.200421311029,0.152731587623,42180.030135,365581.941420,147119758.365652,79.832889029,65.756481186,145.524388314,8.687388652,28.687388652,0.272294801,20.000000000,0.270941326,30.000000000,0.000000000000,0.000000000000,0.000000000000,0.000000000000,1.991959062274,0.841484934401,84.148493440
2026-01-01T12:00:00Z,2461042.000000000,180.233398782065,0.098908045632,42179.824512,374491.108317,147110071.131001,67.560301946,79.445454250,146.591172219,8.687431330,28.687431330,0.265816844,20.000000000,0.270959167,30.000000000,0.000000000000,0.000000000000,0.000000000000,0.000000000000,1.991961308897,0.841484755621,84.148475562
2026-01-01T13:00:00Z,2461042.041666667,195.266446595094,0.038365221529,42179.687874,382492.156059,147099859.650577,55.803081009,93.253794652,147.993369808,8.687459690,28.687459690,0.260256395,20.000000000,0.270977977,30.000000000,0.000000000000,0.000000000000,0.000000000000,0.000000000000,1.991962801798,0.841484636819,84.148463682
2026-01-01T14:00:00Z,2461042.083333333,210.299541581717,-0.024766881157,42179.629619,389157.645411,147089812.378840,44.796065066,107.028877692,149.670496338,8.687471781,28.687471781,0.255798695,20.000000000,0.270996487,30.000000000,0.015297659131,0.000000000000,0.000000000000,0.000000000000,1.976665779165,0.842701935203,84.270193520
2026-01-01T15:00:00Z,2461042.125000000,225.332661440628,-0.086183328039,42179.653777,394150.766322,147080606.893037,35.042994010,120.600182466,151.557704740,8.687466767,28.687466767,0.252558204,20.000000000,0.271013448,30.000000000,0.095434083854,0.000000000000,0.000000000000,0.000000000000,1.896529090487,0.849079010266,84.907901027
2026-01-01T16:00:00Z,2461042.166666667,240.365779209055,-0.141698001178,42179.758739,397230.098233,147072863.757062,27.687637705,133.678434419,153.587859990,8.687444982,28.687444982,0.250600358,20.000000000,0.271027717,30.000000000,0.174808015564,0.000000000000,0.000000000000,0.000000000000,1.817154011968,0.855395478318,85.539547832
2026-01-01T17:00:00Z,2461042.208333333,255.398858807613,-0.187529122792,42179.937361,398251.683971,147067104.234212,24.804596194,145.607239533,155.692015800,8.687407908,28.687407908,0.249957520,20.000000000,0.271038331,30.000000000,0.208305730687,0.000000000000,0.000000000000,0.000000000000,1.783654345222,0.858061297095,85.806129710
2026-01-01T18:00:00Z,2461042.250000000,270.431853662489,-0.220557055236,42180.177462,397169.724442,147063714.744246,27.772974681,154.635282539,157.798732911,8.687358074,28.687358074,0.250638452,20.000000000,0.271044578,30.000000000,0.173830602280,0.000000000000,0.000000000000,0.000000000000,1.818126850336,0.855318062300,85.531806230
2026-01-01T19:00:00Z,2461042.291666667,285.464709528015,-0.238536774625,42180.462648,394036.582605,147062920.503846,35.167681476,157.000731557,159.832662657,8.687298884,28.687298884,0.252631391,20.000000000,0.271046042,30.000000000,0.094190625415,0.000000000000,0.000000000000,0.000000000000,1.897763711352,0.848980762259,84.898076226
2026-01-01T20:00:00Z,2461042.333333333,300.497371409985,-0.240250521108,42180.773444,389002.303275,147064770.161738,44.921579973,151.017027206,161.713008757,8.687234379,28.687234379,0.255900845,20.000000000,0.271042633,30.000000000,0.014571508660,0.000000000000,0.000000000000,0.000000000000,1.977379432522,0.842645144473,84.264514447
2026-01-01T21:00:00Z,2461042.375000000,315.529793250813,-0.225590234057,42181.088618,382313.424359,147069132.483880,55.903747991,140.306966528,163.353104101,8.687168967,28.687168967,0.260378066,20.000000000,0.271034593,30.000000000,0.000000000000,0.000000000000,0.000000000000,0.000000000000,1.991947497811,0.841485854672,84.148585467
2026-01-01T22:00:00Z,2461042.416666667,330.561948122375,-0.195564202649,42181.386643,374310.376810,147075705.313891,67.614634662,127.721353571,164.663500498,8.687107114,28.687107114,0.265945191,20.000000000,0.271022480,30.000000000,0.000000000000,0.000000000000,0.000000000000,0.000000000000,1.991944241856,0.841486113773,84.148611377
2026-01-01T23:00:00Z,2461042.458333333,345.593836339756,-0.152227562761,42181.647164,365422.163767,147084036.188558,79.817944568,114.364102561,165.561861675,8.687053046,28.687053046,0.272413861,20.000000000,0.271007129,30.000000000,0.000000000000,0.000000000000,0.000000000000,0.000000000000,1.991941395671,0.841486340265,84.148634026
2026-01-02T00:00:00Z,2461042.500000000,0.625489223811,-0.098541481852,42181.852396,356156.255008,147093553.187990,92.364902654,100.671599776,165.990804839,8.687010453,28.687010453,0.279501148,20.000000000,0.270989595,30.000000000,0.000000000000,0.000000000000,0.000000000000,0.000000000000,1.991939153551,0.841486518687,84.148651869
2026-01-02T01:00:00Z,2461042.541666667,15.656967412316,-0.038170728065,42181.988336,347080.867064,147103603.901579,105.099426097,86.860364945,165.937346172,8.686982241,28.686982241,0.286809538,20.000000000,0.270971080,30.000000000,0.000000000000,0.000000000000,0.000000000000,0.000000000000,1.991937668448,0.841486636868,84.148663687
2026-01-02T02:00:00Z,2461042.583333333,30.688353408649,0.024766510271,42182.045724,338796.447766,147113499.841616,117.770628436,73.082672240,165.441267451,8.686970331,28.686970331,0.293822808,20.000000000,0.270952852,30.000000000,0.000000000000,0.000000000000,0.000000000000,0.000000000000,1.991937041510,0.841486686758,84.148668676
2026-01-02T03:00:00Z,2461042.625000000,45.719740040657,0.085979483986,42182.020674,331894.044660,147122563.274102,129.889723907,59.507601605,164.586866519,8.686975530,28.686975530,0.299933499,20.000000000,0.270936160,30.000000000,0.000000000000,0.000000000000,0.000000000000,0.000000000000,1.991937315170,0.841486664981,84.148666498
2026-01-02T04:00:00Z,2461042.666666667,60.751217100130,0.141297305406,42181.914943,326901.253856,147130173.282007,140.426903358,46.420938120,163.487099293,8.686997473,28.686997473,0.304514451,20.000000000,0.270922146,30.000000000,0.000000000000,0.093751704281,0.000000000000,0.000000000000,1.898186765967,0.848947096642,84.894709664
2026-01-02T05:00:00Z,2461042.708333333,75.782858947149,0.186953059315,42181.735807,324221.850143,147135807.938592,147.297589528,34.470302874,162.270767581,8.687034650,28.687034650,0.307031015,20.000000000,0.270911771,30.000000000,0.000000000000,0.247069908159,0.000000000000,0.000000000000,1.744870519102,0.861147615915,86.114761591
2026-01-02T05:05:00Z,2461042.711805556,77.035504973780,0.190218436479,42181.717919,324111.528050,147136175.084535,147.611722470,33.566374862,162.168384252,8.687038362,28.687038362,0.307135524,20.000000000,0.270911095,30.000000000,0.000000000000,0.260032507102,0.000000000000,0.000000000000,1.731908115587,0.862179131212,86.217913121
2026-01-02T05:10:00Z,2461042.715277778,78.288152529032,0.193393087042,42181.699612,324019.027672,147136525.551684,147.878192258,32.682422504,162.066212824,8.687042162,28.687042162,0.307223206,20.000000000,0.270910450,30.000000000,0.000000000000,0.272853614795,0.000000000000,0.000000000000,1.719087207893,0.863199386629,86.319938663
2026-01-02T05:15:00Z,2461042.718750000,79.540801631771,0.196475503581,42181.680896,323944.405064,147136859.171097,148.095732197,31.820130893,161.964332047,8.687046046,28.687046046,0.307293977,20.000000000,0.270909836,30.000000000,0.000000000000,0.285492678317,0.000000000000,0.000000000000,1.706448348842,0.864205155075,86.420515508
2026-01-02T05:20:00Z,2461042.722222222,80.793452299451,0.199464222652,42181.661779,323887.705654,147137175.781832,148.263277182,30.981328358,161.862820407,8.687050013,28.687050013,0.307347772,20.000000000,0.270909253,30.000000000,0.000000000000,0.297907350594,0.000000000000,0.000000000000,1.694033885412,0.865193066686,86.519306669
2026-01-02T05:25:00Z,2461042.725694444,82.046104548103,0.202357825491,42181.642271,323848.964182,147137475.231026,148.379987346,30.167993236,161.761756087,8.687054062,28.687054062,0.307384540,20.000000000,0.270908701,30.000000000,0.000000000000,0.310053333929,0.000000000000,0.000000000000,1.681888115199,0.866159596369,86.615959637
2026-01-02T05:30:00Z,2461042.729166667,83.298758392376,0.205154938684,42181.622381,323828.204657,147137757.373968,148.445267506,29.382258783,161.661216908,8.687058190,28.687058190,0.307404245,20.000000000,0.270908182,30.000000000,0.000000000000,0.321884263944,0.000000000000,0.000000000000,1.670057402478,0.867101054574,86.710105457
2026-01-02T05:35:00Z,2461042.732638889,84.551413845542,0.207854234818,42181.602119,323825.440341,147138022.074169,148.458781366,28.626415370,161.561280272,8.687062395,28.687062395,0.307406870,20.000000000,0.270907694,30.000000000,0.000000000000,0.333351661503,0.000000000000,0.000000000000,1.658590226282,0.868013583462,86.801358346
2026-01-02T05:40:00Z,2461042.736111111,85.804070919428,0.210454433117,42181.581494,323840.673716,147138269.203423,148.420459695,27.902908978,161.462023113,8.687066675,28.687066675,0.307392409,20.000000000,0.270907239,30.000000000,0.000000000000,0.344404915828,0.000000000000,0.000000000000,1.647537197283,0.868893155562,86.889315556
2026-01-02T05:45:00Z,2461042.739583333,87.056729624542,0.212954300045,42181.560516,323873.896508,147138498.641872,148.330502042,27.214334786,161.363521833,8.687071029,28.687071029,0.307360877,20.000000000,0.270906817,30.000000000,0.000000000000,0.354991401771,0.000000000000,0.000000000000,1.636950940520,0.869735583109,86.973558311
2026-01-02T05:50:00Z,2461042.743055556,88.309389969977,0.215352649895,42181.539196,323925.089664,147138710.278060,148.189371852,26.563424587,161.265852252,8.687075454,28.687075454,0.307312301,20.000000000,0.270906427,30.000000000,0.000000000000,0.365056686807,0.000000000000,0.000000000000,1.626885888410,0.870536534507,87.053653451
2026-01-02T05:55:00Z,2461042.746527778,89.562051963490,0.217648345352,42181.517543,323994.223405,147138904.008984,147.997785301,25.953026649,161.169089542,8.687079948,28.687079948,0.307246726,20.000000000,0.270906071,30.000000000,0.000000000000,0.374544876104,0.000000000000,0.000000000000,1.617397935672,0.871291561796,87.129156180
2026-01-02T06:00:00Z,2461042.750000000,90.814715611510,0.219840298029,42181.495567,324081.257236,147139079.740151,147.756694440,25.386076744,161.073308179,8.687084508,28.687084508,0.307164212,20.000000000,0.270905747,30.000000000,0.000000000000,0.383399113518,0.000000000000,0.000000000000,1.608543938337,0.871996140517,87.199614052
2026-01-02T06:05:00Z,2461042.753472222,92.067380919087,0.221927468991,42181.473280,324186.140005,147139237.385612,147.467265579,24.865559293,160.978581879,8.687089134,28.687089134,0.307064836,20.000000000,0.270905457,30.000000000,0.000000000000,0.391562255670,0.000000000000,0.000000000000,1.600381039669,0.872645723353,87.264572335
2026-01-02T06:10:00Z,2461042.756944444,93.320047890010,0.223908869242,42181.450693,324308.809962,147139376.868011,147.130854004,24.394458025,160.884983543,8.687093822,28.687093822,0.306948687,20.000000000,0.270905200,30.000000000,0.000000000000,0.398977728430,0.000000000000,0.000000000000,1.592965813681,0.873235808288,87.323580829
2026-01-02T06:15:00Z,2461042.760416667,94.572716526774,0.225783560196,42181.427814,324449.194821,147139498.118617,146.748976249,23.975696276,160.792585195,8.687098570,28.687098570,0.306815873,20.000000000,0.270904977,30.000000000,0.000000000000,0.405590562764,0.000000000000,0.000000000000,1.586353229290,0.873762021034,87.376202103
2026-01-02T06:20:00Z,2461042.763888889,95.825386830553,0.227550654124,42181.404657,324607.211849,147139601.077362,146.323281118,23.612068027,160.701457934,8.687103376,28.687103376,0.306666516,20.000000000,0.270904787,30.000000000,0.000000000000,0.411348590166,0.000000000000,0.000000000000,1.580595454880,0.874220210164,87.422021016
2026-01-02T06:25:00Z,2461042.767361111,97.078058801323,0.229209314574,42181.381232,324782.767959,147139685.692861,145.855520608,23.306161946,160.611671867,8.687108237,28.687108237,0.306500750,20.000000000,0.270904631,30.000000000,0.000000000000,0.416203757754,0.000000000000,0.000000000000,1.575740543216,0.874606551758,87.460655176
2026-01-02T06:30:00Z,2461042.770833333,98.330732437821,0.230758756768,42181.357550,324975.759810,147139751.922445,145.347521721,23.060281990,160.523296061,8.687113152,28.687113152,0.306318729,20.000000000,0.270904510,30.000000000,0.000000000000,0.420113501602,0.000000000000,0.000000000000,1.571831058097,0.874917658699,87.491765870
2026-01-02T06:35:00Z,2461042.774305556,99.583407737560,0.232198247971,42181.333622,325186.073925,147139799.732177,144.801159945,22.876369223,160.436398486,8.687118118,28.687118118,0.306120615,20.000000000,0.270904421,30.000000000,0.000000000000,0.423042097470,0.000000000000,0.000000000000,1.568902723641,0.875150688151,87.515068815
2026-01-02T06:40:00Z,2461042.777777778,100.836084696893,0.233527107847,42181.309460,325413.586814,147139829.096869,144.218335034,22.755930339,160.351045963,8.687123133,28.687123133,0.305906589,20.000000000,0.270904367,30.000000000,0.000000000000,0.424961894585,0.000000000000,0.000000000000,1.566983190496,0.875303439745,87.530343975
2026-01-02T06:45:00Z,2461042.781250000,102.088763311046,0.234744708769,42181.285075,325658.165121,147139840.000092,143.600949452,22.699978592,160.267304110,8.687128194,28.687128194,0.305676842,20.000000000,0.270904347,30.000000000,0.000000000000,0.425854334722,0.000000000000,0.000000000000,1.566091016761,0.875374436675,87.537443668
2026-01-02T06:50:00Z,2461042.784722222,103.341443574073,0.235850476128,42181.260480,325919.665760,147139832.434189,142.950889707,22.708992271,160.185237288,8.687133298,28.687133298,0.305431581,20.000000000,0.270904361,30.000000000,0.000000000000,0.425710668052,0.000000000000,0.000000000000,1.566234952136,0.875362982662,87.536298266
2026-01-02T06:55:00Z,2461042.788194444,104.594125478988,0.236843888597,42181.235686,326197.936069,147139806.400274,142.270010614,22.782894602,160.104908562,8.687138444,28.687138444,0.305171023,20.000000000,0.270904409,30.000000000,0.000000000000,0.424532299599,0.000000000000,0.000000000000,1.567413591469,0.875269189524,87.526918952
2026-01-02T07:00:00Z,2461042.791666667,105.846809017727,0.237724478382,42181.210704,326492.813986,147139761.908232,141.560122407,22.921057006,160.026379645,8.687143629,28.687143629,0.304895400,20.000000000,0.270904491,30.000000000,0.000000000000,0.422330733136,0.000000000000,0.000000000000,1.569615430858,0.875093972713,87.509397271
2026-01-02T07:05:00Z,2461042.795138889,107.099494181176,0.238491831440,42181.185548,326804.128219,147139698.976717,140.822980544,23.122325393,159.949710851,8.687148850,28.687148850,0.304604953,20.000000000,0.270904607,30.000000000,0.000000000000,0.419127117944,0.000000000000,0.000000000000,1.572819320890,0.874839015245,87.483901524
2026-01-02T07:10:00Z,2461042.798611111,108.352180959261,0.239145587677,42181.160228,327131.698419,147139617.633142,140.060277946,23.385066982,159.874961064,8.687154105,28.687154105,0.304299937,20.000000000,0.270904757,30.000000000,0.000000000000,0.414951441534,0.000000000000,0.000000000000,1.576995273922,0.874506703461,87.450670346
2026-01-02T07:15:00Z,2461042.802083333,109.604869340938,0.239685441116,42181.134757,327475.335389,147139517.913665,139.273639409,23.707233351,159.802187677,8.687159391,28.687159391,0.303980616,20.000000000,0.270904940,30.000000000,0.000000000000,0.409841441874,0.000000000000,0.000000000000,1.582105551856,0.874100040465,87.410004046
2026-01-02T07:20:00Z,2461042.805555556,110.857559314202,0.240111140043,42181.109147,327834.841263,147139399.863174,138.464617920,24.086434333,159.731446574,8.687164706,28.687164706,0.303647266,20.000000000,0.270905158,30.000000000,0.000000000000,0.403841331552,0.000000000000,0.000000000000,1.588105941968,0.873622544591,87.362254459
2026-01-02T07:25:00Z,2461042.809027778,112.110250866194,0.240422487124,42181.083411,328210.009719,147139263.535262,137.634692554,24.520017053,159.662792078,8.687170047,28.687170047,0.303300172,20.000000000,0.270905409,30.000000000,0.000000000000,0.397000431877,0.000000000000,0.000000000000,1.594947122817,0.873078140717,87.307814072
2026-01-02T07:30:00Z,2461042.812500000,113.362943983205,0.240619339495,42181.057561,328600.626200,147139108.992207,136.785267719,25.005144798,159.596276922,8.687175412,28.687175412,0.302939627,20.000000000,0.270905693,30.000000000,0.000000000000,0.389371808358,0.000000000000,0.000000000000,1.602576028759,0.872471051671,87.247105167
2026-01-02T07:35:00Z,2461042.815972222,114.615638650656,0.240701608832,42181.031608,329006.468112,147138936.304942,135.917673480,25.538871344,159.531952218,8.687180799,28.687180799,0.302565936,20.000000000,0.270906011,30.000000000,0.000000000000,0.381010983483,0.000000000000,0.000000000000,1.610937137170,0.871805695805,87.180569580
2026-01-02T07:40:00Z,2461042.819444444,115.868334853230,0.240669261391,42181.005566,329427.305065,147138745.553014,135.033166739,26.118207529,159.469867425,8.687186203,28.687186203,0.302179410,20.000000000,0.270906362,30.000000000,0.000000000000,0.371974782311,0.000000000000,0.000000000000,1.619973622856,0.871086595122,87.108659512
2026-01-02T07:45:00Z,2461042.822916667,117.121032574856,0.240522318019,42180.979447,329862.899090,147138536.824558,134.132933088,26.740178161,159.410070322,8.687191624,28.687191624,0.301780370,20.000000000,0.270906747,30.000000000,0.000000000000,0.362320345003,0.000000000000,0.000000000000,1.629628345518,0.870318296704,87.031829670
2026-01-02T07:50:00Z,2461042.826388889,118.373731798733,0.240260854144,42180.953264,330313.004875,147138310.216244,133.218089152,27.401868435,159.352606990,8.687197058,28.687197058,0.301369140,20.000000000,0.270907164,30.000000000,0.000000000000,0.352104321043,0.000000000000,0.000000000000,1.639844655538,0.869505308584,86.950530858
2026-01-02T07:55:00Z,2461042.829861111,119.626432507424,0.239884999739,42180.927029,330777.370018,147138065.833241,132.289685286,28.100459983,159.297521776,8.687202503,28.687202503,0.300946056,20.000000000,0.270907614,30.000000000,0.000000000000,0.341382244321,0.000000000000,0.000000000000,1.650567018887,0.868652050020,86.865205002
2026-01-02T08:00:00Z,2461042.833333333,120.879134682807,0.239394939256,42180.900754,331255.735231,147137803.789161,131.348708526,28.833257278,159.244857293,8.687207956,28.687207956,0.300511457,20.000000000,0.270908096,30.000000000,0.000000000000,0.330208077166,0.000000000000,0.000000000000,1.661741473100,0.867762815208,86.776281521
2026-01-02T08:05:00Z,2461042.836805556,122.131838306219,0.238790911538,42180.874453,331747.834628,147137524.206007,130.396085657,29.597705562,159.194654386,8.687213415,28.687213415,0.300065688,20.000000000,0.270908611,30.000000000,0.000000000000,0.318633904749,0.000000000000,0.000000000000,1.673315932867,0.866841748965,86.684174896
2026-01-02T08:10:00Z,2461042.840277778,123.384543358430,0.238073209700,42180.848138,332253.395931,147137227.214117,129.432686373,30.391401588,159.146952133,8.687218877,28.687218877,0.299609100,20.000000000,0.270909158,30.000000000,0.000000000000,0.306709760606,0.000000000000,0.000000000000,1.685240364516,0.865892832845,86.589283284
2026-01-02T08:15:00Z,2461042.843750000,124.637249819664,0.237242180993,42180.821820,332772.140756,147136912.952099,128.459326419,31.212098550,159.101787821,8.687224339,28.687224339,0.299142048,20.000000000,0.270909737,30.000000000,0.000000000000,0.294483535956,0.000000000000,0.000000000000,1.697466876690,0.864919877920,86.491987792
2026-01-02T08:20:00Z,2461042.847222222,125.889957669686,0.236298226633,42180.795514,333303.784843,147136581.566769,127.476770711,32.057706463,159.059196945,8.687229798,28.687229798,0.298664890,20.000000000,0.270910347,30.000000000,0.000000000000,0.282001021606,0.000000000000,0.000000000000,1.709949678443,0.863926528119,86.392652812
2026-01-02T08:25:00Z,2461042.850694444,127.142666887839,0.235241801606,42180.769232,333848.038307,147136233.213081,126.485736374,32.926289122,159.019213202,8.687235253,28.687235253,0.298177989,20.000000000,0.270910988,30.000000000,0.000000000000,0.269305967511,0.000000000000,0.000000000000,1.722645019684,0.862916264962,86.291626496
2026-01-02T08:30:00Z,2461042.854166667,128.395377453017,0.234073414455,42180.742986,334404.605900,147135868.054049,125.486895674,33.816058599,158.981868487,8.687240701,28.687240701,0.297681711,20.000000000,0.270911661,30.000000000,0.000000000000,0.256440213784,0.000000000000,0.000000000000,1.735511060162,0.861892417992,86.189241799
2026-01-02T09:00:00Z,2461042.875000000,135.911667909902,0.224747046264,42180.586971,337985.462225,147133334.312356,119.362594403,39.516189235,158.814778916,8.687273081,28.687273081,0.294527833,20.000000000,0.270916326,30.000000000,0.000000000000,0.177810061003,0.000000000000,0.000000000000,1.814142917479,0.855635093604,85.563509360
2026-01-02T10:00:00Z,2461042.916666667,150.944372473684,0.194788882123,42180.290870,346166.477136,147126653.270694,106.734963190,52.092009935,158.786652056,8.687334536,28.687334536,0.287567144,20.000000000,0.270928628,30.000000000,0.000000000000,0.037895350770,0.000000000000,0.000000000000,1.954060862788,0.844500777292,84.450077729
2026-01-02T11:00:00Z,2461042.958333333,165.977209326277,0.151572015308,42180.032759,355212.712992,147118211.004376,94.001587101,65.446340110,159.175702172,8.687388108,28.687388108,0.280243585,20.000000000,0.270944175,30.000000000,0.000000000000,0.000000000000,0.000000000000,0.000000000000,1.991959033611,0.841484936682,84.148493668
2026-01-02T12:00:00Z,2461043.000000000,181.010143022054,0.098051077480,42179.830347,364522.806469,147108577.851330,81.433977720,79.140087855,159.967414858,8.687430119,28.687430119,0.273085970,20.000000000,0.270961918,30.000000000,0.000000000000,0.000000000000,0.000000000000,0.000000000000,1.991961245143,0.841484760694,84.148476069
2026-01-02T13:00:00Z,2461043.041666667,196.043144586027,0.037881755690,42179.697530,373523.341672,147098405.420913,69.195817861,92.956163163,161.125344431,8.687457686,28.687457686,0.266505557,20.000000000,0.270980656,30.000000000,0.000000000000,0.000000000000,0.000000000000,0.000000000000,1.991962696301,0.841484645215,84.148464521
2026-01-02T14:00:00Z,2461043.083333333,211.076190204777,-0.024828979410,42179.643441,381698.853169,147088382.307499,57.433843916,106.742465187,162.598594580,8.687468912,28.687468912,0.260797302,20.000000000,0.270999122,30.000000000,0.000000000000,0.000000000000,0.000000000000,0.000000000000,1.991963287278,0.841484598186,84.148459819
2026-01-02T15:00:00Z,2461043.125000000,226.109256990422,-0.085803329580,42179.671825,388610.673214,147079187.246389,46.368693785,120.330755894,164.327508373,8.687463021,28.687463021,0.256158736,20.000000000,0.271016064,30.000000000,0.007093179062,0.000000000000,0.000000000000,0.000000000000,1.984869798092,0.842049080120,84.204908012
2026-01-02T16:00:00Z,2461043.166666667,241.142317582182,-0.140884640075,42179.780780,393907.780485,147071442.899377,36.454316364,133.437590350,166.247022730,8.687440407,28.687440407,0.252713998,20.000000000,0.271030335,30.000000000,0.081634031207,0.000000000000,0.000000000000,0.000000000000,1.910327755497,0.847980947394,84.798094739
2026-01-02T17:00:00Z,2461043.208333333,256.175335816136,-0.186320938318,42179.962892,397332.553233,147065673.424879,28.712516025,145.421941157,168.287461429,8.687402609,28.687402609,0.250535738,20.000000000,0.271040968,30.000000000,0.163150710588,0.000000000000,0.000000000000,0.000000000000,1.828809086383,0.854467996965,85.446799697
2026-01-02T18:00:00Z,2461043.250000000,271.208265432731,-0.219020675164,42180.205734,398723.585234,147062268.737642,25.090452448,154.569713968,170.372060195,8.687352206,28.687352206,0.249661686,20.000000000,0.271047243,30.000000000,0.204944887529,0.000000000000,0.000000000000,0.000000000000,1.787012256192,0.857794083031,85.779408303
2026-01-02T19:00:00Z,2461043.291666667,286.241052917257,-0.236763209208,42180.492728,398016.956924,147061457.910526,27.233441620,157.130587983,172.408576754,8.687292641,28.687292641,0.250104931,20.000000000,0.271048737,30.000000000,0.180018866087,0.000000000000,0.000000000000,0.000000000000,1.811935142049,0.855810782791,85.581078279
2026-01-02T20:00:00Z,2461043.333333333,301.273644361157,-0.238349678136,42180.804269,395246.728852,147063293.545970,34.098903099,151.277886983,174.266837927,8.687227981,28.687227981,0.251857892,20.000000000,0.271045354,30.000000000,0.104965861255,0.000000000000,0.000000000000,0.000000000000,1.886984743145,0.849838525295,84.983852529
2026-01-02T21:00:00Z,2461043.375000000,316.305995011725,-0.223683994136,42181.119077,390544.934550,147067648.190697,43.579760523,140.609443432,175.725053449,8.687162645,28.687162645,0.254890044,20.000000000,0.271037328,30.000000000,0.022858844112,0.000000000000,0.000000000000,0.000000000000,1.969088320930,0.843304930170,84.330493017
2026-01-02T22:00:00Z,2461043.416666667,331.338079280733,-0.193778500677,42181.415645,384140.918296,147074223.037466,54.420743070,128.033157923,176.425324020,8.687101095,28.687101095,0.259139347,20.000000000,0.271025212,30.000000000,0.000000000000,0.000000000000,0.000000000000,0.000000000000,1.991943925007,0.841486138987,84.148613899
2026-01-02T23:00:00Z,2461043.458333333,346.369898663097,-0.150683998522,42181.673718,376359.393638,147082568.311538,66.058819258,114.675005060,176.184661518,8.687047536,28.687047536,0.264497293,20.000000000,0.271009834,30.000000000,0.000000000000,0.000000000000,0.000000000000,0.000000000000,1.991941105581,0.841486363349,84.148636335
2026-01-03T00:00:00Z,2461043.500000000,1.401485334697,-0.097349023909,42181.875674,367616.003692,147092113.937196,78.233542133,100.977352064,175.384897939,8.687005623,28.687005623,0.270788151,20.000000000,0.270992247,30.000000000,0.000000000000,0.000000000000,0.000000000000,0.000000000000,1.991938899255,0.841486538923,84.148653892
2026-01-03T01:00:00Z,2461043.541666667,16.432900364317,-0.037418077728,42182.007732,358408.409524,147102208.378024,90.792084489,87.158041375,174.472642608,8.686978216,28.686978216,0.277744814,20.000000000,0.270973651,30.000000000,0.000000000000,0.000000000000,0.000000000000,0.000000000000,1.991937456557,0.841486653730,84.148665373
2026-01-03T02:00:00Z,2461043.583333333,31.464226246826,0.025017364321,42182.060896,349300.121541,147112162.991317,103.588617145,73.368802852,173.665781176,8.686967183,28.686967183,0.284987298,20.000000000,0.270955314,30.000000000,0.000000000000,0.000000000000,0.000000000000,0.000000000000,1.991936875764,0.841486699948,84.148669995
2026-01-03T03:00:00Z,2461043.625000000,46.495555430349,0.085698062242,42182.031566,340893.796863,147121298.870038,116.399839274,59.776423196,173.038340032,8.686973270,28.686973270,0.292015048,20.000000000,0.270938489,30.000000000,0.000000000000,0.000000000000,0.000000000000,0.000000000000,1.991937196183,0.841486674449,84.148667445
2026-01-03T04:00:00Z,2461043.666666667,61.526977085989,0.140487430842,42181.921788,333791.317860,147128992.986634,128.794637786,46.660870209,172.589612825,8.686996052,28.686996052,0.298228658,20.000000000,0.270924320,30.000000000,0.000000000000,0.091109523394,0.000000000000,0.000000000000,1.900828872073,0.848736844519,84.873684452
2026-01-03T05:00:00Z,2461043.708333333,76.558564869275,0.185653421598,42181.739114,328540.637228,147134720.510636,139.853603696,34.654486829,172.277698024,8.687033964,28.687033964,0.302994942,20.000000000,0.270913773,30.000000000,0.000000000000,0.244447654018,0.000000000000,0.000000000000,1.747492737122,0.860938946435,86.093894643
2026-01-03T05:05:00Z,2461043.711805556,77.811206429927,0.188880792486,42181.720961,328201.336166,147135095.684475,140.663824180,33.743734308,172.256131319,8.687037731,28.687037731,0.303308187,20.000000000,0.270913083,30.000000000,0.000000000000,0.257477090761,0.000000000000,0.000000000000,1.734463498695,0.861975780285,86.197578029
2026-01-03T05:10:00Z,2461043.715277778,79.063849523592,0.192017955993,42181.702395,327878.205029,147135454.214081,141.450472369,32.852492871,172.235098137,8.687041584,28.687041584,0.303607107,20.000000000,0.270912422,30.000000000,0.000000000000,0.270376028612,0.000000000000,0.000000000000,1.721564763670,0.863002229005,86.300222900
2026-01-03T05:15:00Z,2461043.718750000,80.316494168817,0.195063422722,42181.683426,327571.438812,147135795.928322,142.211864775,31.982414051,172.214570113,8.687045521,28.687045521,0.303891433,20.000000000,0.270911793,30.000000000,0.000000000000,0.283104306030,0.000000000000,0.000000000000,1.708836693492,0.864015096647,86.401509665
2026-01-03T05:20:00Z,2461043.722222222,81.569140382741,0.198015747044,42181.664061,327281.223599,147136120.664050,142.946238166,31.135291800,172.194520186,8.687049540,28.687049540,0.304160910,20.000000000,0.270911195,30.000000000,0.000000000000,0.295619992070,0.000000000000,0.000000000000,1.696321219005,0.865011046462,86.501104646
2026-01-03T05:25:00Z,2461043.725694444,82.821788181085,0.200873527790,42181.644311,327007.736377,147136428.266183,143.651754216,30.313069867,172.174922722,8.687053638,28.687053638,0.304415292,20.000000000,0.270910629,30.000000000,0.000000000000,0.307879217705,0.000000000000,0.000000000000,1.684062209136,0.865986587471,86.598658747
2026-01-03T05:30:00Z,2461043.729166667,84.074437578193,0.203635408912,42181.624185,326751.144837,147136718.587779,144.326506463,29.517847508,172.155753645,8.687057815,28.687057815,0.304654346,20.000000000,0.270910094,30.000000000,0.000000000000,0.319836041962,0.000000000000,0.000000000000,1.672105604755,0.866938063816,86.693806382
2026-01-03T05:35:00Z,2461043.732638889,85.327088587048,0.206300080127,42181.603692,326511.607195,147136991.490102,144.968529984,28.751882744,172.136990551,8.687062068,28.687062068,0.304877851,20.000000000,0.270909592,30.000000000,0.000000000000,0.331442387885,0.000000000000,0.000000000000,1.660499482712,0.867861649662,86.786164966
2026-01-03T05:40:00Z,2461043.736111111,86.579741219196,0.208866277543,42181.582843,326289.272023,147137246.842692,145.575814066,28.017592188,172.118612825,8.687066395,28.687066395,0.305085598,20.000000000,0.270909122,30.000000000,0.000000000000,0.342647997832,0.000000000000,0.000000000000,1.649294100541,0.868753345643,86.875334564
2026-01-03T05:45:00Z,2461043.739583333,87.832395484867,0.211332784259,42181.561647,326084.278082,147137484.523424,146.146318183,27.317546278,172.100601748,8.687070794,28.687070794,0.305277393,20.000000000,0.270908684,30.000000000,0.000000000000,0.353400522037,0.000000000000,0.000000000000,1.638541807900,0.869608985905,86.960898590
2026-01-03T05:50:00Z,2461043.743055556,89.085051392913,0.213698430936,42181.540115,325896.754169,147137704.418567,146.677991433,26.654458628,172.082940595,8.687075263,28.687075263,0.305453054,20.000000000,0.270908279,30.000000000,0.000000000000,0.363645691242,0.000000000000,0.000000000000,1.628296873937,0.870424251846,87.042425185
2026-01-03T05:55:00Z,2461043.746527778,90.337708950811,0.215962096362,42181.518256,325726.818977,147137906.422838,147.168795506,26.031168114,172.065614727,8.687079800,28.687079800,0.305612414,20.000000000,0.270907907,30.000000000,0.000000000000,0.373327622530,0.000000000000,0.000000000000,1.618615181454,0.871194696454,87.119469645
2026-01-03T06:00:00Z,2461043.750000000,91.590368164739,0.218122707977,42181.496081,325574.580957,147138090.439449,147.616731015,25.450612337,172.048611673,8.687084402,28.687084402,0.305755319,20.000000000,0.270907569,30.000000000,0.000000000000,0.382389277797,0.000000000000,0.000000000000,1.609553768442,0.871915780790,87.191578079
2026-01-03T06:05:00Z,2461043.753472222,92.843029039560,0.220179242384,42181.473602,325440.138197,147138256.380162,148.019866868,24.915791273,172.031921208,8.687089067,28.687089067,0.305881631,20.000000000,0.270907263,30.000000000,0.000000000000,0.390773094106,0.000000000000,0.000000000000,1.601170197721,0.872582924151,87.258292415
2026-01-03T06:10:00Z,2461043.756944444,94.095691578785,0.222130725836,42181.450828,325323.578316,147138404.165318,148.376372038,24.429720347,172.015535414,8.687093794,28.687093794,0.305991226,20.000000000,0.270906991,30.000000000,0.000000000000,0.398421798459,0.000000000000,0.000000000000,1.593521742173,0.873191568904,87.319156890
2026-01-03T06:15:00Z,2461043.760416667,95.348355784691,0.223976234698,42181.427771,325224.978355,147138533.723883,148.684548887,23.995372790,171.999448736,8.687098579,28.687098579,0.306083996,20.000000000,0.270906752,30.000000000,0.000000000000,0.405279408180,0.000000000000,0.000000000000,1.586664384353,0.873737260101,87.373726010
2026-01-03T06:20:00Z,2461043.763888889,96.601021658288,0.225714895881,42181.404441,325144.404697,147138644.993483,148.942866892,23.615612089,171.983658028,8.687103421,28.687103421,0.306159847,20.000000000,0.270906548,30.000000000,0.000000000000,0.411292402206,0.000000000000,0.000000000000,1.580651645206,0.874215738680,87.421573868
2026-01-03T06:25:00Z,2461043.767361111,97.853689199319,0.227345887260,42181.380850,325081.912985,147138737.920428,149.149995450,23.293116491,171.968162584,8.687108317,28.687108317,0.306218701,20.000000000,0.270906376,30.000000000,0.000000000000,0.416411028663,0.000000000000,0.000000000000,1.575533276481,0.874623045521,87.462304552
2026-01-03T06:30:00Z,2461043.770833333,99.106358406322,0.228868438063,42181.357009,325037.548064,147138812.459740,149.304834258,23.030298806,171.952964164,8.687113265,28.687113265,0.306260498,20.000000000,0.270906239,30.000000000,0.000000000000,0.420590692135,0.000000000000,0.000000000000,1.571353873473,0.874955631845,87.495563185
2026-01-03T06:35:00Z,2461043.774305556,100.359029276662,0.230281829236,42181.332929,325011.343920,147138868.575175,149.406539769,22.829226019,171.938067007,8.687118262,28.687118262,0.306285191,20.000000000,0.270906136,30.000000000,0.000000000000,0.423793342961,0.000000000000,0.000000000000,1.568151485717,0.875210469766,87.521046977
2026-01-03T06:40:00Z,2461043.777777778,101.611701806497,0.231585393782,42181.308623,325003.323646,147138906.239242,149.454546297,22.691544114,171.923477830,8.687123307,28.687123307,0.306292749,20.000000000,0.270906067,30.000000000,0.000000000000,0.425988774892,0.000000000000,0.000000000000,1.565956319335,0.875385155556,87.538515556
2026-01-03T06:45:00Z,2461043.781250000,102.864375990877,0.232778517078,42181.284101,325013.499421,147138925.433210,149.448580546,22.618413996,171.909205818,8.687128396,28.687128396,0.306283159,20.000000000,0.270906031,30.000000000,0.000000000000,0.427155730630,0.000000000000,0.000000000000,1.564789631500,0.875477997624,87.547799762
2026-01-03T06:50:00Z,2461043.784722222,104.117051823732,0.233860637165,42181.259375,325041.872478,147138926.147125,149.388668721,22.610464004,171.895262613,8.687133527,28.687133527,0.306256423,20.000000000,0.270906030,30.000000000,0.000000000000,0.427282720534,0.000000000000,0.000000000000,1.564662911724,0.875488081663,87.548808166
2026-01-03T06:55:00Z,2461043.788194444,105.369729297891,0.234831245017,42181.234458,325088.433119,147138908.379808,149.275135778,22.667763412,171.881662271,8.687138699,28.687138699,0.306212560,20.000000000,0.270906063,30.000000000,0.000000000000,0.426368479286,0.000000000000,0.000000000000,1.565577425195,0.875415306994,87.541530699
2026-01-03T07:00:00Z,2461043.791666667,106.622408405155,0.235689884774,42181.209361,325153.160718,147138872.138860,149.108596860,22.789819481,171.868421229,8.687143907,28.687143907,0.306151602,20.000000000,0.270906129,30.000000000,0.000000000000,0.424422016723,0.000000000000,0.000000000000,1.567524161946,0.875260390605,87.526039061
2026-01-03T07:05:00Z,2461043.795138889,107.875089136306,0.236436153964,42181.184096,325236.023742,147138817.440655,148.889941438,22.975598348,171.855558255,8.687149151,28.687149151,0.306073600,20.000000000,0.270906230,30.000000000,0.000000000000,0.421462257901,0.000000000000,0.000000000000,1.570484196790,0.875024838517,87.502483852
2026-01-03T07:10:00Z,2461043.798611111,109.127771481100,0.237069703691,42181.158676,325336.979793,147138744.310338,148.620311106,23.223567722,171.843094382,8.687154427,28.687154427,0.305978621,20.000000000,0.270906365,30.000000000,0.000000000000,0.417517307117,0.000000000000,0.000000000000,1.574429425297,0.874710887207,87.471088721
2026-01-03T07:15:00Z,2461043.802083333,110.380455428391,0.237590238797,42181.133112,325455.975649,147138652.781804,148.301072269,23.531757381,171.831052845,8.687159732,28.687159732,0.305866746,20.000000000,0.270906533,30.000000000,0.000000000000,0.412623404384,0.000000000000,0.000000000000,1.579323607322,0.874321420577,87.432142058
2026-01-03T07:20:00Z,2461043.805555556,111.633140966059,0.237997518002,42181.107416,325592.947330,147138542.897694,147.933785201,23.897832170,171.819458998,8.687165065,28.687165065,0.305738071,20.000000000,0.270906736,30.000000000,0.000000000000,0.406823665566,0.000000000000,0.000000000000,1.585123626867,0.873859869686,87.385986969
2026-01-03T07:25:00Z,2461043.809027778,112.885828081135,0.238291354015,42181.081602,325747.820166,147138414.709362,147.520170973,24.319171643,171.808340234,8.687170423,28.687170423,0.305592710,20.000000000,0.270906972,30.000000000,0.000000000000,0.400166706470,0.000000000000,0.000000000000,1.591780867991,0.873330103270,87.333010327
2026-01-03T07:30:00Z,2461043.812500000,114.138516759801,0.238471613623,42181.055681,325920.508885,147138268.276863,147.062077719,24.792950764,171.797725883,8.687175803,28.687175803,0.305430791,20.000000000,0.270907241,30.000000000,0.000000000000,0.392705247253,0.000000000000,0.000000000000,1.599242610400,0.872736316676,87.273631668
2026-01-03T07:35:00Z,2461043.815972222,115.391206987380,0.238538217753,42181.029666,326110.917704,147138103.668915,146.561447558,25.316216893,171.787647123,8.687181202,28.687181202,0.305252455,20.000000000,0.270907544,30.000000000,0.000000000000,0.384494779332,0.000000000000,0.000000000000,1.607453362544,0.872082925781,87.208292578
2026-01-03T07:40:00Z,2461043.819444444,116.643898748461,0.238491141504,42181.003569,326318.940441,147137920.962872,146.020285223,25.885959519,171.778136863,8.687186618,28.687186618,0.305057860,20.000000000,0.270907881,30.000000000,0.000000000000,0.375592356783,0.000000000000,0.000000000000,1.616356070210,0.871374470815,87.137447081
2026-01-03T07:45:00Z,2461043.822916667,117.896592026891,0.238330414160,42180.977402,326544.460632,147137720.244686,145.440629262,26.499170430,171.769229638,8.687192049,28.687192049,0.304847177,20.000000000,0.270908250,30.000000000,0.000000000000,0.366055552137,0.000000000000,0.000000000000,1.625893160729,0.870615533265,87.061553327
2026-01-03T07:50:00Z,2461043.826388889,119.149286805766,0.238056119169,42180.951179,326787.351658,147137501.608865,144.824526327,27.152893287,171.760961492,8.687197491,28.687197491,0.304620591,20.000000000,0.270908653,30.000000000,0.000000000000,0.355941595820,0.000000000000,0.000000000000,1.636007403541,0.869810667396,86.981066740
2026-01-03T07:55:00Z,2461043.829861111,120.401983067563,0.237668394109,42180.924912,327047.476888,147137265.158432,144.174008899,27.844262508,171.753369857,8.687202943,28.687202943,0.304378302,20.000000000,0.270909088,30.000000000,0.000000000000,0.345306701508,0.000000000000,0.000000000000,1.646642584829,0.868964346559,86.896434656
2026-01-03T08:00:00Z,2461043.833333333,121.654680794123,0.237167430612,42180.898613,327324.689828,147137011.004871,143.491076512,28.570532101,171.746493428,8.687208401,28.687208401,0.304120520,20.000000000,0.270909556,30.000000000,0.000000000000,0.334205567244,0.000000000000,0.000000000000,1.657744006417,0.868080923499,86.808092350
2026-01-03T08:05:00Z,2461043.836805556,122.907379966661,0.236553474273,42180.872295,327618.834278,147136739.268081,142.777680443,29.329095579,171.740372040,8.687213863,28.687213863,0.303847470,20.000000000,0.270910056,30.000000000,0.000000000000,0.322691034254,0.000000000000,0.000000000000,1.669258826938,0.867164603197,86.716460320
2026-01-03T08:10:00Z,2461043.840277778,124.160080565873,0.235826824533,42180.845971,327929.744505,147136450.076314,142.035711615,30.117498247,171.735046537,8.687219327,28.687219327,0.303559389,20.000000000,0.270910589,30.000000000,0.000000000000,0.310813884921,0.000000000000,0.000000000000,1.681136263873,0.866219426797,86.621942680
2026-01-03T08:15:00Z,2461043.843750000,125.412782571940,0.234987834531,42180.819653,328257.245418,147136143.566114,141.266991487,30.933443288,171.730558645,8.687224789,28.687224789,0.303256527,20.000000000,0.270911153,30.000000000,0.000000000000,0.298622731918,0.000000000000,0.000000000000,1.693327704410,0.865249262784,86.524926278
2026-01-03T08:20:00Z,2461043.847222222,126.665485964528,0.234036910935,42180.793353,328601.152757,147135819.882256,140.473265543,31.774792952,171.726950844,8.687230247,28.687230247,0.302939142,20.000000000,0.270911749,30.000000000,0.000000000000,0.286164038503,0.000000000000,0.000000000000,1.705786685154,0.864257808599,86.425780860
2026-01-03T08:25:00Z,2461043.850694444,127.918190722898,0.232974513744,42180.767086,328961.273286,147135479.177677,139.656199053,32.639566039,171.724266233,8.687235699,28.687235699,0.302607505,20.000000000,0.270912377,30.000000000,0.000000000000,0.273482174400,0.000000000000,0.000000000000,1.718468836244,0.863248595081,86.324859508
2026-01-03T08:30:00Z,2461043.854166667,129.170896825919,0.231801156069,42180.740862,329337.404994,147135121.613402,138.817374748,33.525932705,171.722548410,8.687241141,28.687241141,0.302261898,20.000000000,0.270913035,30.000000000,0.000000000000,0.260619535711,0.000000000000,0.000000000000,1.731331761441,0.862224996017,86.222499602
2026-01-03T08:35:00Z,2461043.857638889,130.423604252031,0.230517403882,42180.714694,329729.337305,147134747.358467,137.958292064,34.432207436,171.721841334,8.687246572,28.687246572,0.301902611,20.000000000,0.270913724,30.000000000,0.000000000000,0.247616706081,0.000000000000,0.000000000000,1.744334876961,0.861190240962,86.119024096
2026-01-03T09:00:00Z,2461043.875000000,136.687160455114,0.222466198421,42180.585142,331918.065985,147132632.190665,133.405793201,39.212240033,171.735015931,8.687273460,28.687273460,0.299911792,20.000000000,0.270917619,30.000000000,0.000000000000,0.181818792833,0.000000000000,0.000000000000,1.810134205624,0.855954096758,85.595409676
2026-01-03T10:00:00Z,2461043.916666667,151.719811022488,0.192600928873,42180.290441,338568.806783,147126032.143789,121.347097308,51.779241561,171.906459381,8.687334625,28.687334625,0.294020365,20.000000000,0.270929772,30.000000000,0.000000000000,0.040566511701,0.000000000000,0.000000000000,1.951389706535,0.844713341153,84.471334115
2026-01-03T11:00:00Z,2461043.958333333,166.752593237433,0.149620405661,42180.034720,346770.108861,147117658.517699,108.570531400,65.134888542,172.325981705,8.687387701,28.687387701,0.287066564,20.000000000,0.270945193,30.000000000,0.000000000000,0.000000000000,0.000000000000,0.000000000000,1.991959012183,0.841484938387,84.148493839
2026-01-03T12:00:00Z,2461044.000000000,181.785471286604,0.096467033057,42179.835521,355933.999327,147108079.805290,95.652813131,78.834120746,173.033179003,8.687429045,28.687429045,0.279675678,20.000000000,0.270962835,30.000000000,0.000000000000,0.000000000000,0.000000000000,0.000000000000,1.991961188613,0.841484765193,84.148476519
2026-01-03T13:00:00Z,2461044.041666667,196.818415641676,0.036775451442,42179.706518,365448.867864,147097946.738714,82.875685382,92.658559223,174.035573802,8.687455820,28.687455820,0.272393955,20.000000000,0.270981501,30.000000000,0.000000000000,0.000000000000,0.000000000000,0.000000000000,1.991962598095,0.841484653030,84.148465303
2026-01-03T14:00:00Z,2461044.083333333,211.851401795489,-0.025376019430,42179.656582,374725.430756,147087948.063389,70.398433044,106.456675515,175.307079995,8.687466185,28.687466185,0.265650623,20.000000000,0.270999922,30.000000000,0.000000000000,0.000000000000,0.000000000000,0.000000000000,1.991963143694,0.841484609612,84.148460961
2026-01-03T15:00:00Z,2461044.125000000,226.884406142549,-0.085744100606,42179.689172,383229.165271,147078763.684358,58.350798582,120.062545316,176.773267212,8.687459420,28.687459420,0.259755878,20.000000000,0.271016845,30.000000000,0.000000000000,0.000000000000,0.000000000000,0.000000000000,1.991962787614,0.841484637948,84.148463795
2026-01-03T16:00:00Z,2461044.166666667,241.917400743470,-0.140210374529,42179.802098,390501.015754,147071018.372772,46.918146086,133.198545324,178.173674336,8.687435982,28.687435982,0.254918711,20.000000000,0.271031118,30.000000000,0.004740988727,0.000000000000,0.000000000000,0.000000000000,1.987220565066,0.841862012028,84.186201203
2026-01-03T17:00:00Z,2461044.208333333,256.950349163929,-0.185062393525,42179.987669,396169.541577,147065239.192607,36.488730703,145.238874435,178.250331833,8.687397466,28.687397466,0.251271226,20.000000000,0.271041768,30.000000000,0.081304316869,0.000000000000,0.000000000000,0.000000000000,1.910655209390,0.847954889441,84.795488944
2026-01-03T18:00:00Z,2461044.250000000,271.983205312756,-0.217246866572,42180.233224,399957.545575,147061819.562263,27.995960259,154.506374374,176.650784745,8.687346501,28.687346501,0.248891417,20.000000000,0.271048071,30.000000000,0.171284096698,0.000000000000,0.000000000000,0.000000000000,1.820672746680,0.855115466307,85.511546631
2026-01-03T19:00:00Z,2461044.291666667,287.015916335973,-0.234577630927,42180.521995,401685.492775,147060992.417037,23.472345537,157.263590353,174.654172855,8.687286566,28.687286566,0.247820744,20.000000000,0.271049595,30.000000000,0.224048614397,0.000000000000,0.000000000000,0.000000000000,1.767905073975,0.859314584280,85.931458428
2026-01-03T20:00:00Z,2461044.333333333,302.048429433532,-0.235884218544,42180.834257,401273.235675,147062814.316449,25.103040672,151.542892097,172.587994882,8.687221758,28.687221758,0.248075350,20.000000000,0.271046237,30.000000000,0.204795388192,0.000000000000,0.000000000000,0.000000000000,1.787154888581,0.857782732706,85.778273271
2026-01-03T21:00:00Z,2461044.375000000,317.080701268289,-0.221090908858,42181.148676,398740.903841,147067161.588165,31.991704107,140.915239541,170.562713192,8.687156502,28.687156502,0.249650842,20.000000000,0.271038225,30.000000000,0.127024211576,0.000000000000,0.000000000000,0.000000000000,1.864922630083,0.851594172469,85.159417247
2026-01-03T22:00:00Z,2461044.416666667,332.112707764145,-0.191220937690,42181.443773,394209.300752,147073738.770988,41.687252351,128.347217588,168.654770786,8.687095258,28.687095258,0.252520703,20.000000000,0.271026104,30.000000000,0.036319899228,0.000000000000,0.000000000000,0.000000000000,1.955623718473,0.844376409189,84.437640919
2026-01-03T23:00:00Z,2461044.458333333,347.144451787938,-0.148325671103,42181.699391,387899.704753,147082098.772433,52.772019305,114.987276412,166.932270287,8.687042207,28.687042207,0.256628244,20.000000000,0.271010699,30.000000000,0.000000000000,0.000000000000,0.000000000000,0.000000000000,1.991940825106,0.841486385669,84.148638567
2026-01-04T00:00:00Z,2461044.500000000,2.175966535602,-0.095343689591,42181.898073,380132.491753,147091673.351994,64.655406293,101.283737479,165.459845093,8.687000974,28.687000974,0.261871942,20.000000000,0.270993058,30.000000000,0.000000000000,0.000000000000,0.000000000000,0.000000000000,1.991938654546,0.841486558397,84.148655840
2026-01-04T01:00:00Z,2461044.541666667,17.207313603816,-0.035899501218,42182.026262,371323.387153,147101811.836308,77.085605260,87.455700888,164.298323405,8.686974370,28.686974370,0.268084516,20.000000000,0.270974381,30.000000000,0.000000000000,0.000000000000,0.000000000000,0.000000000000,1.991937254127,0.841486669838,84.148666984
2026-01-04T02:00:00Z,2461044.583333333,32.238575482759,0.025944310378,42182.075222,361975.361671,147111825.415107,89.929243545,73.654301290,163.501592819,8.686964210,28.686964210,0.275007860,20.000000000,0.270955936,30.000000000,0.000000000000,0.000000000000,0.000000000000,0.000000000000,1.991936719259,0.841486712402,84.148671240
2026-01-04T03:00:00Z,2461044.625000000,47.269844148398,0.085964570820,42182.041639,352663.288357,147121033.995190,103.068938634,60.043999351,163.110993024,8.686971179,28.686971179,0.282269500,20.000000000,0.270938976,30.000000000,0.000000000000,0.000000000000,0.000000000000,0.000000000000,1.991937086135,0.841486683207,84.148668321
2026-01-04T04:00:00Z,2461044.666666667,62.301207982966,0.140065724476,42181.927848,344007.835334,147128812.425707,116.325117855,46.898950789,163.147514528,8.686994794,28.686994794,0.289371637,20.000000000,0.270924652,30.000000000,0.000000000000,0.088509148885,0.000000000000,0.000000000000,1.903429180374,0.848529918559,84.852991856
2026-01-04T05:00:00Z,2461044.708333333,77.332739732482,0.184559158134,42181.741672,336635.462613,147134632.960963,129.338128118,34.836354043,163.602902053,8.687033433,28.687033433,0.295708980,20.000000000,0.270913935,30.000000000,0.000000000000,0.241864832059,0.000000000000,0.000000000000,1.750075531129,0.860733414218,86.073341422
2026-01-04T05:05:00Z,2461044.711805556,78.585376676793,0.187732555020,42181.723258,336097.753906,147135016.171602,130.391497254,33.918755169,163.658631854,8.687037254,28.687037254,0.296182077,20.000000000,0.270913229,30.000000000,0.000000000000,0.254961076087,0.000000000000,0.000000000000,1.736979488268,0.861775564196,86.177556420
2026-01-04T05:10:00Z,2461044.715277778,79.838015160175,0.190816178672,42181.704437,335573.341200,147135382.772072,131.437441572,33.020206609,163.716942204,8.687041160,28.687041160,0.296644935,20.000000000,0.270912554,30.000000000,0.000000000000,0.267937787149,0.000000000000,0.000000000000,1.724002982826,0.862808201689,86.280820169
2026-01-04T05:15:00Z,2461044.718750000,81.090655200709,0.193808563884,42181.685217,335062.527302,147135732.589043,132.475224160,32.142326496,163.777792510,8.687045149,28.687045149,0.297097184,20.000000000,0.270911910,30.000000000,0.000000000000,0.280755189183,0.000000000000,0.000000000000,1.711185790764,0.863828161426,86.382816143
2026-01-04T05:20:00Z,2461044.722222222,82.343296815125,0.196708289050,42181.665608,334565.609019,147136065.457161,133.504050342,31.286874485,163.841140210,8.687049219,28.687049219,0.297538456,20.000000000,0.270911297,30.000000000,0.000000000000,0.293371763483,0.000000000000,0.000000000000,1.698569430690,0.864832139460,86.483213946
2026-01-04T05:25:00Z,2461044.725694444,83.595940018777,0.199513976835,42181.645619,334082.876889,147136381.219120,134.523062867,30.455759687,163.906940781,8.687053367,28.687053367,0.297968387,20.000000000,0.270910716,30.000000000,0.000000000000,0.305744068165,0.000000000000,0.000000000000,1.686197344384,0.865816678806,86.581667881
2026-01-04T05:30:00Z,2461044.729166667,84.848584825594,0.202224294832,42181.625260,333614.614887,147136679.725740,135.531336780,29.651047155,163.975147755,8.687057592,28.687057592,0.298386620,20.000000000,0.270910166,30.000000000,0.000000000000,0.317826588113,0.000000000000,0.000000000000,1.674115046858,0.866778157494,86.677815749
2026-01-04T05:35:00Z,2461044.732638889,86.101231248185,0.204837956197,42181.604540,333161.100191,147136960.836038,136.527873962,28.874962152,164.045712725,8.687061892,28.687061892,0.298792802,20.000000000,0.270909648,30.000000000,0.000000000000,0.329571653315,0.000000000000,0.000000000000,1.662370208018,0.867712782073,86.771278207
2026-01-04T05:40:00Z,2461044.736111111,87.353879297769,0.207353720256,42181.583470,332722.602878,147137224.417294,137.511597421,28.129891260,164.118585375,8.687066265,28.687066265,0.299186586,20.000000000,0.270909163,30.000000000,0.000000000000,0.340929369994,0.000000000000,0.000000000000,1.651012721531,0.868616582130,86.861658213
2026-01-04T05:45:00Z,2461044.739583333,88.606528984189,0.209770393100,42181.562059,332299.385693,147137470.345113,138.481345312,27.418379211,164.193713485,8.687070709,28.687070709,0.299567634,20.000000000,0.270908710,30.000000000,0.000000000000,0.351847679399,0.000000000000,0.000000000000,1.640094646039,0.869485414972,86.948541497
2026-01-04T05:50:00Z,2461044.743055556,89.859180315966,0.212086828149,42181.540318,331891.703773,147137698.503486,139.435864829,26.743120144,164.271042965,8.687075221,28.687075221,0.299935614,20.000000000,0.270908290,30.000000000,0.000000000000,0.362272497256,0.000000000000,0.000000000000,1.629670065704,0.870314976717,87.031497672
2026-01-04T05:55:00Z,2461044.746527778,91.111833300304,0.214301926698,42181.518257,331499.804387,147137908.784844,140.373806029,26.106941879,164.350517882,8.687079799,28.687079799,0.300290202,20.000000000,0.270907903,30.000000000,0.000000000000,0.372147980724,0.000000000000,0.000000000000,1.619794823253,0.871100823542,87.110082354
2026-01-04T06:00:00Z,2461044.750000000,92.364487943022,0.216414638437,42181.495886,331123.926695,147138101.090108,141.293715744,25.512781816,164.432080484,8.687084442,28.687084442,0.300631081,20.000000000,0.270907549,30.000000000,0.000000000000,0.381416944297,0.000000000000,0.000000000000,1.610526104076,0.871838404779,87.183840478
2026-01-04T06:05:00Z,2461044.753472222,93.617144248689,0.218423961954,42181.473217,330764.301503,147138275.328739,142.194031784,24.963653128,164.515671236,8.687089147,28.687089147,0.300957947,20.000000000,0.270907228,30.000000000,0.000000000000,0.390021445803,0.000000000000,0.000000000000,1.601921850228,0.872523109545,87.252310954
2026-01-04T06:10:00Z,2461044.756944444,94.869802220590,0.220328945206,42181.450260,330421.151016,147138431.418777,143.073077677,24.462600328,164.601228851,8.687093911,28.687093911,0.301270502,20.000000000,0.270906941,30.000000000,0.000000000000,0.397903558017,0.000000000000,0.000000000000,1.594039988818,0.873150328147,87.315032815
2026-01-04T06:15:00Z,2461044.760416667,96.122461860686,0.222128685973,42181.427027,330094.688607,147138569.286884,143.929058270,24.012643820,164.688690334,8.687098733,28.687098733,0.301568460,20.000000000,0.270906687,30.000000000,0.000000000000,0.405006331207,0.000000000000,0.000000000000,1.586937469454,0.873715528679,87.371552868
2026-01-04T06:20:00Z,2461044.763888889,97.375123169742,0.223822332286,42181.403527,329785.118590,147138688.868374,144.760056587,23.616713961,164.777991021,8.687103610,28.687103610,0.301851546,20.000000000,0.270906467,30.000000000,0.000000000000,0.411274936949,0.000000000000,0.000000000000,1.580669120441,0.874214348045,87.421434804
2026-01-04T06:25:00Z,2461044.767361111,98.627786147288,0.225409082833,42181.379774,329492.636003,147138790.107250,145.564032436,23.277576248,164.869064621,8.687108540,28.687108540,0.302119494,20.000000000,0.270906280,30.000000000,0.000000000000,0.416657964053,0.000000000000,0.000000000000,1.575286352846,0.874642695080,87.464269508
2026-01-04T06:30:00Z,2461044.770833333,99.880450791617,0.226888187334,42181.355777,329217.426399,147138872.956223,146.338823334,22.997750619,164.961843258,8.687113520,28.687113520,0.302372054,20.000000000,0.270906128,30.000000000,0.000000000000,0.421108815155,0.000000000000,0.000000000000,1.570835763908,0.874996861694,87.499686169
2026-01-04T06:35:00Z,2461044.774305556,101.133117099889,0.228258946902,42181.331549,328959.665629,147138937.376744,147.082148407,22.779429090,165.056257533,8.687118549,28.687118549,0.302608984,20.000000000,0.270906009,30.000000000,0.000000000000,0.424587130093,0.000000000000,0.000000000000,1.567357713663,0.875273636139,87.527363614
2026-01-04T06:40:00Z,2461044.777777778,102.385785068059,0.229520714372,42181.307101,328719.519667,147138983.339012,147.791615997,22.624397118,165.152236557,8.687123622,28.687123622,0.302830057,20.000000000,0.270905925,30.000000000,0.000000000000,0.427060143734,0.000000000000,0.000000000000,1.564884967118,0.875470411057,87.547041106
2026-01-04T06:45:00Z,2461044.781250000,103.638454690993,0.230672894607,42181.282445,328497.144410,147139010.821996,148.464735735,22.533964637,165.249708018,8.687128740,28.687128740,0.303035059,20.000000000,0.270905874,30.000000000,0.000000000000,0.428503875787,0.000000000000,0.000000000000,1.563441504437,0.875585278167,87.558527817
2026-01-04T06:50:00Z,2461044.784722222,104.891125962467,0.231714944780,42181.257592,328292.685510,147139019.813441,149.098935849,22.508912604,165.348598229,8.687133898,28.687133898,0.303223789,20.000000000,0.270905857,30.000000000,0.000000000000,0.428904052275,0.000000000000,0.000000000000,1.563041599466,0.875617101593,87.561710159
2026-01-04T06:55:00Z,2461044.788194444,106.143798875133,0.232646374632,42181.232555,328106.278211,147139010.309876,149.691586392,22.549459985,165.448832186,8.687139094,28.687139094,0.303396061,20.000000000,0.270905875,30.000000000,0.000000000000,0.428256674626,0.000000000000,0.000000000000,1.563689250649,0.875565563150,87.556556315
2026-01-04T07:00:00Z,2461044.791666667,107.396473420655,0.233466746702,42181.207345,327938.047189,147138982.316615,150.240028912,22.655254342,165.550333626,8.687144326,28.687144326,0.303551704,20.000000000,0.270905926,30.000000000,0.000000000000,0.426568181805,0.000000000000,0.000000000000,1.565378018888,0.875431175243,87.543117524
2026-01-04T07:05:00Z,2461044.795138889,108.649149589680,0.234175676533,42181.181975,327788.106410,147138935.847752,150.741612804,22.825386965,165.653025088,8.687149591,28.687149591,0.303690560,20.000000000,0.270906012,30.000000000,0.000000000000,0.423855189619,0.000000000000,0.000000000000,1.568091288247,0.875215260128,87.521526013
2026-01-04T07:10:00Z,2461044.798611111,109.901827371844,0.234772832855,42181.156457,327656.559006,147138870.926162,151.193738205,23.058431055,165.756827971,8.687154887,28.687154887,0.303812486,20.000000000,0.270906132,30.000000000,0.000000000000,0.420143832661,0.000000000000,0.000000000000,1.571802923996,0.874919897540,87.491989754
2026-01-04T07:15:00Z,2461044.802083333,111.154506755875,0.235257937741,42181.130802,327543.497147,147138787.583480,151.593904759,23.352499311,165.861662599,8.687160212,28.687160212,0.303917358,20.000000000,0.270906285,30.000000000,0.000000000000,0.415468771436,0.000000000000,0.000000000000,1.576478265502,0.874547845684,87.454784568
2026-01-04T07:20:00Z,2461044.805555556,112.407187729599,0.235630766733,42181.105024,327449.001934,147138685.860096,151.939764987,23.705315706,165.967448282,8.687165562,28.687165562,0.304005063,20.000000000,0.270906472,30.000000000,0.000000000000,0.409871953789,0.000000000000,0.000000000000,1.582075364781,0.874102442676,87.410244268
2026-01-04T07:25:00Z,2461044.809027778,113.659870279922,0.235891148954,42181.079134,327373.143309,147138565.805127,152.229180335,24.114295529,166.074103382,8.687170935,28.687170935,0.304075507,20.000000000,0.270906693,30.000000000,0.000000000000,0.403401232744,0.000000000000,0.000000000000,1.588546368677,0.873587496547,87.358749655
2026-01-04T07:30:00Z,2461044.812500000,114.912554392938,0.236038967180,42181.053145,327315.979972,147138427.476401,152.460277381,24.576627791,166.181545367,8.687176329,28.687176329,0.304128612,20.000000000,0.270906948,30.000000000,0.000000000000,0.396108941770,0.000000000000,0.000000000000,1.595838943584,0.873007171875,87.300717187
2026-01-04T07:35:00Z,2461044.815972222,116.165240053961,0.236074157899,42181.027070,327277.559301,147138270.940427,152.631501173,25.089354883,166.289690896,8.687181741,28.687181741,0.304164316,20.000000000,0.270907236,30.000000000,0.000000000000,0.388050516089,0.000000000000,0.000000000000,1.603897654145,0.872365880065,87.236588006
2026-01-04T07:40:00Z,2461044.819444444,117.417927247471,0.235996711334,42181.000920,327257.917312,147138096.272362,152.741662464,25.649445510,166.398455855,8.687187168,28.687187168,0.304182572,20.000000000,0.270907558,30.000000000,0.000000000000,0.379283228805,0.000000000000,0.000000000000,1.612665227120,0.871668178776,87.166817878
2026-01-04T07:45:00Z,2461044.822916667,118.670615957272,0.235806671450,42180.974709,327257.078604,147137903.555977,152.789975645,26.253858267,166.507755445,8.687192608,28.687192608,0.304183351,20.000000000,0.270907913,30.000000000,0.000000000000,0.369865087933,0.000000000000,0.000000000000,1.622083654356,0.870918684150,87.091868415
2026-01-04T07:50:00Z,2461044.826388889,119.923306166456,0.235504135930,42180.948449,327275.056330,147137692.883619,152.776084645,26.899594502,166.617504231,8.687198058,28.687198058,0.304166642,20.000000000,0.270908301,30.000000000,0.000000000000,0.359853918548,0.000000000000,0.000000000000,1.632095110641,0.870121997773,87.012199777
2026-01-04T07:55:00Z,2461044.829861111,121.175997857434,0.235089256123,42180.922152,327311.852188,147137464.356166,152.700074814,27.583740194,166.727616208,8.687203516,28.687203516,0.304132448,20.000000000,0.270908721,30.000000000,0.000000000000,0.349306635798,0.000000000000,0.000000000000,1.642642680691,0.869282648817,86.928264882
2026-01-04T08:00:00Z,2461044.833333333,122.428691012024,0.234562236972,42180.895831,327367.456405,147137218.082977,152.562469878,28.303497370,166.838004868,8.687208978,28.687208978,0.304080790,20.000000000,0.270909175,30.000000000,0.000000000000,0.338278700602,0.000000000000,0.000000000000,1.653670903449,0.868405050734,86.840505073
2026-01-04T08:05:00Z,2461044.836805556,123.681385611461,0.233923336912,42180.869499,327441.847763,147136954.181844,152.364214194,29.056206123,166.948583252,8.687214443,28.687214443,0.304011705,20.000000000,0.270909661,30.000000000,0.000000000000,0.326823740809,0.000000000000,0.000000000000,1.665126150927,0.867493471104,86.749347110
2026-01-04T08:10:00Z,2461044.840277778,124.934081636397,0.233172867747,42180.843169,327534.993613,147136672.778934,152.106641696,29.839358558,167.059264016,8.687219908,28.687219908,0.303925248,20.000000000,0.270910179,30.000000000,0.000000000000,0.314993316160,0.000000000000,0.000000000000,1.676956863247,0.866552012931,86.655201293
2026-01-04T08:15:00Z,2461044.843750000,126.186779067007,0.232311194497,42180.816852,327646.849907,147136374.008733,151.791433836,30.650606105,167.169959489,8.687225370,28.687225370,0.303821489,20.000000000,0.270910729,30.000000000,0.000000000000,0.302836802341,0.000000000000,0.000000000000,1.689113664586,0.865584605419,86.558460542
2026-01-04T08:20:00Z,2461044.847222222,127.439477882999,0.231338735223,42180.790562,327777.361266,147136058.013976,151.420569517,31.487761580,167.280581724,8.687230826,28.687230826,0.303700515,20.000000000,0.270911311,30.000000000,0.000000000000,0.290401357771,0.000000000000,0.000000000000,1.701549396386,0.864595001325,86.459500133
2026-01-04T08:25:00Z,2461044.850694444,128.692178063603,0.230255960821,42180.764311,327926.461028,147135724.945584,150.996270242,32.348797230,167.391042561,8.687236275,28.687236275,0.303562429,20.000000000,0.270911924,30.000000000,0.000000000000,0.277732004584,0.000000000000,0.000000000000,1.714219036377,0.863586783409,86.358678341
2026-01-04T08:30:00Z,2461044.854166667,129.944879587687,0.229063394801,42180.738111,328094.071327,147135374.962593,150.520943674,33.231839872,167.501253679,8.687241712,28.687241712,0.303407350,20.000000000,0.270912568,30.000000000,0.000000000000,0.264871723196,0.000000000000,0.000000000000,1.727079604005,0.862563371955,86.256337195
2026-01-04T08:35:00Z,2461044.857638889,131.197582433766,0.227761613031,42180.711976,328280.103191,147135008.232075,149.997128461,34.135164007,167.611126641,8.687247137,28.687247137,0.303235411,20.000000000,0.270913244,30.000000000,0.000000000000,0.251861611726,0.000000000000,0.000000000000,1.740090001013,0.861528037457,86.152803746
2026-01-04T09:00:00Z,2461044.875000000,137.461115720240,0.219638251423,42180.582699,329482.707804,147132929.766587,146.742703834,38.904874467,168.152322490,8.687273967,28.687273967,0.302128598,20.000000000,0.270917071,30.000000000,0.000000000000,0.185895558352,0.000000000000,0.000000000000,1.806057466794,0.856278513326,85.627851333
2026-01-04T10:00:00Z,2461044.916666667,152.493711187968,0.189726038858,42180.289416,334123.778938,147126410.473789,136.031777428,51.464173263,169.341955657,8.687334838,28.687334838,0.297931911,20.000000000,0.270929075,30.000000000,0.000000000000,0.043312807949,0.000000000000,0.000000000000,1.948643421490,0.844931883573,84.493188357
2026-01-04T11:00:00Z,2461044.958333333,167.526438148322,0.146879917156,42180.036091,340924.873202,147118105.178863,123.373735873,64.822059359,170.259731372,8.687387416,28.687387416,0.291988429,20.000000000,0.270944370,30.000000000,0.000000000000,0.000000000000,0.000000000000,0.000000000000,1.991958997205,0.841484939579,84.148493958
2026-01-04T12:00:00Z,2461045.000000000,182.559260628283,0.094036344872,42179.840100,349366.940263,147108580.540206,110.083789518,78.527538111,170.775888254,8.687428095,28.687428095,0.284932792,20.000000000,0.270961913,30.000000000,0.000000000000,0.000000000000,0.000000000000,0.000000000000,1.991961138577,0.841484769174,84.148476917
2026-01-04T13:00:00Z,2461045.041666667,197.592148708670,0.034812759132,42179.714897,358842.015991,147098486.425559,96.714030009,92.361011167,170.800359978,8.687454081,28.687454081,0.277409199,20.000000000,0.270980507,30.000000000,0.000000000000,0.000000000000,0.000000000000,0.000000000000,1.991962506549,0.841484660314,84.148466031
2026-01-04T14:00:00Z,2461045.083333333,212.625077265410,-0.026740035233,42179.669088,368714.350514,147088511.745568,83.515211210,106.171575911,170.308883333,8.687463589,28.687463589,0.269981506,20.000000000,0.270998883,30.000000000,0.000000000000,0.000000000000,0.000000000000,0.000000000000,1.991963007051,0.841484620486,84.148462049
2026-01-04T15:00:00Z,2461045.125000000,227.658021947077,-0.086414967723,42179.705850,378369.426666,147079337.589597,70.616105395,119.795656343,169.346035015,8.687455959,28.687455959,0.263092180,20.000000000,0.271015787,30.000000000,0.000000000000,0.000000000000,0.000000000000,0.000000000000,1.991962605395,0.841484652449,84.148465245
2026-01-04T16:00:00Z,2461045.166666667,242.690954108285,-0.140136327175,42179.822703,387248.549756,147071590.852093,58.110869568,132.961447684,167.997182840,8.687431705,28.687431705,0.257059765,20.000000000,0.271030063,30.000000000,0.000000000000,0.000000000000,0.000000000000,0.000000000000,1.991961328657,0.841484754048,84.148475405
2026-01-04T17:00:00Z,2461045.208333333,257.723836848440,-0.184238230149,42180.011689,394870.877889,147065801.514889,46.134266068,145.058245849,166.356555454,8.687392481,28.687392481,0.252097620,20.000000000,0.271040732,30.000000000,0.008185472846,0.000000000000,0.000000000000,0.000000000000,1.983773790975,0.842136297595,84.213629760
2026-01-04T18:00:00Z,2461045.250000000,272.756624028109,-0.215714886422,42180.259909,400846.302194,147062366.509796,34.996755650,154.445558233,164.511434080,8.687340962,28.687340962,0.248339572,20.000000000,0.271047063,30.000000000,0.095894257626,0.000000000000,0.000000000000,0.000000000000,1.896062294196,0.849116156734,84.911615673
2026-01-04T19:00:00Z,2461045.291666667,287.789263269581,-0.232425551999,42180.550413,404882.457365,147061522.641030,25.557109812,157.400097504,162.539616086,8.687280668,28.687280668,0.245863932,20.000000000,0.271048618,30.000000000,0.199474685846,0.000000000000,0.000000000000,0.000000000000,1.792478692044,0.857359077887,85.735907789
2026-01-04T20:00:00Z,2461045.333333333,302.821702774141,-0.233240172452,42180.863355,406788.351739,147063330.427905,20.131610273,151.812343884,160.511812844,8.687215718,28.687215718,0.244711997,20.000000000,0.271045286,30.000000000,0.263865012599,0.000000000000,0.000000000000,0.000000000000,1.728084946264,0.862483369360,86.248336936
2026-01-04T21:00:00Z,2461045.375000000,317.853900616337,-0.218115797479,42181.177355,406476.246019,147067669.977728,21.863937446,141.224510921,158.494574109,8.687150550,28.687150550,0.244899896,20.000000000,0.271037288,30.000000000,0.243188284581,0.000000000000,0.000000000000,0.000000000000,1.748758243764,0.860838240616,86.083824062
2026-01-04T22:00:00Z,2461045.416666667,332.885834331331,-0.188098609543,42181.470959,403962.702272,147074249.170088,29.559140239,128.663579678,156.552483815,8.687089616,28.687089616,0.246423726,20.000000000,0.271025164,30.000000000,0.153638378801,0.000000000000,0.000000000000,0.000000000000,1.838304941904,0.853712340793,85.371234079
2026-01-04T23:00:00Z,2461045.458333333,347.917508333693,-0.145251520425,42181.724111,399369.178085,147082623.585892,40.003149101,115.300891077,154.749466626,8.687037077,28.687037077,0.249258097,20.000000000,0.271009732,30.000000000,0.049748287198,0.000000000000,0.000000000000,0.000000000000,1.942192267847,0.845445250069,84.544525007
2026-01-05T00:00:00Z,2461045.500000000,2.948957045749,-0.092512388193,42181.919523,392922.072141,147092226.807969,51.680238114,101.590678190,153.149173624,8.686996522,28.686996522,0.253347976,20.000000000,0.270992039,30.000000000,0.000000000000,0.000000000000,0.000000000000,0.000000000000,1.991938420216,0.841486577044,84.148657704
2026-01-05T01:00:00Z,2461045.541666667,17.980242774292,-0.033492635286,42182.043858,384951.623584,147102409.011985,64.061423836,87.753224353,151.814259944,8.686970719,28.686970719,0.258593598,20.000000000,0.270973281,30.000000000,0.000000000000,0.000000000000,0.000000000000,0.000000000000,1.991937061896,0.841486685136,84.148668514
2026-01-05T02:00:00Z,2461045.583333333,33.011448113701,0.027769913106,42182.088643,375888.418118,147112481.204937,76.951400542,73.939013048,150.804170084,8.686961424,28.686961424,0.264828702,20.000000000,0.270954728,30.000000000,0.000000000000,0.000000000000,0.000000000000,0.000000000000,1.991936572637,0.841486724070,84.148672407
2026-01-05T03:00:00Z,2461045.625000000,48.042664572292,0.087087074327,42182.050847,366255.392642,147121762.092240,90.260931318,60.310142922,150.170913316,8.686969268,28.686969268,0.271794116,20.000000000,0.270937636,30.000000000,0.000000000000,0.000000000000,0.000000000000,0.000000000000,1.991936985538,0.841486691212,84.148669121
2026-01-05T04:00:00Z,2461045.666666667,63.073979638395,0.140406412441,42181.933092,356652.230896,147129624.385624,103.914975620,47.134959541,149.952374091,8.686993706,28.686993706,0.279112459,20.000000000,0.270923157,30.000000000,0.000000000000,0.085952795100,0.000000000000,0.000000000000,1.905985476880,0.848326494947,84.832649495
2026-01-05T05:00:00Z,2461045.708333333,78.105464956573,0.184087916594,42181.743467,347728.282538,147135537.412198,117.787113462,35.015643730,150.163172913,8.687033060,28.687033060,0.286275539,20.000000000,0.270912269,30.000000000,0.000000000000,0.239324945112,0.000000000000,0.000000000000,1.752615398472,0.860531297997,86.053129800
2026-01-05T05:05:00Z,2461045.711805556,79.358098102314,0.187193890429,42181.724796,347036.053138,147135928.612895,118.946066997,34.091172592,150.199807706,8.687036935,28.687036935,0.286846575,20.000000000,0.270911549,30.000000000,0.000000000000,0.252488079498,0.000000000000,0.000000000000,1.739452468055,0.861578770718,86.157877072
2026-01-05T05:10:00Z,2461045.715277778,80.610732795190,0.190210266708,42181.705724,346353.504346,147136303.236938,120.104570232,33.185294667,150.239292826,8.687040893,28.687040893,0.287411860,20.000000000,0.270910859,30.000000000,0.000000000000,0.265542621375,0.000000000000,0.000000000000,1.726398134540,0.862617601572,86.261760157
2026-01-05T05:15:00Z,2461045.718750000,81.863369052751,0.193135609958,42181.686259,345681.007390,147136661.108801,121.262372972,32.299594853,150.281602696,8.687044933,28.687044933,0.287971003,20.000000000,0.270910200,30.000000000,0.000000000000,0.278449174199,0.000000000000,0.000000000000,1.713491794372,0.863644655489,86.364465549
2026-01-05T05:20:00Z,2461045.722222222,83.116006891157,0.195968528236,42181.666410,345018.930640,147137002.060916,122.419205521,31.435798593,150.326709569,8.687049052,28.687049052,0.288523612,20.000000000,0.270909573,30.000000000,0.000000000000,0.291166627436,0.000000000000,0.000000000000,1.700774557982,0.864656661006,86.465666101
2026-01-05T05:25:00Z,2461045.725694444,84.368646325220,0.198707673800,42181.646186,344367.639301,147137325.933749,123.574776907,30.595780333,150.374583511,8.687053249,28.687053249,0.289069292,20.000000000,0.270908976,30.000000000,0.000000000000,0.303651964632,0.000000000000,0.000000000000,1.688289441722,0.865650194990,86.565019499
2026-01-05T05:30:00Z,2461045.729166667,85.621287368387,0.201351743743,42181.625599,343727.495169,147137632.575883,124.728772894,29.781570742,150.425192371,8.687057522,28.687057522,0.289607647,20.000000000,0.270908412,30.000000000,0.000000000000,0.315860098315,0.000000000000,0.000000000000,1.676081532958,0.866621669502,86.662166950
2026-01-05T05:35:00Z,2461045.732638889,86.873930032721,0.203899480621,42181.604656,343098.856320,147137921.844080,125.880853790,28.995361946,150.478501765,8.687061868,28.687061868,0.290138282,20.000000000,0.270907879,30.000000000,0.000000000000,0.327743769738,0.000000000000,0.000000000000,1.664198090327,0.867567323820,86.756732382
2026-01-05T05:40:00Z,2461045.736111111,88.126574328963,0.206349673043,42181.583369,342482.076842,147138193.603359,127.030651994,28.239509882,150.534475055,8.687066286,28.687066286,0.290660800,20.000000000,0.270907379,30.000000000,0.000000000000,0.339253458997,0.000000000000,0.000000000000,1.652688633627,0.868483217283,86.848321728
2026-01-05T05:45:00Z,2461045.739583333,89.379220266509,0.208701156255,42181.561748,341877.506536,147138447.727054,128.177769276,27.516532673,150.593073334,8.687070773,28.687070773,0.291174804,20.000000000,0.270906911,30.000000000,0.000000000000,0.350337412977,0.000000000000,0.000000000000,1.641604915858,0.869365231519,86.936523152
2026-01-05T05:50:00Z,2461045.743055556,90.631867853387,0.210952812690,42181.539803,341285.490630,147138684.096873,129.321773731,26.829103743,150.654255415,8.687075328,28.687075328,0.291679899,20.000000000,0.270906476,30.000000000,0.000000000000,0.360941752977,0.000000000000,0.000000000000,1.631000815611,0.870209079004,87.020907900
2026-01-05T05:55:00Z,2461045.746527778,91.884517096352,0.213103572502,42181.517544,340706.369478,147138902.602961,130.462196394,26.180038274,150.717977823,8.687079947,28.687079947,0.292175691,20.000000000,0.270906073,30.000000000,0.000000000000,0.371010703111,0.000000000000,0.000000000000,1.620932108655,0.871010321246,87.101032125
2026-01-05T06:00:00Z,2461045.750000000,93.137168000846,0.215152414074,42181.494982,340140.478287,147139103.143943,131.598527442,25.572271510,150.784194783,8.687084630,28.687084630,0.292661787,20.000000000,0.270905704,30.000000000,0.000000000000,0.380486963685,0.000000000000,0.000000000000,1.611456094569,0.871764398487,87.176439849
2026-01-05T06:05:00Z,2461045.753472222,94.389820570986,0.217098364505,42181.472128,339588.146806,147139285.626980,132.730211962,25.008827543,150.852858225,8.687089373,28.687089373,0.293137798,20.000000000,0.270905368,30.000000000,0.000000000000,0.389312252280,0.000000000000,0.000000000000,1.602631055653,0.872466672770,87.246667277
2026-01-05T06:10:00Z,2461045.756944444,95.642474809677,0.218940500069,42181.448992,339049.699027,147139449.967808,133.856645221,24.492777437,150.923917781,8.687094174,28.687094174,0.293603337,20.000000000,0.270905065,30.000000000,0.000000000000,0.397428030876,0.000000000000,0.000000000000,1.594515529809,0.873112485797,87.311248580
2026-01-05T06:15:00Z,2461045.760416667,96.895130718505,0.220677946660,42181.425587,338525.452901,147139596.090781,134.977167372,24.027186110,150.997320792,8.687099032,28.687099032,0.294058020,20.000000000,0.270904796,30.000000000,0.000000000000,0.404776428318,0.000000000000,0.000000000000,1.587167388069,0.873697232337,87.369723234
2026-01-05T06:20:00Z,2461045.763888889,98.147788297879,0.222309880205,42181.401923,338015.720055,147139723.928905,136.091057536,23.615048179,151.073012311,8.687103943,28.687103943,0.294501468,20.000000000,0.270904561,30.000000000,0.000000000000,0.411301353428,0.000000000000,0.000000000000,1.580642721490,0.874216448806,87.421644881
2026-01-05T06:25:00Z,2461045.767361111,99.400447546997,0.223835527053,42181.378011,337520.805466,147139833.423870,137.197527211,23.259214089,151.150935125,8.687108906,28.687108906,0.294933306,20.000000000,0.270904359,30.000000000,0.000000000000,0.416949775203,0.000000000000,0.000000000000,1.574994560950,0.874665915141,87.466591514
2026-01-05T06:30:00Z,2461045.770833333,100.653108463821,0.225254164347,42181.353864,337041.007204,147139924.526082,138.295712909,22.962309154,151.231029761,8.687113917,28.687113917,0.295353165,20.000000000,0.270904192,30.000000000,0.000000000000,0.421673124123,0.000000000000,0.000000000000,1.570271475846,0.875041766311,87.504176631
2026-01-05T06:35:00Z,2461045.774305556,101.905771045202,0.226565120364,42181.329491,336576.616114,147139997.194676,139.384667968,22.726649511,151.313234517,8.687118976,28.687118976,0.295760682,20.000000000,0.270904058,30.000000000,0.000000000000,0.425428744996,0.000000000000,0.000000000000,1.566516121241,0.875340607936,87.534060794
2026-01-05T06:40:00Z,2461045.777777778,103.158435286844,0.227767774837,42181.304906,336127.915552,147140051.397549,140.463353471,22.554160237,151.397485477,8.687124078,28.687124078,0.296155499,20.000000000,0.270903958,30.000000000,0.000000000000,0.428181311063,0.000000000000,0.000000000000,1.563763823769,0.875559628809,87.555962881
2026-01-05T06:45:00Z,2461045.781250000,104.411101183317,0.228861559247,42181.280120,335695.181103,147140087.111366,141.530628197,22.446301638,151.483716543,8.687129222,28.687129222,0.296537268,20.000000000,0.270903892,30.000000000,0.000000000000,0.429904095642,0.000000000000,0.000000000000,1.562041309983,0.875696702101,87.569670210
2026-01-05T06:50:00Z,2461045.784722222,105.663768728130,0.229845957091,42181.255144,335278.680272,147140104.321572,142.585237585,22.404009868,151.571859475,8.687134406,28.687134406,0.296905645,20.000000000,0.270903861,30.000000000,0.000000000000,0.430579996004,0.000000000000,0.000000000000,1.561365682480,0.875750466830,87.575046683
2026-01-05T06:55:00Z,2461045.788194444,106.916437913755,0.230720504133,42181.229991,334878.672245,147140103.022404,143.625801659,22.427657258,151.661843917,8.687139626,28.687139626,0.297260298,20.000000000,0.270903863,30.000000000,0.000000000000,0.430202216897,0.000000000000,0.000000000000,1.561743736384,0.875720382256,87.572038226
2026-01-05T07:00:00Z,2461045.791666667,108.169108731602,0.231484788617,42181.204673,334495.407599,147140083.216889,144.650801957,22.517036203,151.753597450,8.687144880,28.687144880,0.297600902,20.000000000,0.270903900,30.000000000,0.000000000000,0.428774548275,0.000000000000,0.000000000000,1.563171681609,0.875606749985,87.560674999
2026-01-05T07:05:00Z,2461045.795138889,109.421781172120,0.232138451465,42181.179202,334129.128051,147140044.916844,145.658567524,22.671368186,151.847045629,8.687150167,28.687150167,0.297927141,20.000000000,0.270903970,30.000000000,0.000000000000,0.426311209830,0.000000000000,0.000000000000,1.565635298329,0.875410701596,87.541070160
2026-01-05T07:10:00Z,2461045.798611111,110.674455224810,0.232681186448,42181.153590,333780.066186,147139988.142873,146.647260152,22.889337045,151.942112037,8.687155482,28.687155482,0.298238711,20.000000000,0.270904075,30.000000000,0.000000000000,0.422836277731,0.000000000000,0.000000000000,1.569110510244,0.875134153019,87.513415302
2026-01-05T07:15:00Z,2461045.802083333,111.927130878193,0.233112740327,42181.127849,333448.445208,147139912.924351,147.614859114,23.169143253,152.038718348,8.687160825,28.687160825,0.298535318,20.000000000,0.270904213,30.000000000,0.000000000000,0.418382749088,0.000000000000,0.000000000000,1.573564320109,0.874779730091,87.477973009
2026-01-05T07:20:00Z,2461045.805555556,113.179808119951,0.233432912975,42181.101992,333134.478720,147139819.299419,148.559145848,23.508574158,152.136784371,8.687166191,28.687166191,0.298816679,20.000000000,0.270904385,30.000000000,0.000000000000,0.412991330374,0.000000000000,0.000000000000,1.578956021316,0.874350672141,87.435067214
2026-01-05T07:25:00Z,2461045.809027778,114.432486936897,0.233641557468,42181.076031,332838.370463,147139707.314959,149.477689228,23.905084172,152.236228125,8.687171579,28.687171579,0.299082522,20.000000000,0.270904592,30.000000000,0.000000000000,0.406709053032,0.000000000000,0.000000000000,1.585238582288,0.873850721824,87.385072182
2026-01-05T07:30:00Z,2461045.812500000,115.685167314986,0.233738580155,42181.049979,332560.314098,147139577.026575,150.367832320,24.355878782,152.336965905,8.687176986,28.687176986,0.299332590,20.000000000,0.270904832,30.000000000,0.000000000000,0.399587821774,0.000000000000,0.000000000000,1.592360098175,0.873284009597,87.328400960
2026-01-05T07:35:00Z,2461045.815972222,116.937849239420,0.233723940702,42181.023847,332300.492986,147139428.498565,151.226681859,24.857996844,152.438912353,8.687182409,28.687182409,0.299566636,20.000000000,0.270905105,30.000000000,0.000000000000,0.391682990637,0.000000000000,0.000000000000,1.600265214807,0.872654940403,87.265494040
2026-01-05T07:40:00Z,2461045.819444444,118.190532694648,0.233597652106,42180.997649,332059.079987,147139261.803894,152.051102035,25.408386798,152.541980535,8.687187847,28.687187847,0.299784429,20.000000000,0.270905412,30.000000000,0.000000000000,0.383052042712,0.000000000000,0.000000000000,1.608896448954,0.871968088613,87.196808861
2026-01-05T07:45:00Z,2461045.822916667,119.443217664363,0.233359780691,42180.971397,331836.237259,147139077.024155,152.837714632,26.003973771,152.646082020,8.687193295,28.687193295,0.299985749,20.000000000,0.270905752,30.000000000,0.000000000000,0.373753426287,0.000000000000,0.000000000000,1.618195352191,0.871228105405,87.122810541
2026-01-05T07:50:00Z,2461045.826388889,120.695904131614,0.233010446071,42180.945103,331632.116074,147138874.249534,153.582907933,26.641715893,152.751126965,8.687198752,28.687198752,0.300170393,20.000000000,0.270906125,30.000000000,0.000000000000,0.363845577030,0.000000000000,0.000000000000,1.628103488714,0.870439640953,87.043964095
2026-01-05T07:55:00Z,2461045.829861111,121.948592078803,0.232549821091,42180.918781,331446.856633,147138653.578768,154.282857192,27.318649337,152.857024203,8.687204215,28.687204215,0.300338173,20.000000000,0.270906532,30.000000000,0.000000000000,0.353386135809,0.000000000000,0.000000000000,1.638563217515,0.869607282182,86.960728218
2026-01-05T08:00:00Z,2461045.833333333,123.201281487687,0.231978131745,42180.892442,331280.587916,147138415.119093,154.933559604,28.031922471,152.963681338,8.687209682,28.687209682,0.300488913,20.000000000,0.270906971,30.000000000,0.000000000000,0.342431356334,0.000000000000,0.000000000000,1.649518284749,0.868735505631,86.873550563
2026-01-05T08:05:00Z,2461045.836805556,124.453972339512,0.231295657067,42180.866099,331133.427514,147138158.986199,155.530886621,28.778820120,153.071004834,8.687215149,28.687215149,0.300622455,20.000000000,0.270907442,30.000000000,0.000000000000,0.331035686343,0.000000000000,0.000000000000,1.660914242541,0.867828644124,86.782864412
2026-01-05T08:10:00Z,2461045.840277778,125.706664614915,0.230502728990,42180.839766,331005.481518,147137885.304173,156.070655811,29.556779285,153.178900116,8.687220614,28.687220614,0.300738658,20.000000000,0.270907946,30.000000000,0.000000000000,0.319251500359,0.000000000000,0.000000000000,1.672698716226,0.866890865505,86.689086550
2026-01-05T08:15:00Z,2461045.843750000,126.959358294097,0.229599732192,42180.813454,330896.844356,147137594.205441,156.548723267,30.363397765,153.287271673,8.687226075,28.687226075,0.300837395,20.000000000,0.270908482,30.000000000,0.000000000000,0.307128962553,0.000000000000,0.000000000000,1.684821541499,0.865926161721,86.592616172
2026-01-05T08:20:00Z,2461045.847222222,128.212053356786,0.228587103905,42180.787176,330807.598706,147137285.830703,156.961095608,31.196437147,153.396023162,8.687231529,28.687231529,0.300918556,20.000000000,0.270909050,30.000000000,0.000000000000,0.294715969980,0.000000000000,0.000000000000,1.697234821165,0.864938344312,86.493834431
2026-01-05T08:25:00Z,2461045.850694444,129.464749782244,0.227465333711,42180.760945,330737.815389,147136960.328871,157.304058022,32.053821466,153.505057513,8.687236973,28.687236973,0.300982048,20.000000000,0.270909649,30.000000000,0.000000000000,0.282058225311,0.000000000000,0.000000000000,1.709892852418,0.863931050190,86.393105019
2026-01-05T08:30:00Z,2461045.854166667,130.717447549385,0.226234963298,42180.734774,330687.553282,147136617.856995,157.574311755,32.933632684,153.614277041,8.687242405,28.687242405,0.301027796,20.000000000,0.270910280,30.000000000,0.000000000000,0.269199323260,0.000000000000,0.000000000000,1.722752040405,0.862907748524,86.290774852
2026-01-05T08:35:00Z,2461045.857638889,131.970146636779,0.224896586206,42180.708674,330656.859253,147136258.580188,157.769111508,33.834103962,153.723583554,8.687247822,28.687247822,0.301055740,20.000000000,0.270910941,30.000000000,0.000000000000,0.256180904123,0.000000000000,0.000000000000,1.735770744694,0.861871752954,86.187175295
2026-01-05T08:40:00Z,2461045.861111111,133.222847022629,0.223450847537,42180.682658,330645.768091,147135882.671552,157.886391020,34.753611487,153.832878473,8.687253221,28.687253221,0.301065838,20.000000000,0.270911634,30.000000000,0.000000000000,0.243042838229,0.000000000000,0.000000000000,1.748909094820,0.860826236271,86.082623627
2026-01-05T09:00:00Z,2461045.875000000,138.233661106132,0.216608965862,42180.579688,330797.703560,147134216.455571,157.567375393,38.594021559,154.267963394,8.687274592,28.687274592,0.300927558,20.000000000,0.270914702,30.000000000,0.000000000000,0.190041701395,0.000000000000,0.000000000000,1.801911356654,0.856608450288,85.660845029
2026-01-05T10:00:00Z,2461045.916666667,153.266211308593,0.186438378841,42180.287849,333115.805293,147127776.999030,150.327685081,51.146845709,155.499887332,8.687335163,28.687335163,0.298833430,20.000000000,0.270926559,30.000000000,0.000000000000,0.046133447416,0.000000000000,0.000000000000,1.945822799140,0.845156341568,84.515634157
2026-01-05T11:00:00Z,2461045.958333333,168.298892989077,0.143538981579,42180.036934,338059.812346,147119539.055802,138.202861047,64.507964139,156.499501550,8.687387241,28.687387241,0.294463056,20.000000000,0.270941730,30.000000000,0.000000000000,0.000000000000,0.000000000000,0.000000000000,1.991958987989,0.841484940313,84.148494031
2026-01-05T12:00:00Z,2461046.000000000,183.331670239586,0.090852689125,42179.844152,345238.291944,147110067.463913,124.556159900,78.220500126,157.140046311,8.687427254,28.687427254,0.288340285,20.000000000,0.270959174,30.000000000,0.000000000000,0.000000000000,0.000000000000,0.000000000000,1.991961094312,0.841484772697,84.148477270
2026-01-05T13:00:00Z,2461046.041666667,198.364512973818,0.031989073527,42179.722731,354100.683003,147100011.242733,110.552152012,92.063715468,157.345615527,8.687452455,28.687452455,0.281123679,20.000000000,0.270977698,30.000000000,0.000000000000,0.000000000000,0.000000000000,0.000000000000,1.991962420947,0.841484667127,84.148466713
2026-01-05T14:00:00Z,2461046.083333333,213.397395616882,-0.029021886496,42179.681021,364006.356140,147090059.484939,96.619119249,105.887391797,157.094671238,8.687461112,28.687461112,0.273473426,20.000000000,0.270996032,30.000000000,0.000000000000,0.000000000000,0.000000000000,0.000000000000,1.991962876680,0.841484630860,84.148463086
2026-01-05T15:00:00Z,2461046.125000000,228.430293137579,-0.088005715090,42179.721911,374289.297236,147080894.480590,82.932543295,119.530338491,156.410567066,8.687452625,28.687452625,0.265960169,20.000000000,0.271012918,30.000000000,0.000000000000,0.000000000000,0.000000000000,0.000000000000,1.991962429914,0.841484666413,84.148466641
2026-01-05T16:00:00Z,2461046.166666667,243.463176133543,-0.140929106796,42179.842639,384309.200850,147073145.262181,69.568556280,132.726567719,155.345637784,8.687427568,28.687427568,0.259025873,20.000000000,0.271027198,30.000000000,0.000000000000,0.000000000000,0.000000000000,0.000000000000,1.991961110834,0.841484771382,84.148477138
2026-01-05T17:00:00Z,2461046.208333333,258.496007081987,-0.184175789263,42180.034980,393486.938286,147067344.741447,56.572709477,144.880345915,153.966224434,8.687387647,28.687387647,0.252984283,20.000000000,0.271037888,30.000000000,0.000000000000,0.000000000000,0.000000000000,0.000000000000,1.991959009343,0.841484938613,84.148493861
2026-01-05T18:00:00Z,2461046.250000000,273.528739572555,-0.214793694723,42180.285804,401326.738594,147063893.372064,44.018339576,154.387573497,152.342632513,8.687335588,28.687335588,0.248042278,20.000000000,0.271044249,30.000000000,0.020024804921,0.000000000000,0.000000000000,0.000000000000,1.971931463983,0.843078680034,84.307868003
2026-01-05T19:00:00Z,2461046.291666667,288.561321469426,-0.230696524072,42180.577980,407428.886613,147063031.831388,32.121293445,157.540383368,150.544179855,8.687274947,28.687274947,0.244327274,20.000000000,0.271045837,30.000000000,0.125640332445,0.000000000000,0.000000000000,0.000000000000,1.866312744267,0.851483550697,85.148355070
2026-01-05T20:00:00Z,2461046.333333333,303.593701786385,-0.230805921468,42180.891546,411496.464711,147064824.598179,21.640149916,152.086396013,148.637670106,8.687209868,28.687209868,0.241912122,20.000000000,0.271042532,30.000000000,0.245859142370,0.000000000000,0.000000000000,0.000000000000,1.746090508497,0.861050532243,86.105053224
2026-01-05T21:00:00Z,2461046.375000000,318.625839911621,-0.215124563228,42181.205079,413338.748624,147069155.554474,15.430210528,141.537246065,146.687596018,8.687144796,28.687144796,0.240833894,20.000000000,0.271034551,30.000000000,0.318982334829,0.000000000000,0.000000000000,0.000000000000,1.672963890625,0.866869763596,86.686976360
2026-01-05T22:00:00Z,2461046.416666667,333.657715005948,-0.184735219763,42181.497155,412872.929546,147075735.911513,18.384738505,128.982123905,144.756968494,8.687084179,28.687084179,0.241105614,20.000000000,0.271022424,30.000000000,0.284630972011,0.000000000000,0.000000000000,0.000000000000,1.707312062496,0.864136422927,86.413642293
2026-01-05T23:00:00Z,2461046.458333333,348.689333151237,-0.141725938636,42181.747822,410125.085125,147084123.910882,27.765489194,115.615663318,142.908171691,8.687032156,28.687032156,0.242721035,20.000000000,0.271006968,30.000000000,0.173912099629,0.000000000000,0.000000000000,0.000000000000,1.818028196372,0.855325912933,85.532591293
2026-01-06T00:00:00Z,2461046.500000000,3.720730186288,-0.089046560753,42181.939960,405230.750864,147093754.943386,39.318532756,101.897946306,141.203493071,8.686992281,28.686992281,0.245652612,20.000000000,0.270989223,30.000000000,0.055545959262,0.000000000000,0.000000000000,0.000000000000,1.936392237680,0.845906801804,84.590680180
2026-01-06T01:00:00Z,2461046.541666667,18.751969336298,-0.030306464597,42182.060455,398434.951657,147103980.016838,51.753111315,88.050354813,139.705023622,8.686967274,28.686967274,0.249842546,20.000000000,0.270970387,30.000000000,0.000000000000,0.000000000000,0.000000000000,0.000000000000,1.991936880581,0.841486699564,84.148669956
2026-01-06T02:00:00Z,2461046.583333333,33.783133469094,0.030472580596,42182.101094,390091.013284,147114109.938347,64.727083365,74.222660594,138.473551082,8.686958840,28.686958840,0.255186644,20.000000000,0.270951729,30.000000000,0.000000000000,0.000000000000,0.000000000000,0.000000000000,1.991936436617,0.841486734894,84.148673489
2026-01-06T03:00:00Z,2461046.625000000,48.814313708414,0.089131551117,42182.059128,380656.764035,147123462.195820,78.142207641,60.574562646,137.565951201,8.686967550,28.686967550,0.261511268,20.000000000,0.270934505,30.000000000,0.000000000000,0.000000000000,0.000000000000,0.000000000000,1.991936895069,0.841486698411,84.148669841
2026-01-06T04:00:00Z,2461046.666666667,63.845596620602,0.141658520569,42181.937463,370685.788829,147131407.349676,91.967285967,47.368598489,137.030513646,8.686992799,28.686992799,0.268545638,20.000000000,0.270919874,30.000000000,0.000000000000,0.083443423595,0.000000000000,0.000000000000,1.908494800634,0.848126809307,84.812680931
2026-01-06T05:00:00Z,2461046.708333333,78.877052613187,0.184462846649,42181.744452,360810.304693,147137411.789242,106.174108559,35.192059029,136.899783079,8.687032856,28.687032856,0.275895868,20.000000000,0.270908818,30.000000000,0.000000000000,0.236831967905,0.000000000000,0.000000000000,1.755108364912,0.860332914031,86.033291403
2026-01-06T05:05:00Z,2461046.711805556,80.129683401714,0.187493596309,42181.725531,360012.836405,147137810.886474,107.373557755,34.260690201,136.907614595,8.687036782,28.687036782,0.276507012,20.000000000,0.270908083,30.000000000,0.000000000000,0.250062133574,0.000000000000,0.000000000000,1.741878405953,0.861385720714,86.138572071
2026-01-06T05:10:00Z,2461046.715277778,81.382315747248,0.190434574256,42181.706213,359221.161279,147138193.439992,108.575159468,33.347461231,136.918322680,8.687040792,28.687040792,0.277116401,20.000000000,0.270907379,30.000000000,0.000000000000,0.263194617613,0.000000000000,0.000000000000,1.728746132958,0.862430753794,86.243075379
2026-01-06T05:15:00Z,2461046.718750000,82.634949666656,0.193284378269,42181.686508,358435.682403,147138559.272069,109.778845350,32.453923965,136.931900121,8.687044881,28.687044881,0.277723681,20.000000000,0.270906705,30.000000000,0.000000000000,0.276190396913,0.000000000000,0.000000000000,1.715750568936,0.863464907921,86.346490792
2026-01-06T05:20:00Z,2461046.722222222,83.887585175427,0.196041649747,42181.666424,357656.802697,147138908.212921,110.984541350,31.581769730,136.948337895,8.687049049,28.687049049,0.278328493,20.000000000,0.270906063,30.000000000,0.000000000000,0.289008764861,0.000000000000,0.000000000000,1.702932420398,0.864484943771,86.448494377
2026-01-06T05:25:00Z,2461046.725694444,85.140222287669,0.198705074354,42181.645972,356884.924655,147139240.100787,112.192167279,30.732838304,136.967625130,8.687053294,28.687053294,0.278930472,20.000000000,0.270905452,30.000000000,0.000000000000,0.301607128448,0.000000000000,0.000000000000,1.690334280245,0.865487471911,86.548747191
2026-01-06T05:30:00Z,2461046.729166667,86.392861016186,0.201273382644,42181.625162,356120.450132,147139554.782008,113.401636314,29.909125820,136.989749063,8.687057613,28.687057613,0.279529250,20.000000000,0.270904872,30.000000000,0.000000000000,0.313940829272,0.000000000000,0.000000000000,1.678000806774,0.866468938545,86.646893854
2026-01-06T05:35:00Z,2461046.732638889,87.645501372386,0.203745350670,42181.604003,355363.780075,147139852.111094,114.612854466,29.112790927,137.014695002,8.687062004,28.687062004,0.280124451,20.000000000,0.270904325,30.000000000,0.000000000000,0.325963023311,0.000000000000,0.000000000000,1.665978843897,0.867425615954,86.742561595
2026-01-06T05:40:00Z,2461046.736111111,88.898143366376,0.206119800568,42181.582505,354615.314285,147140131.950800,115.825719990,28.346158342,137.042446293,8.687066466,28.687066466,0.280715698,20.000000000,0.270903810,30.000000000,0.000000000000,0.337624574280,0.000000000000,0.000000000000,1.654317527790,0.868353594004,86.835359400
2026-01-06T05:45:00Z,2461046.739583333,90.150787006943,0.208395601114,42181.560679,353875.451128,147140394.172187,117.040122745,27.611718724,137.072984283,8.687070995,28.687070995,0.281302608,20.000000000,0.270903327,30.000000000,0.000000000000,0.348874048397,0.000000000000,0.000000000000,1.643068292122,0.869248779736,86.924877974
2026-01-06T05:50:00Z,2461046.743055556,91.403432301516,0.210571668270,42181.538535,353144.587307,147140638.654682,118.255943462,26.912123609,137.106288288,8.687075591,28.687075591,0.281884793,20.000000000,0.270902877,30.000000000,0.000000000000,0.359657792229,0.000000000000,0.000000000000,1.632284790211,0.870106903552,87.010690355
2026-01-06T05:55:00Z,2461046.746527778,92.656079256264,0.212646965693,42181.516083,352423.117561,147140865.286142,119.473052962,26.250174005,137.142335561,8.687080251,28.687080251,0.282461864,20.000000000,0.270902460,30.000000000,0.000000000000,0.369920122785,0.000000000000,0.000000000000,1.622022704934,0.870923534351,87.092353435
2026-01-06T06:00:00Z,2461046.750000000,93.908727876065,0.214620505238,42181.493336,351711.434401,147141073.962896,120.691311265,25.628801115,137.181101264,8.687084972,28.687084972,0.283033426,20.000000000,0.270902075,30.000000000,0.000000000000,0.379603658470,0.000000000000,0.000000000000,1.612339417765,0.871694105860,87.169410586
2026-01-06T06:05:00Z,2461046.753472222,95.161378164491,0.216491347422,42181.470302,351009.927833,147141264.589807,121.910566602,25.051037721,137.222558438,8.687089752,28.687089752,0.283599083,20.000000000,0.270901725,30.000000000,0.000000000000,0.388649814798,0.000000000000,0.000000000000,1.603293513075,0.872413956083,87.241395608
2026-01-06T06:10:00Z,2461046.756944444,96.414030123902,0.218258601874,42181.446995,350318.985058,147141437.080306,123.130654311,24.519978942,137.266677983,8.687094589,28.687094589,0.284158437,20.000000000,0.270901407,30.000000000,0.000000000000,0.396999485818,0.000000000000,0.000000000000,1.594944096694,0.873078381528,87.307838153
2026-01-06T06:15:00Z,2461046.760416667,97.666683755428,0.219921427762,42181.423423,349638.990196,147141591.356440,124.351395595,24.038731562,137.313428632,8.687099481,28.687099481,0.284711087,20.000000000,0.270901123,30.000000000,0.000000000000,0.404593924373,0.000000000000,0.000000000000,1.587349915655,0.873682707254,87.368270725
2026-01-06T06:20:00Z,2461046.763888889,98.919339058942,0.221479034189,42181.399600,348970.323992,147141727.348909,125.572596127,23.610351850,137.362776932,8.687104425,28.687104425,0.285256630,20.000000000,0.270900873,30.000000000,0.000000000000,0.411375821391,0.000000000000,0.000000000000,1.580568278907,0.874222372759,87.422237276
2026-01-06T06:25:00Z,2461046.767361111,100.171996033168,0.222930680575,42181.375536,348313.363504,147141844.997092,126.794044473,23.237772849,137.414687229,8.687109420,28.687109420,0.285794662,20.000000000,0.270900656,30.000000000,0.000000000000,0.417290566341,0.000000000000,0.000000000000,1.574653796858,0.874693032286,87.469303229
2026-01-06T06:30:00Z,2461046.770833333,101.424654675674,0.224275677005,42181.351242,347668.481810,147141944.249085,128.015510307,22.923723436,137.469121653,8.687114461,28.687114461,0.286324780,20.000000000,0.270900473,30.000000000,0.000000000000,0.422287648607,0.000000000000,0.000000000000,1.569656979997,0.875090666337,87.509066634
2026-01-06T06:35:00Z,2461046.774305556,102.677314982832,0.225513384560,42181.326732,347036.047717,147142025.061719,129.236742388,22.670642871,137.526040105,8.687119548,28.687119548,0.286846579,20.000000000,0.270900324,30.000000000,0.000000000000,0.426322135085,0.000000000000,0.000000000000,1.565622761302,0.875411699261,87.541169926
2026-01-06T06:40:00Z,2461046.777777778,103.929976949944,0.226643215622,42181.302015,346416.425427,147142087.400583,130.457466253,22.480595896,137.585400255,8.687124678,28.687124678,0.287359655,20.000000000,0.270900210,30.000000000,0.000000000000,0.429356136421,0.000000000000,0.000000000000,1.562589029998,0.875653115927,87.565311593
2026-01-06T06:45:00Z,2461046.781250000,105.182640571233,0.227664634152,42181.277104,345809.974243,147142131.240042,131.677381590,22.355194454,137.647157533,8.687129848,28.687129848,0.287863606,20.000000000,0.270900129,30.000000000,0.000000000000,0.431360157757,0.000000000000,0.000000000000,1.560585280814,0.875812569221,87.581256922
2026-01-06T06:50:00Z,2461046.784722222,106.435305839808,0.228577155946,42181.252011,345217.048263,147142156.563246,132.896159220,22.295532408,137.711265132,8.687135056,28.687135056,0.288358029,20.000000000,0.270900082,30.000000000,0.000000000000,0.432314224313,0.000000000000,0.000000000000,1.559631488400,0.875888469610,87.588846961
2026-01-06T06:55:00Z,2461046.788194444,107.687972747800,0.229380348866,42181.226748,344637.996066,147142163.362139,134.113437650,22.302139122,137.777674006,8.687140299,28.687140299,0.288842525,20.000000000,0.270900070,30.000000000,0.000000000000,0.432208681105,0.000000000000,0.000000000000,1.559737307608,0.875880048785,87.588004878
2026-01-06T07:00:00Z,2461046.791666667,108.940641286333,0.230073833042,42181.201327,344073.160382,147142151.637467,135.328819095,22.374956395,137.846332884,8.687145575,28.687145575,0.289316697,20.000000000,0.270900091,30.000000000,0.000000000000,0.431044590425,0.000000000000,0.000000000000,1.560901676014,0.875787391291,87.578739129
2026-01-06T07:05:00Z,2461046.795138889,110.193311445518,0.230657281058,42181.175761,343522.877794,147142121.398771,136.541864893,22.513341025,137.917188278,8.687150881,28.687150881,0.289780152,20.000000000,0.270900147,30.000000000,0.000000000000,0.428833687656,0.000000000000,0.000000000000,1.563112858103,0.875611431011,87.561143101
2026-01-06T07:10:00Z,2461046.798611111,111.445983214573,0.231130418102,42181.150060,342987.478441,147142072.664387,137.752090201,22.716092756,137.990184494,8.687156215,28.687156215,0.290232499,20.000000000,0.270900237,30.000000000,0.000000000000,0.425597899857,0.000000000000,0.000000000000,1.566348926682,0.875353912856,87.535391286
2026-01-06T07:15:00Z,2461046.802083333,112.698656581815,0.231493022099,42181.124239,342467.285658,147142005.461436,138.958957853,22.981504833,138.065263660,8.687161574,28.687161574,0.290673353,20.000000000,0.270900360,30.000000000,0.000000000000,0.421368474618,0.000000000000,0.000000000000,1.570578634026,0.875017323440,87.501732344
2026-01-06T07:20:00Z,2461046.805555556,113.951331534641,0.231744923818,42181.098308,341962.615715,147141919.825812,140.161871209,23.307432350,138.142365741,8.687166956,28.687166956,0.291102334,20.000000000,0.270900518,30.000000000,0.000000000000,0.416184801534,0.000000000000,0.000000000000,1.575762590406,0.874604797299,87.460479730
2026-01-06T07:25:00Z,2461046.809027778,115.204008059655,0.231886006946,42181.072281,341473.777490,147141815.802166,141.360165842,23.691372349,138.221428570,8.687172357,28.687172357,0.291519066,20.000000000,0.270900710,30.000000000,0.000000000000,0.410093029969,0.000000000000,0.000000000000,1.581854646321,0.874120006893,87.412000689
2026-01-06T07:30:00Z,2461046.812500000,116.456686142648,0.231916208147,42181.046170,341001.072144,147141693.443882,142.553099827,24.130549277,138.302387885,8.687177776,28.687177776,0.291923182,20.000000000,0.270900935,30.000000000,0.000000000000,0.403144592798,0.000000000000,0.000000000000,1.588803368760,0.873567045130,87.356704513
2026-01-06T07:35:00Z,2461046.815972222,117.709365768622,0.231835517091,42181.019988,340544.792843,147141552.813054,143.739842393,24.621999909,138.385177356,8.687183210,28.687183210,0.292314319,20.000000000,0.270901194,30.000000000,0.000000000000,0.395394737692,0.000000000000,0.000000000000,1.596553509918,0.872950308493,87.295030849
2026-01-06T07:40:00Z,2461046.819444444,118.962046921880,0.231643976456,42180.993746,340105.224445,147141393.980456,144.919460637,25.162652906,138.469728638,8.687188657,28.687188657,0.292692123,20.000000000,0.270901486,30.000000000,0.000000000000,0.386901149337,0.000000000000,0.000000000000,1.605047384970,0.872274387393,87.227438739
2026-01-06T07:45:00Z,2461046.822916667,120.214729585983,0.231341681907,42180.967458,339682.643228,147141217.025511,146.090903946,25.749399578,138.555971403,8.687194113,28.687194113,0.293056249,20.000000000,0.270901812,30.000000000,0.000000000000,0.377722722456,0.000000000000,0.000000000000,1.614226099055,0.871543968534,87.154396853
2026-01-06T07:50:00Z,2461046.826388889,121.467413743869,0.230928782050,42180.941136,339277.316548,147141022.036248,147.252985741,26.379153824,138.643833406,8.687199576,28.687199576,0.293406360,20.000000000,0.270902171,30.000000000,0.000000000000,0.367918521176,0.000000000000,0.000000000000,1.624030587910,0.870763752101,87.076375210
2026-01-06T07:55:00Z,2461046.829861111,122.720099377852,0.230405478360,42180.914793,338889.502621,147140809.109267,148.404362066,27.048900515,138.733240525,8.687205043,28.687205043,0.293742127,20.000000000,0.270902563,30.000000000,0.000000000000,0.357546938656,0.000000000000,0.000000000000,1.634402458237,0.869938384885,86.993838489
2026-01-06T08:00:00Z,2461046.833333333,123.972786469608,0.229772025079,42180.888441,338519.450199,147140578.349688,149.543506513,27.755732541,138.824116831,8.687210512,28.687210512,0.294063234,20.000000000,0.270902988,30.000000000,0.000000000000,0.346665053793,0.000000000000,0.000000000000,1.645284631003,0.869072409091,86.907240909
2026-01-06T08:05:00Z,2461046.836805556,125.225475000312,0.229028729103,42180.862093,338167.398303,147140329.871104,150.668680929,28.496877473,138.916384647,8.687215980,28.687215980,0.294369374,20.000000000,0.270903445,30.000000000,0.000000000000,0.335328169970,0.000000000000,0.000000000000,1.656621802687,0.868170225634,86.817022563
2026-01-06T08:10:00Z,2461046.840277778,126.478164950614,0.228175949824,42180.835761,337833.575989,147140063.795528,151.777901319,29.269715165,139.009964617,8.687221445,28.687221445,0.294660251,20.000000000,0.270903935,30.000000000,0.000000000000,0.323589513878,0.000000000000,0.000000000000,1.668360746458,0.867236070170,86.723607017
2026-01-06T08:15:00Z,2461046.843750000,127.730856300645,0.227214098963,42180.809459,337518.202060,147139780.253332,152.868898416,30.071787785,139.104775780,8.687226904,28.687226904,0.294935581,20.000000000,0.270904457,30.000000000,0.000000000000,0.311500072795,0.000000000000,0.000000000000,1.680450474903,0.866274000149,86.627400015
2026-01-06T08:20:00Z,2461046.847222222,128.983549030133,0.226143640369,42180.783199,337221.484831,147139479.383190,153.939072496,30.900803793,139.200735645,8.687232355,28.687232355,0.295195093,20.000000000,0.270905011,30.000000000,0.000000000000,0.299108521931,0.000000000000,0.000000000000,1.692842312673,0.865287889031,86.528788903
2026-01-06T08:25:00Z,2461046.850694444,130.236243118393,0.224965089800,42180.756992,336943.621916,147139161.332008,154.985442293,31.754637253,139.297760271,8.687237794,28.687237794,0.295438530,20.000000000,0.270905597,30.000000000,0.000000000000,0.286461275190,0.000000000000,0.000000000000,1.705489845727,0.864281430330,86.428143033
2026-01-06T08:30:00Z,2461046.854166667,131.488938544330,0.223679014671,42180.730853,336684.799944,147138826.254858,156.004588413,32.631323685,139.395764360,8.687243219,28.687243219,0.295665647,20.000000000,0.270906214,30.000000000,0.000000000000,0.273602573431,0.000000000000,0.000000000000,1.718348833069,0.863258144630,86.325814463
2026-01-06T08:35:00Z,2461046.857638889,132.741635286556,0.222286033784,42180.704793,336445.194419,147138474.314901,156.992592458,33.529053499,139.494661330,8.687248627,28.687248627,0.295876212,20.000000000,0.270906862,30.000000000,0.000000000000,0.260574627933,0.000000000000,0.000000000000,1.731377063284,0.862221391011,86.222139101
2026-01-06T08:40:00Z,2461046.861111111,133.994333323365,0.220786817030,42180.678825,336224.969450,147138105.683313,157.944974556,34.446163831,139.594363426,8.687254017,28.687254017,0.296070011,20.000000000,0.270907541,30.000000000,0.000000000000,0.247417802986,0.000000000000,0.000000000000,1.744534171943,0.861174381571,86.117438157
2026-01-06T09:00:00Z,2461046.875000000,139.005137973343,0.213742758632,42180.576119,335540.749053,147136467.940026,161.286112463,38.279768856,139.999431977,8.687275333,28.687275333,0.296673750,20.000000000,0.270910556,30.000000000,0.000000000000,0.194256446383,0.000000000000,0.000000000000,1.797696650660,0.856943845934,85.694384593
2026-01-06T10:00:00Z,2461046.916666667,154.037659585936,0.183090015816,42180.285767,335424.498207,147130106.859570,163.093318398,50.827447417,141.224497265,8.687335595,28.687335595,0.296776571,20.000000000,0.270922269,30.000000000,0.000000000000,0.049026296786,0.000000000000,0.000000000000,1.942929972521,0.845386545396,84.538654540
2026-01-06T11:00:00Z,2461046.958333333,169.070312462800,0.139918232708,42180.037289,338209.346334,147121934.762104,152.833322112,64.192848200,142.340823671,8.687387167,28.687387167,0.294332863,20.000000000,0.270937318,30.000000000,0.000000000000,0.000000000000,0.000000000000,0.000000000000,1.991958984117,0.841484940621,84.148494062
2026-01-06T12:00:00Z,2461047.000000000,184.103060947731,0.087187961496,42179.847723,343678.588871,147112514.682962,138.880511668,77.913285571,143.206198765,8.687426512,28.687426512,0.289648860,20.000000000,0.270954667,30.000000000,0.000000000000,0.000000000000,0.000000000000,0.000000000000,1.991961055288,0.841484775802,84.148477580
2026-01-06T13:00:00Z,2461047.041666667,199.135875012190,0.028512936386,42179.730078,351395.088754,147102494.811849,124.207324070,91.766971018,143.716910043,8.687450930,28.687450930,0.283288231,20.000000000,0.270973123,30.000000000,0.000000000000,0.000000000000,0.000000000000,0.000000000000,1.991962340680,0.841484673514,84.148467351
2026-01-06T14:00:00Z,2461047.083333333,214.168728836594,-0.032087542005,42179.692438,360765.259705,147092564.441866,109.542412174,105.604432879,143.817853951,8.687458743,28.687458743,0.275930316,20.000000000,0.270991417,30.000000000,0.000000000000,0.000000000000,0.000000000000,0.000000000000,1.991962751930,0.841484640788,84.148464079
2026-01-06T15:00:00Z,2461047.125000000,229.201596845453,-0.090463929210,42179.737415,371112.656874,147083407.080496,95.123770996,119.266903717,143.499675521,8.687449407,28.687449407,0.268236745,20.000000000,0.271008289,30.000000000,0.000000000000,0.000000000000,0.000000000000,0.000000000000,1.991962260513,0.841484679893,84.148467989
2026-01-06T16:00:00Z,2461047.166666667,244.234448910607,-0.142620595903,42179.861964,381744.586976,147075653.912137,81.033579652,132.494209308,142.787734381,8.687423557,28.687423557,0.260766058,20.000000000,0.271022575,30.000000000,0.000000000000,0.000000000000,0.000000000000,0.000000000000,1.991960899699,0.841484788184,84.148478818
2026-01-06T17:00:00Z,2461047.208333333,259.267246806581,-0.184989350997,42180.057594,392003.212516,147069840.788379,67.290073468,144.705456284,141.729166230,8.687382953,28.687382953,0.253941830,20.000000000,0.271033288,30.000000000,0.000000000000,0.000000000000,0.000000000000,0.000000000000,1.991958762270,0.841484958275,84.148495827
2026-01-06T18:00:00Z,2461047.250000000,274.299943680624,-0.214673587469,42180.310949,401300.072775,147066371.690063,53.888813972,154.332654492,140.382283907,8.687330369,28.687330369,0.248058760,20.000000000,0.271039681,30.000000000,0.000000000000,0.000000000000,0.000000000000,0.000000000000,1.991955994172,0.841485178553,84.148517855
2026-01-06T19:00:00Z,2461047.291666667,289.332487419058,-0.229646325758,42180.604724,409137.081993,147065491.167941,40.838844340,157.684582610,138.809705636,8.687269396,28.687269396,0.243307172,20.000000000,0.271041304,30.000000000,0.042931210327,0.000000000000,0.000000000000,0.000000000000,1.949021574184,0.844901791138,84.490179114
2026-01-06T20:00:00Z,2461047.333333333,304.364827634244,-0.228888597661,42180.918847,415118.184667,147067267.655374,28.241454260,152.365047535,137.074744407,8.687204202,28.687204202,0.239801535,20.000000000,0.271038030,30.000000000,0.168487067792,0.000000000000,0.000000000000,0.000000000000,1.823462284811,0.854893481915,85.489348192
2026-01-06T20:45:00Z,2461047.364583333,315.638924817679,-0.217991450306,42181.154890,418208.632231,147070282.748424,19.374645331,144.751193677,135.704646685,8.687155213,28.687155213,0.238029457,20.000000000,0.271032473,30.000000000,0.272883541250,0.000000000000,0.000000000000,0.000000000000,1.719063232528,0.863201294528,86.320129453
2026-01-06T20:50:00Z,2461047.368055556,316.891593330593,-0.216250288078,42181.180680,418473.585544,147070701.976759,18.450318452,143.800127584,135.550083762,8.687149860,28.687149860,0.237878750,20.000000000,0.271031701,30.000000000,0.283855785519,0.000000000000,0.000000000000,0.000000000000,1.708090706492,0.864074460406,86.407446041
2026-01-06T20:55:00Z,2461047.371527778,318.144260017180,-0.214405749157,42181.206338,418722.506249,147071137.394437,17.544898640,142.833765835,135.395185402,8.687144535,28.687144535,0.237737336,20.000000000,0.271030898,30.000000000,0.294531964806,0.000000000000,0.000000000000,0.000000000000,1.697414246889,0.864924066067,86.492406607
2026-01-06T21:00:00Z,2461047.375000000,319.396924871368,-0.212458719055,42181.231851,418955.316030,147071588.799534,16.661350382,141.853291714,135.239987094,8.687139240,28.687139240,0.237605226,20.000000000,0.271030066,30.000000000,0.304848916998,0.000000000000,0.000000000000,0.000000000000,1.687097015965,0.865745085217,86.574508522
2026-01-06T21:05:00Z,2461047.378472222,320.649587888439,-0.210410132258,42181.257207,419171.941956,147072055.982528,15.803227999,140.859787163,135.084524302,8.687133978,28.687133978,0.237482432,20.000000000,0.271029205,30.000000000,0.314736081188,0.000000000000,0.000000000000,0.000000000000,1.677209574761,0.866531902788,86.653190279
2026-01-06T21:10:00Z,2461047.381944444,321.902249065030,-0.208260971778,42181.282393,419372.316530,147072538.726405,14.974792825,139.854241516,134.928832456,8.687128750,28.687128750,0.237368963,20.000000000,0.271028316,30.000000000,0.324115221176,0.000000000000,0.000000000000,0.000000000000,1.667830159609,0.867278292930,86.727829293
2026-01-06T21:15:00Z,2461047.385416667,323.154908399081,-0.206012268674,42181.307399,419556.377678,147073036.806759,14.181143262,138.837559680,134.772946963,8.687123561,28.687123561,0.237264828,20.000000000,0.271027398,30.000000000,0.332900818593,0.000000000000,0.000000000000,0.000000000000,1.659044289008,0.867977450298,86.797745030
2026-01-06T21:20:00Z,2461047.388888889,324.407565889966,-0.203665101565,42181.332210,419724.068729,147073549.991902,13.428349003,137.810569730,134.616903206,8.687118411,28.687118411,0.237170034,20.000000000,0.271026452,30.000000000,0.341001611092,0.000000000000,0.000000000000,0.000000000000,1.650943225438,0.868622112454,86.862211245
2026-01-06T21:25:00Z,2461047.392361111,325.660221538454,-0.201220596110,42181.356817,419875.338459,147074078.042973,12.723571238,136.774029923,134.460736542,8.687113304,28.687113304,0.237084587,20.000000000,0.271025479,30.000000000,0.348323914323,0.000000000000,0.000000000000,0.000000000000,1.643620653375,0.869204824224,86.920482422
2026-01-06T21:30:00Z,2461047.395833333,326.912875346684,-0.198679924464,42181.381207,420010.141063,147074620.714048,12.075136127,135.728635115,134.304482313,8.687108242,28.687108242,0.237008495,20.000000000,0.271024479,30.000000000,0.354777447314,0.000000000000,0.000000000000,0.000000000000,1.637166853923,0.869718401266,86.971840127
2026-01-06T21:35:00Z,2461047.399305556,328.165527318257,-0.196044304721,42181.405369,420128.436184,147075177.752263,11.492509758,134.675022636,134.148175837,8.687103228,28.687103228,0.236941760,20.000000000,0.271023453,30.000000000,0.360284175985,0.000000000000,0.000000000000,0.000000000000,1.631659861285,0.870156633816,87.015663382
2026-01-06T21:40:00Z,2461047.402777778,329.418177458237,-0.193315000327,42181.429291,420230.188891,147075748.897931,10.986103412,133.613777628,133.991852420,8.687098263,28.687098263,0.236884388,20.000000000,0.271022400,30.000000000,0.364789843047,0.000000000000,0.000000000000,0.000000000000,1.627153932880,0.870515204205,87.051520421
2026-01-06T21:45:00Z,2461047.406250000,330.670825773063,-0.190493319476,42181.452961,420315.369670,147076333.884668,10.566829805,132.545437897,133.835547355,8.687093351,28.687093351,0.236836380,20.000000000,0.271021322,30.000000000,0.368275931991,0.000000000000,0.000000000000,0.000000000000,1.623667585338,0.870792638928,87.079263893
2026-01-06T21:50:00Z,2461047.409722222,331.923472270695,-0.187580614478,42181.476368,420383.954490,147076932.439517,10.245354421,131.470498309,133.679295918,8.687088493,28.687088493,0.236797741,20.000000000,0.271020219,30.000000000,0.370766748798,0.000000000000,0.000000000000,0.000000000000,1.621176512804,0.870990872181,87.099087218
2026-01-06T21:55:00Z,2461047.413194444,333.176116960551,-0.184578281119,42181.499502,420435.924728,147077544.283079,10.031062081,130.389414767,133.523133381,8.687083692,28.687083692,0.236768470,20.000000000,0.271019092,30.000000000,0.372323507846,0.000000000000,0.000000000000,0.000000000000,1.619619501022,0.871114775242,87.111477524
2026-01-06T22:00:00Z,2461047.416666667,334.428759853479,-0.181487757983,42181.522351,420471.267237,147078169.129647,9.930887248,129.302607811,133.367095002,8.687078950,28.687078950,0.236748568,20.000000000,0.271017940,30.000000000,0.373019157102,0.000000000000,0.000000000000,0.000000000000,1.618923602144,0.871170153115,87.117015312
2026-01-06T22:05:00Z,2461047.420138889,335.681400961836,-0.178310525771,42181.544904,420489.974292,147078806.687343,9.948287435,128.210465866,133.211216038,8.687074269,28.687074269,0.236738036,20.000000000,0.271016765,30.000000000,0.372899842020,0.000000000000,0.000000000000,0.000000000000,1.619042670835,0.871160677930,87.116067793
2026-01-06T22:10:00Z,2461047.423611111,336.934040299458,-0.175048106585,42181.567150,420492.043633,147079456.658253,10.082679216,127.113348181,133.055531738,8.687069652,28.687069652,0.236736871,20.000000000,0.271015568,30.000000000,0.371956702079,0.000000000000,0.000000000000,0.000000000000,1.619985567736,0.871085644579,87.108564458
2026-01-06T22:15:00Z,2461047.427083333,338.186677881612,-0.171702063202,42181.589080,420477.478461,147080118.738571,10.329537378,126.011587483,132.900077347,8.687065101,28.687065101,0.236745071,20.000000000,0.271014348,30.000000000,0.370131336686,0.000000000000,0.000000000000,0.000000000000,1.621810693553,0.870940405681,87.094040568
2026-01-06T22:20:00Z,2461047.430555556,339.439313725072,-0.168273998325,42181.610681,420446.287402,147080792.618746,10.681120666,124.905492374,132.744888116,8.687060618,28.687060618,0.236762634,20.000000000,0.271013106,30.000000000,0.367350116321,0.000000000000,0.000000000000,0.000000000000,1.624591677922,0.870719101976,87.071910198
2026-01-06T22:25:00Z,2461047.434027778,340.691947848076,-0.164765553815,42181.631945,420398.484579,147081477.983626,11.127572874,123.795349498,132.589999287,8.687056205,28.687056205,0.236789556,20.000000000,0.271011843,30.000000000,0.363560574909,0.000000000000,0.000000000000,0.000000000000,1.628380987030,0.870417558339,87.041755834
2026-01-06T22:30:00Z,2461047.437500000,341.944580270288,-0.161178409905,42181.652861,420334.089542,147082174.512609,11.658076618,122.681425503,132.435446109,8.687051864,28.687051864,0.236825833,20.000000000,0.271010560,30.000000000,0.358750806069,0.000000000000,0.000000000000,0.000000000000,1.633190527368,0.870034827279,87.003482728
2026-01-06T22:35:00Z,2461047.440972222,343.197211012868,-0.157514284395,42181.673419,420253.127316,147082881.879795,12.261813350,121.563968814,132.281263834,8.687047598,28.687047598,0.236871458,20.000000000,0.271009256,30.000000000,0.352950693384,0.000000000000,0.000000000000,0.000000000000,1.638990415465,0.869573286849,86.957328685
2026-01-06T22:40:00Z,2461047.444444444,344.449840098375,-0.153774931831,42181.693608,420155.628395,147083599.754144,12.928621699,120.443211242,132.127487716,8.687043408,28.687043408,0.236926425,20.000000000,0.271007934,30.000000000,0.346222641312,0.000000000000,0.000000000000,0.000000000000,1.645718246966,0.869037903029,86.903790303
2026-01-06T22:45:00Z,2461047.447916667,345.702467550815,-0.149962142663,42181.713421,420041.628716,147084327.799628,13.649361967,119.319369440,131.974153016,8.687039296,28.687039296,0.236990728,20.000000000,0.271006592,30.000000000,0.338649326071,0.000000000000,0.000000000000,0.000000000000,1.653291345762,0.868435254975,86.843525498
2026-01-06T22:50:00Z,2461047.451388889,346.955093395624,-0.146077742389,42181.732846,419911.169708,147085065.675398,14.416053991,118.192646228,131.821295000,8.687035264,28.687035264,0.237064357,20.000000000,0.271005233,30.000000000,0.330322812076,0.000000000000,0.000000000000,0.000000000000,1.661617647538,0.867772668933,86.777266893
2026-01-06T22:55:00Z,2461047.454861111,348.207717659591,-0.142123590681,42181.751875,419764.298250,147085813.035939,15.221867515,117.063231796,131.668948941,8.687031315,28.687031315,0.237147304,20.000000000,0.271003856,30.000000000,0.321336597413,0.000000000000,0.000000000000,0.000000000000,1.670603654311,0.867057585234,86.705758523
2026-01-06T23:00:00Z,2461047.458333333,349.460340370927,-0.138101580495,42181.770499,419601.066692,147086569.531240,16.061031084,115.931304794,131.517150120,8.687027450,28.687027450,0.237239558,20.000000000,0.271002462,30.000000000,0.311780581135,0.000000000000,0.000000000000,0.000000000000,1.680159467128,0.866297157812,86.629715781
2026-01-06T23:05:00Z,2461047.461805556,350.712961559199,-0.134013637168,42181.788709,419421.532866,147087334.806957,16.928705404,114.797033334,131.365933825,8.687023671,28.687023671,0.237341110,20.000000000,0.271001052,30.000000000,0.301738329985,0.000000000000,0.000000000000,0.000000000000,1.690201519341,0.865498036688,86.549803669
2026-01-06T23:10:00Z,2461047.465277778,351.965581255269,-0.129861717490,42181.806495,419225.760053,147088108.504585,17.820849150,113.660575896,131.215335352,8.687019979,28.687019979,0.237451945,20.000000000,0.270999626,30.000000000,0.291285930154,0.000000000000,0.000000000000,0.000000000000,1.700653724854,0.864666276601,86.466627660
2026-01-06T23:15:00Z,2461047.468750000,353.218199489782,-0.125647808781,42181.823851,419013.817024,147088890.261621,18.734092191,112.522082166,131.065390008,8.687016378,28.687016378,0.237572053,20.000000000,0.270998186,30.000000000,0.280491829580,0.000000000000,0.000000000000,0.000000000000,1.711447635824,0.863807324458,86.380732446
2026-01-06T23:20:00Z,2461047.472222222,354.470816295221,-0.121373927925,42181.840767,418785.778028,147089679.711747,19.665622981,111.381693790,130.916133101,8.687012867,28.687012867,0.237701417,20.000000000,0.270996731,30.000000000,0.269417243001,0.000000000000,0.000000000000,0.000000000000,1.722522037600,0.862926051566,86.292605157
2026-01-07T00:00:00Z,2461047.500000000,4.491703809613,-0.085274891201,42181.959347,416392.725653,147096227.184513,27.559800899,102.205230127,129.751101320,8.686988258,28.686988258,0.239067520,20.000000000,0.270984669,30.000000000,0.176266652228,0.000000000000,0.000000000000,0.000000000000,1.815671332924,0.855513466167,85.551346617
2026-01-07T01:00:00Z,2461047.541666667,19.522914494875,-0.026627325574,42182.076003,411007.617674,147106493.910375,40.175325232,88.346770323,128.129970599,8.686964047,28.686964047,0.242199851,20.000000000,0.270965756,30.000000000,0.048318901361,0.000000000000,0.000000000000,0.000000000000,1.943617809360,0.845331809079,84.533180908
2026-01-07T02:00:00Z,2461047.583333333,34.554055750278,0.033824416067,42182.112517,403720.248060,147116680.297948,53.282545675,74.504921502,126.714476522,8.686956470,28.686956470,0.246571717,20.000000000,0.270946995,30.000000000,0.000000000000,0.000000000000,0.000000000000,0.000000000000,1.991936311817,0.841486744825,84.148674483
2026-01-07T03:00:00Z,2461047.625000000,49.585218447550,0.091941441981,42182.066421,394916.583296,147126102.601840,66.774320136,60.836945553,125.563654686,8.686966036,28.686966036,0.252068443,20.000000000,0.270929642,30.000000000,0.000000000000,0.000000000000,0.000000000000,0.000000000000,1.991936815397,0.841486704751,84.148670475
2026-01-07T04:00:00Z,2461047.666666667,64.616488276761,0.143745788871,42181.940899,385089.325417,147134129.218883,80.647640193,47.599577266,124.731955193,8.686992086,28.686992086,0.258501128,20.000000000,0.270914862,30.000000000,0.000000000000,0.080983802123,0.000000000000,0.000000000000,1.910954384559,0.847931081837,84.793108184
2026-01-07T05:00:00Z,2461047.708333333,79.647934352649,0.185692482267,42181.744569,374827.478985,147140223.592823,94.921412208,35.365351529,124.264270207,8.687032831,28.687032831,0.265578298,20.000000000,0.270903641,30.000000000,0.000000000000,0.234389151513,0.000000000000,0.000000000000,1.757551180026,0.860138520981,86.013852098
2026-01-07T05:05:00Z,2461047.711805556,80.900564412566,0.188647327588,42181.725403,373973.143549,147140630.459578,96.129442510,34.427064218,124.242765534,8.687036809,28.687036809,0.266185011,20.000000000,0.270902892,30.000000000,0.000000000000,0.247686482998,0.000000000000,0.000000000000,1.744254057927,0.861196672336,86.119667234
2026-01-07T05:10:00Z,2461047.715277778,82.153196040640,0.191511872622,42181.705846,373120.789471,147141020.814971,97.340338247,33.506467367,124.224007425,8.687040868,28.687040868,0.266793086,20.000000000,0.270902173,30.000000000,0.000000000000,0.260897007118,0.000000000000,0.000000000000,1.731043747469,0.862247915441,86.224791544
2026-01-07T05:15:00Z,2461047.718750000,83.405829252921,0.194284749134,42181.685906,372270.823269,147141394.479076,98.554096431,32.605079958,124.208003971,8.687045006,28.687045006,0.267402231,20.000000000,0.270901485,30.000000000,0.000000000000,0.273982068057,0.000000000000,0.000000000000,1.717958904365,0.863289174171,86.328917417
2026-01-07T05:20:00Z,2461047.722222222,84.658464064106,0.196964632737,42181.665594,371423.653277,147141751.279895,99.770712282,31.724559326,124.194761919,8.687049221,28.687049221,0.268012146,20.000000000,0.270900828,30.000000000,0.000000000000,0.286901358757,0.000000000000,0.000000000000,1.705039835569,0.864317241000,86.431724100
2026-01-07T05:25:00Z,2461047.725694444,85.911100487509,0.199550243526,42181.644920,370579.689509,147142091.053438,100.990179112,30.866710590,124.184286626,8.687053512,28.687053512,0.268622525,20.000000000,0.270900203,30.000000000,0.000000000000,0.299612707517,0.000000000000,0.000000000000,1.692328712676,0.865328760021,86.532876002
2026-01-07T05:30:00Z,2461047.729166667,87.163738535142,0.202040346685,42181.623892,369739.343460,147142413.643807,102.212488206,30.033495216,124.176582016,8.687057876,28.687057876,0.269233057,20.000000000,0.270899609,30.000000000,0.000000000000,0.312071887834,0.000000000000,0.000000000000,1.679869762080,0.866320211807,86.632021181
2026-01-07T05:35:00Z,2461047.732638889,88.416378217686,0.204433753083,42181.602522,368903.027864,147142718.903260,103.437628705,29.227038065,124.171650545,8.687062311,28.687062311,0.269843422,20.000000000,0.270899047,30.000000000,0.000000000000,0.324232468460,0.000000000000,0.000000000000,1.667709414919,0.867287901487,86.728790149
2026-01-07T05:40:00Z,2461047.736111111,89.669019544455,0.206729319838,42181.580820,368071.156558,147143006.692290,104.665587469,28.449632092,124.169493154,8.687066815,28.687066815,0.270453295,20.000000000,0.270898517,30.000000000,0.000000000000,0.336045711197,0.000000000000,0.000000000000,1.655896409280,0.868227950607,86.822795061
2026-01-07T05:45:00Z,2461047.739583333,90.921662523500,0.208925950864,42181.558795,367244.144218,147143276.879688,105.896348943,27.703739668,124.170109229,8.687071386,28.687071386,0.271062344,20.000000000,0.270898020,30.000000000,0.000000000000,0.347460513123,0.000000000000,0.000000000000,1.644481847972,0.869136292535,86.913629254
2026-01-07T05:50:00Z,2461047.743055556,92.174307161563,0.211022597396,42181.536459,366422.406178,147143529.342602,107.129895017,26.991989304,124.173496559,8.687076022,28.687076022,0.271670233,20.000000000,0.270897555,30.000000000,0.000000000000,0.358423465278,0.000000000000,0.000000000000,1.633519139840,0.870008677130,87.000867713
2026-01-07T05:55:00Z,2461047.746527778,93.426953464065,0.213018258487,42181.513822,365606.358193,147143763.966602,108.366204863,26.317166340,124.179651299,8.687080720,28.687080720,0.272276616,20.000000000,0.270897123,30.000000000,0.000000000000,0.368879003045,0.000000000000,0.000000000000,1.623063849381,0.870840682709,87.084068271
2026-01-07T06:00:00Z,2461047.750000000,94.679601435198,0.214911981493,42181.490895,364796.416200,147143980.645727,109.605254783,25.682196075,124.188567926,8.687085478,28.687085478,0.272881145,20.000000000,0.270896724,30.000000000,0.000000000000,0.378769694858,0.000000000000,0.000000000000,1.613173408047,0.871627739022,87.162773902
2026-01-07T06:05:00Z,2461047.753472222,95.932251077911,0.216702862524,42181.467688,363992.996109,147144179.282540,110.847018025,25.090117769,124.200239204,8.687090294,28.687090294,0.273483464,20.000000000,0.270896358,30.000000000,0.000000000000,0.388036692177,0.000000000000,0.000000000000,1.603906664256,0.872365163063,87.236516306
2026-01-07T06:10:00Z,2461047.756944444,97.184902393856,0.218390046873,42181.444214,363196.513529,147144359.788175,112.091464599,24.544048101,124.214656144,8.687095166,28.687095166,0.274083212,20.000000000,0.270896026,30.000000000,0.000000000000,0.396620364140,0.000000000000,0.000000000000,1.595323248747,0.873048209566,87.304820957
2026-01-07T06:15:00Z,2461047.760416667,98.437555383533,0.219972729431,42181.420483,362407.383548,147144522.082375,113.338561075,24.047133051,124.231807968,8.687100091,28.687100091,0.274680024,20.000000000,0.270895727,30.000000000,0.000000000000,0.404461133601,0.000000000000,0.000000000000,1.587482738547,0.873672137544,87.367213754
2026-01-07T06:20:00Z,2461047.763888889,99.690210046241,0.221450155068,42181.396507,361626.020472,147144666.093533,114.588270357,23.602487869,124.251682069,8.687105067,28.687105067,0.275273527,20.000000000,0.270895462,30.000000000,0.000000000000,0.411500519577,0.000000000000,0.000000000000,1.580443614512,0.874232293236,87.423229324
2026-01-07T06:25:00Z,2461047.767361111,100.942866380074,0.222821618993,42181.372297,360852.837524,147144791.758725,115.840551457,23.213125760,124.274263987,8.687110092,28.687110092,0.275863348,20.000000000,0.270895231,30.000000000,0.000000000000,0.417682373977,0.000000000000,0.000000000000,1.574262024609,0.874724208531,87.472420853
2026-01-07T06:30:00Z,2461047.770833333,102.195524382017,0.224086467094,42181.347864,360088.246657,147144899.023741,117.095359215,22.881877234,124.299537362,8.687115163,28.687115163,0.276449105,20.000000000,0.270895033,30.000000000,0.000000000000,0.422954278375,0.000000000000,0.000000000000,1.568990387136,0.875143712112,87.514371211
2026-01-07T06:35:00Z,2461047.774305556,103.448184047939,0.225244096246,42181.323221,359332.658207,147144987.843111,118.352644027,22.611303526,124.327483912,8.687120277,28.687120277,0.277030414,20.000000000,0.270894870,30.000000000,0.000000000000,0.427269041445,0.000000000000,0.000000000000,1.564675893294,0.875487048623,87.548704862
2026-01-07T06:40:00Z,2461047.777777778,104.700845372567,0.226293954603,42181.298379,358586.480645,147145058.180123,119.612351520,22.403608950,124.358083404,8.687125433,28.687125433,0.277606888,20.000000000,0.270894740,30.000000000,0.000000000000,0.430586212949,0.000000000000,0.000000000000,1.561358993189,0.875750999146,87.575099915
2026-01-07T06:45:00Z,2461047.781250000,105.953508349619,0.227235541861,42181.273350,357850.120307,147145110.006844,120.874422203,22.260558219,124.391313617,8.687130627,28.687130627,0.278178133,20.000000000,0.270894645,30.000000000,0.000000000000,0.432873510483,0.000000000000,0.000000000000,1.559071969098,0.875932994741,87.593299474
2026-01-07T06:50:00Z,2461047.784722222,107.206172971760,0.228068409495,42181.248147,357123.981079,147145143.304136,122.138791073,22.183405320,124.427150329,8.687135858,28.687135858,0.278743756,20.000000000,0.270894584,30.000000000,0.000000000000,0.434108045699,0.000000000000,0.000000000000,1.557837709236,0.876031214020,87.603121402
2026-01-07T06:55:00Z,2461047.788194444,108.458839230610,0.228792160975,42181.222780,356408.464112,147145158.061658,123.405387180,22.172840280,124.465567280,8.687141123,28.687141123,0.279303360,20.000000000,0.270894556,30.000000000,0.000000000000,0.434277241680,0.000000000000,0.000000000000,1.557668790388,0.876044656155,87.604465615
2026-01-07T07:00:00Z,2461047.791666667,109.711507116876,0.229406451957,42181.197262,355703.967539,147145154.277875,124.674133131,22.228958897,124.506536161,8.687146418,28.687146418,0.279856544,20.000000000,0.270894563,30.000000000,0.000000000000,0.433379354146,0.000000000000,0.000000000000,1.558566956703,0.875973182350,87.597318235
2026-01-07T07:05:00Z,2461047.795138889,110.964176620254,0.229910990442,42181.171606,355010.886121,147145131.960061,125.944944540,22.351258501,124.550026593,8.687151743,28.687151743,0.280402908,20.000000000,0.270894604,30.000000000,0.000000000000,0.431423544625,0.000000000000,0.000000000000,1.560523046520,0.875817521669,87.581752167
2026-01-07T07:10:00Z,2461047.798611111,112.216847729566,0.230305536922,42181.145824,354329.611017,147145091.124291,127.217729391,22.538660145,124.596006108,8.687157094,28.687157094,0.280942047,20.000000000,0.270894680,30.000000000,0.000000000000,0.428429498171,0.000000000000,0.000000000000,1.563517374648,0.875579240607,87.557924061
2026-01-07T07:15:00Z,2461047.802083333,113.469520432756,0.230589904488,42181.119928,353660.529416,147145031.795437,128.492387320,22.789555012,124.644440135,8.687162469,28.687162469,0.281473559,20.000000000,0.270894789,30.000000000,0.000000000000,0.424426624031,0.000000000000,0.000000000000,1.567520531709,0.875260679490,87.526067949
2026-01-07T07:20:00Z,2461047.805555556,114.722194716886,0.230763958927,42181.093930,353004.024233,147144954.007153,129.768808796,23.101870490,124.695291997,8.687167864,28.687167864,0.281997038,20.000000000,0.270894932,30.000000000,0.000000000000,0.419452916640,0.000000000000,0.000000000000,1.572494523129,0.874864861830,87.486486183
2026-01-07T07:25:00Z,2461047.809027778,115.974870568232,0.230827618777,42181.067844,352360.473799,147144857.801866,131.046874170,23.473149897,124.748522895,8.687173278,28.687173278,0.282512081,20.000000000,0.270895109,30.000000000,0.000000000000,0.413553580377,0.000000000000,0.000000000000,1.578394144395,0.874395384886,87.439538489
2026-01-07T07:30:00Z,2461047.812500000,117.227547972302,0.230780855373,42181.041680,351730.251543,147144743.230747,132.326452586,23.900639240,124.804091909,8.687178708,28.687178708,0.283018284,20.000000000,0.270895320,30.000000000,0.000000000000,0.406779531447,0.000000000000,0.000000000000,1.585168479165,0.873856300454,87.385630045
2026-01-07T07:35:00Z,2461047.815972222,118.480226913804,0.230623692857,42181.015453,351113.725667,147144610.353691,133.607400706,24.381374725,124.861955996,8.687184152,28.687184152,0.283515244,20.000000000,0.270895565,30.000000000,0.000000000000,0.399185885069,0.000000000000,0.000000000000,1.592762412084,0.873251994473,87.325199447
2026-01-07T07:40:00Z,2461047.819444444,119.732907376791,0.230356208166,42180.989174,350511.258812,147144459.239294,134.889561233,24.912265725,124.922069996,8.687189606,28.687189606,0.284002560,20.000000000,0.270895843,30.000000000,0.000000000000,0.390830519106,0.000000000000,0.000000000000,1.601118065151,0.872587072729,87.258707273
2026-01-07T07:45:00Z,2461047.822916667,120.985589344643,0.229978530997,42180.962856,349923.207753,147144289.964810,136.172761174,25.490169347,124.984386631,8.687195068,28.687195068,0.284479835,20.000000000,0.270896155,30.000000000,0.000000000000,0.381772781652,0.000000000000,0.000000000000,1.610176090134,0.871866258003,87.186625800
2026-01-07T07:50:00Z,2461047.826388889,122.238272800044,0.229490843743,42180.936512,349349.923051,147144102.616123,137.456809799,26.111954170,125.048856525,8.687200535,28.687200535,0.284946671,20.000000000,0.270896499,30.000000000,0.000000000000,0.372072384588,0.000000000000,0.000000000000,1.619876775016,0.871094302028,87.109430203
2026-01-07T07:55:00Z,2461047.829861111,123.490957725130,0.228893381409,42180.910154,348791.748751,147143897.287704,138.741496217,26.774552155,125.115428208,8.687206006,28.687206006,0.285402678,20.000000000,0.270896877,30.000000000,0.000000000000,0.361788501793,0.000000000000,0.000000000000,1.630160945781,0.870275913722,87.027591372
2026-01-07T08:00:00Z,2461047.833333333,124.743644101471,0.228186431493,42180.883795,348249.022035,147143674.082563,140.026586510,27.474998782,125.184048146,8.687211476,28.687211476,0.285847465,20.000000000,0.270897288,30.000000000,0.000000000000,0.350979071868,0.000000000000,0.000000000000,1.640970663687,0.869415703703,86.941570370
2026-01-07T08:05:00Z,2461047.836805556,125.996331910059,0.227370333855,42180.857447,347722.072914,147143433.112206,141.311820287,28.210462258,125.254660749,8.687216945,28.687216945,0.286280651,20.000000000,0.270897732,30.000000000,0.000000000000,0.339700291784,0.000000000000,0.000000000000,1.652249731627,0.868518143995,86.851814399
2026-01-07T08:10:00Z,2461047.840277778,127.249021131434,0.226445480550,42180.831124,347211.223905,147143174.496581,142.596906558,28.978263130,125.327208409,8.687222408,28.687222408,0.286701857,20.000000000,0.270898208,30.000000000,0.000000000000,0.328006279674,0.000000000000,0.000000000000,1.663944031331,0.867587541193,86.758754119
2026-01-07T08:15:00Z,2461047.843750000,128.501711745678,0.225412315642,42180.804837,346716.789689,147142898.364015,143.881518742,29.775885823,125.401631526,8.687227864,28.687227864,0.287110711,20.000000000,0.270898717,30.000000000,0.000000000000,0.315948881580,0.000000000000,0.000000000000,1.676001716618,0.866628021085,86.662802108
2026-01-07T08:20:00Z,2461047.847222222,129.754403732410,0.224271334990,42180.778599,346239.076841,147142604.851163,145.165288599,30.600983678,125.477868539,8.687233309,28.687233309,0.287506846,20.000000000,0.270899257,30.000000000,0.000000000000,0.303577596391,0.000000000000,0.000000000000,1.688373288462,0.865643522678,86.564352268
2026-01-07T08:25:00Z,2461047.850694444,131.007097070901,0.223023086015,42180.752424,345778.383459,147142294.102937,146.447798822,31.451378951,125.555855973,8.687238742,28.687238742,0.287889906,20.000000000,0.270899829,30.000000000,0.000000000000,0.290939576713,0.000000000000,0.000000000000,1.701011594120,0.864637798270,86.463779827
2026-01-07T08:30:00Z,2461047.854166667,132.259791740063,0.221668167430,42180.726322,345334.998893,147141966.272437,147.728573912,32.325059068,125.635528473,8.687244159,28.687244159,0.288259538,20.000000000,0.270900433,30.000000000,0.000000000000,0.278079744149,0.000000000000,0.000000000000,1.713871711851,0.863614422617,86.361442262
2026-01-07T08:35:00Z,2461047.857638889,133.512487718454,0.220207228963,42180.700308,344909.203439,147141621.520884,149.007068898,33.220170224,125.716818858,8.687249558,28.687249558,0.288615402,20.000000000,0.270901067,30.000000000,0.000000000000,0.265040910733,0.000000000000,0.000000000000,1.726910829487,0.862576802604,86.257680260
2026-01-07T08:40:00Z,2461047.861111111,134.765184984392,0.218640971038,42180.674392,344501.268028,147141260.017538,150.282655271,34.135009231,125.799658169,8.687254937,28.687254937,0.288957164,20.000000000,0.270901733,30.000000000,0.000000000000,0.251863961842,0.000000000000,0.000000000000,1.740088061513,0.861528191797,86.152819180
2026-01-07T09:00:00Z,2461047.875000000,139.775986481526,0.211338508275,42180.571972,343053.201749,147139650.148306,155.339291182,37.962323874,126.145066537,8.687276194,28.687276194,0.290176895,20.000000000,0.270904697,30.000000000,0.000000000000,0.198537361196,0.000000000000,0.000000000000,1.793415781152,0.857284506705,85.728450671
2026-01-07T10:00:00Z,2461047.916666667,154.808498029546,0.180019337981,42180.283163,340583.866450,147133365.621023,168.790160370,50.506260449,127.273601782,8.687336136,28.687336136,0.292280783,20.000000000,0.270916268,30.000000000,0.000000000000,0.051988263295,0.000000000000,0.000000000000,1.939968034464,0.845622248937,84.562224894
2026-01-07T11:00:00Z,2461047.958333333,169.841140181389,0.136376376382,42180.037162,341085.415222,147125257.521079,167.000518183,63.877027103,128.426744729,8.687387194,28.687387194,0.291850995,20.000000000,0.270931199,30.000000000,0.000000000000,0.000000000000,0.000000000000,0.000000000000,1.991958985498,0.841484940511,84.148494051
2026-01-07T12:00:00Z,2461048.000000000,184.873877647058,0.083400737952,42179.850837,344539.515293,147115887.101580,152.851932901,77.606222475,129.457010863,8.687425866,28.687425866,0.288925086,20.000000000,0.270948455,30.000000000,0.000000000000,0.000000000000,0.000000000000,0.000000000000,1.991961021264,0.841484778510,84.148477851
2026-01-07T13:00:00Z,2461048.041666667,199.906680636157,0.024722256074,42179.736971,350668.189484,147105901.742882,137.462567651,91.471105837,130.236821598,8.687449500,28.687449500,0.283875463,20.000000000,0.270966847,30.000000000,0.000000000000,0.000000000000,0.000000000000,0.000000000000,1.991962265369,0.841484679507,84.148467951
2026-01-07T14:00:00Z,2461048.083333333,214.939523285334,-0.035639207194,42179.703387,358978.494539,147095990.957215,122.104710134,105.323017236,130.676324425,8.687456470,28.687456470,0.277303731,20.000000000,0.270985104,30.000000000,0.000000000000,0.000000000000,0.000000000000,0.000000000000,1.991962632309,0.841484650307,84.148465031
2026-01-07T15:00:00Z,2461048.125000000,229.972379646590,-0.093549154460,42179.752415,368833.182724,147086839.485221,107.038229053,119.005649171,130.729594469,8.687446294,28.687446294,0.269894522,20.000000000,0.271001964,30.000000000,0.000000000000,0.000000000000,0.000000000000,0.000000000000,1.991962096620,0.841484692936,84.148469294
2026-01-07T16:00:00Z,2461048.166666667,245.005218966957,-0.145041671247,42179.880733,379526.798143,147079080.674801,92.342779999,132.264633234,130.390334584,8.687419661,28.687419661,0.262289871,20.000000000,0.271016261,30.000000000,0.000000000000,0.000000000000,0.000000000000,0.000000000000,1.991960694630,0.841484804502,84.148480450
2026-01-07T17:00:00Z,2461048.208333333,260.038002324741,-0.186591054953,42180.079588,390351.531645,147073253.324021,78.028572185,144.533777952,129.681963571,8.687378388,28.687378388,0.255016333,20.000000000,0.271026999,30.000000000,0.000000000000,0.000000000000,0.000000000000,0.000000000000,1.991958521969,0.841484977397,84.148497740
2026-01-07T18:00:00Z,2461048.250000000,275.070682336645,-0.215353233653,42180.335401,400645.971193,147069764.942023,64.070422581,154.280906417,128.646996580,8.687325294,28.687325294,0.248463747,20.000000000,0.271033427,30.000000000,0.000000000000,0.000000000000,0.000000000000,0.000000000000,1.991955727019,0.841485199812,84.148519981
2026-01-07T19:00:00Z,2461048.291666667,290.103206751422,-0.229360425097,42180.630697,409827.016947,147068863.948498,50.426017915,157.832671836,127.338541668,8.687264006,28.687264006,0.242897567,20.000000000,0.271035088,30.000000000,0.000000000000,0.000000000000,0.000000000000,0.000000000000,1.991952500746,0.841485456551,84.148545655
2026-01-07T20:00:00Z,2461048.333333333,305.135525588757,-0.227655698257,42180.945297,417408.713599,147070622.721681,37.050999926,152.648165161,125.814662326,8.687198712,28.687198712,0.238485617,20.000000000,0.271031847,30.000000000,0.075973890202,0.000000000000,0.000000000000,0.000000000000,1.915975173426,0.847531540154,84.753154015
2026-01-07T21:00:00Z,2461048.375000000,320.167600374591,-0.210358234858,42181.257701,423012.360803,147074932.659561,23.927530854,142.172398942,124.135199976,8.687133875,28.687133875,0.235326379,20.000000000,0.271023904,30.000000000,0.218653126898,0.000000000000,0.000000000000,0.000000000000,1.773292523655,0.858885864656,85.888586466
2026-01-07T21:10:00Z,2461048.381944444,322.672920818423,-0.206027635433,42181.308040,423733.612945,147075881.591957,21.769423419,140.175067700,123.844388658,8.687123428,28.687123428,0.234925819,20.000000000,0.271022156,30.000000000,0.244315476749,0.000000000000,0.000000000000,0.000000000000,1.747629623845,0.860928053336,86.092805334
2026-01-07T21:15:00Z,2461048.385416667,323.925578283596,-0.203713996464,42181.332933,424070.468836,147076379.282115,20.694579272,139.158999867,123.698076057,8.687118261,28.687118261,0.234739208,20.000000000,0.271021238,30.000000000,0.257145570457,0.000000000000,0.000000000000,0.000000000000,1.734799258182,0.861949061394,86.194906139
2026-01-07T21:20:00Z,2461048.388888889,325.178233910894,-0.201302925949,42181.357625,424391.332809,147076892.150644,19.622946441,138.132483366,123.551205182,8.687113137,28.687113137,0.234561730,20.000000000,0.271020293,30.000000000,0.269926918507,0.000000000000,0.000000000000,0.000000000000,1.722017640365,0.862966190222,86.296619022
2026-01-07T21:25:00Z,2461048.392361111,326.430887702050,-0.198795578206,42181.382106,424696.102962,147077419.960307,18.554925853,137.096291344,123.403810785,8.687108056,28.687108056,0.234393403,20.000000000,0.271019321,30.000000000,0.282616587478,0.000000000000,0.000000000000,0.000000000000,1.709327703946,0.863976023277,86.397602328
2026-01-07T21:30:00Z,2461048.395833333,327.683539660241,-0.196193153577,42181.406362,424984.682917,147077962.466767,17.491023901,136.051131859,123.255927611,8.687103022,28.687103022,0.234234241,20.000000000,0.271018321,30.000000000,0.295163738885,0.000000000000,0.000000000000,0.000000000000,1.696780287535,0.864974514949,86.497451495
2026-01-07T21:35:00Z,2461048.399305556,328.936189790011,-0.193496897847,42181.430383,425256.981860,147078519.418712,16.431885510,134.997653941,123.107590394,8.687098037,28.687098037,0.234084256,20.000000000,0.271017295,30.000000000,0.307506789188,0.000000000000,0.000000000000,0.000000000000,1.684436974801,0.865956764567,86.595676457
2026-01-07T21:40:00Z,2461048.402777778,330.188838097396,-0.190708101652,42181.454158,425512.914526,147079090.557966,15.378340146,133.936453098,122.958833863,8.687093102,28.687093102,0.233943461,20.000000000,0.271016242,30.000000000,0.319569290827,0.000000000000,0.000000000000,0.000000000000,1.672374213427,0.866916688617,86.691668862
2026-01-07T21:45:00Z,2461048.406250000,331.441484589898,-0.187828099858,42181.477674,425752.401206,147079675.619619,14.331466953,132.868076317,122.809692736,8.687088222,28.687088222,0.233811867,20.000000000,0.271015164,30.000000000,0.331253795978,0.000000000000,0.000000000000,0.000000000000,1.660689451363,0.867846532437,86.784653244
2026-01-07T21:50:00Z,2461048.409722222,332.694129276423,-0.184858270925,42181.500921,425975.367760,147080274.332149,13.292688603,131.793026597,122.660201727,8.687083397,28.687083397,0.233689483,20.000000000,0.271014061,30.000000000,0.342432295034,0.000000000000,0.000000000000,0.000000000000,1.649510698337,0.868736109338,86.873610934
2026-01-07T21:55:00Z,2461048.413194444,333.946772167395,-0.181800036244,42181.523887,426181.745603,147080886.417552,12.263909142,130.711767048,122.510395544,8.687078631,28.687078631,0.233576318,20.000000000,0.271012933,30.000000000,0.352930364714,0.000000000000,0.000000000000,0.000000000000,1.639012377752,0.869571539146,86.957153915
2026-01-07T22:00:00Z,2461048.416666667,335.199413274662,-0.178654859457,42181.546562,426371.471721,147081511.591478,11.247720547,129.624724590,122.360308887,8.687073925,28.687073925,0.233472381,20.000000000,0.271011781,30.000000000,0.362498271614,0.000000000000,0.000000000000,0.000000000000,1.629444223131,0.870332948698,87.033294870
2026-01-07T22:05:00Z,2461048.420138889,336.452052611580,-0.175424245758,42181.568934,426544.488664,147082149.563358,10.247718590,128.532293300,122.209976457,8.687069282,28.687069282,0.233377679,20.000000000,0.271010606,30.000000000,0.370748935102,0.000000000000,0.000000000000,0.000000000000,1.621193315224,0.870989535087,87.098953509
2026-01-07T22:10:00Z,2461048.423611111,337.704690192970,-0.172109741170,42181.590994,426700.744566,147082800.036554,9.268995319,127.434837435,122.059432947,8.687064704,28.687064704,0.233292216,20.000000000,0.271009407,30.000000000,0.376970472898,0.000000000000,0.000000000000,0.000000000000,1.614971536429,0.871484648512,87.148464851
2026-01-07T22:15:00Z,2461048.427083333,338.957326035081,-0.168712931807,42181.612730,426840.193122,147083462.708488,8.318919164,126.332694152,121.908713053,8.687060193,28.687060193,0.233215999,20.000000000,0.271008186,30.000000000,0.378922438992,0.000000000000,0.000000000000,0.000000000000,1.613019332870,0.871639999935,87.163999994
2026-01-07T22:20:00Z,2461048.430555556,340.209960155671,-0.165235443115,42181.634132,426962.793601,147084137.270797,7.408379097,125.226175976,121.757851466,8.687055751,28.687055751,0.233149032,20.000000000,0.271006943,30.000000000,0.378922438992,0.000000000000,0.000000000000,0.000000000000,1.613019099053,0.871640018542,87.164001854
2026-01-07T22:25:00Z,2461048.434027778,341.462592573955,-0.161678939092,42181.655191,427068.510862,147084823.409470,6.553741051,124.115573021,121.606882881,8.687051381,28.687051381,0.233091318,20.000000000,0.271005679,30.000000000,0.378922438992,0.000000000000,0.000000000000,0.000000000000,1.613018868994,0.871640036850,87.164003685
2026-01-07T22:30:00Z,2461048.437500000,342.715223310554,-0.158045121493,42181.675895,427157.315335,147085520.805005,5.779734080,123.001155003,121.455841991,8.687047084,28.687047084,0.233042859,20.000000000,0.271004394,30.000000000,0.378922438992,0.000000000000,0.000000000000,0.000000000000,1.613018642804,0.871640054849,87.164005485
2026-01-07T22:35:00Z,2461048.440972222,343.967852387573,-0.154335729017,42181.696235,427229.183045,147086229.132556,5.122930300,121.883173056,121.304763493,8.687042862,28.687042862,0.233003656,20.000000000,0.271003089,30.000000000,0.378922438992,0.000000000000,0.000000000000,0.000000000000,1.613018420591,0.871640072532,87.164007253
2026-01-07T22:40:00Z,2461048.444444444,345.220479828537,-0.150552536474,42181.716201,427284.095574,147086948.062094,4.633362003,120.761861378,121.153682089,8.687038719,28.687038719,0.232973712,20.000000000,0.271001764,30.000000000,0.378922438992,0.000000000000,0.000000000000,0.000000000000,1.613018202461,0.871640089891,87.164008989
2026-01-07T22:45:00Z,2461048.447916667,346.473105658363,-0.146697353935,42181.735785,427322.040115,147087677.258555,4.367585257,119.637438727,121.002632484,8.687034654,28.687034654,0.232953024,20.000000000,0.271000421,30.000000000,0.378922438992,0.000000000000,0.000000000000,0.000000000000,1.613017988517,0.871640106916,87.164010692
2026-01-07T22:50:00Z,2461048.451388889,347.725729903391,-0.142772025868,42181.754975,427343.009440,147088416.382007,4.366647535,118.510109768,120.851649390,8.687030672,28.687030672,0.232941593,20.000000000,0.270999059,30.000000000,0.378922438992,0.000000000000,0.000000000000,0.000000000000,1.613017778862,0.871640123599,87.164012360
2026-01-07T22:55:00Z,2461048.454861111,348.978352591351,-0.138778430252,42181.773764,427347.001903,147089165.087807,4.630737525,117.380066307,120.700767526,8.687026772,28.687026772,0.232939417,20.000000000,0.270997680,30.000000000,0.378922438992,0.000000000000,0.000000000000,0.000000000000,1.613017573596,0.871640139934,87.164013993
2026-01-07T23:00:00Z,2461048.458333333,350.230973751298,-0.134718477685,42181.792143,427334.021466,147089923.026769,5.119057593,116.247488406,120.550021616,8.687022958,28.687022958,0.232946493,20.000000000,0.270996283,30.000000000,0.378922438992,0.000000000000,0.000000000000,0.000000000000,1.613017372816,0.871640155912,87.164015591
2026-01-07T23:05:00Z,2461048.461805556,351.483593413661,-0.130594110464,42181.810102,427304.077648,147090689.845328,5.775084304,115.112545401,120.399446397,8.687019231,28.687019231,0.232962817,20.000000000,0.270994870,30.000000000,0.378922438992,0.000000000000,0.000000000000,0.000000000000,1.613017176619,0.871640171525,87.164017152
2026-01-07T23:10:00Z,2461048.465277778,352.736211610200,-0.126407301661,42181.827633,427257.185594,147091465.185705,6.548704842,113.975396829,120.249076614,8.687015593,28.687015593,0.232988385,20.000000000,0.270993442,30.000000000,0.378922438992,0.000000000000,0.000000000000,0.000000000000,1.613016985097,0.871640186765,87.164018677
2026-01-07T23:15:00Z,2461048.468750000,353.988828372332,-0.122160054180,42181.844727,427193.366032,147092248.686083,7.403253037,112.836193279,120.098947022,8.687012045,28.687012045,0.233023192,20.000000000,0.270991998,30.000000000,0.378922438992,0.000000000000,0.000000000000,0.000000000000,1.613016798343,0.871640201627,87.164020163
2026-01-07T23:20:00Z,2461048.472222222,355.241443733349,-0.117854399797,42181.861377,427112.645272,147093039.980777,8.313927531,111.695077164,119.949092389,8.687008590,28.687008590,0.233067232,20.000000000,0.270990541,30.000000000,0.378922438992,0.000000000000,0.000000000000,0.000000000000,1.613016616445,0.871640216102,87.164021610
2026-01-07T23:25:00Z,2461048.475694444,356.494057731484,-0.113492398172,42181.877575,427015.055239,147093838.700406,9.264313684,110.552183428,119.799547492,8.687005228,28.687005228,0.233120497,20.000000000,0.270989069,30.000000000,0.376993224392,0.000000000000,0.000000000000,0.000000000000,1.614945654090,0.871486708163,87.148670816
2026-01-07T23:30:00Z,2461048.479166667,357.746670403457,-0.109076135893,42181.893312,426900.633438,147094644.472072,10.243491060,109.407640208,119.650347124,8.687001962,28.687001962,0.233182981,20.000000000,0.270987585,30.000000000,0.370779994810,0.000000000000,0.000000000000,0.000000000000,1.621158711744,0.870992288745,87.099228874
2026-01-07T23:35:00Z,2461048.482638889,358.999281787214,-0.104607725461,42181.908582,426769.422973,147095456.919535,11.244071013,108.261569428,119.501526089,8.686998793,28.686998793,0.233254673,20.000000000,0.270986088,30.000000000,0.362530083695,0.000000000000,0.000000000000,0.000000000000,1.629408456041,0.870335794953,87.033579495
2026-01-07T23:40:00Z,2461048.486111111,0.251891921850,-0.100089304288,42181.923377,426621.472571,147096275.663391,12.260948375,107.114087355,119.353119204,8.686995722,28.686995722,0.233335565,20.000000000,0.270984580,30.000000000,0.352958670918,0.000000000000,0.000000000000,0.000000000000,1.638979707189,0.869574138987,86.957413899
2026-01-07T23:45:00Z,2461048.489583333,1.504500847528,-0.095523033668,42181.937690,426456.836509,147097100.321253,13.290518732,105.965305114,119.205161302,8.686992752,28.686992752,0.233425646,20.000000000,0.270983060,30.000000000,0.342454076481,0.000000000000,0.000000000000,0.000000000000,1.649484145261,0.868738222365,86.873822236
2026-01-07T23:50:00Z,2461048.493055556,2.757108605530,-0.090911097751,42181.951514,426275.574701,147097930.507937,14.330184319,104.815329159,119.057687228,8.686989883,28.686989883,0.233524905,20.000000000,0.270981531,30.000000000,0.331266704789,0.000000000000,0.000000000000,0.000000000000,1.660671365930,0.867847971631,86.784797163
2026-01-07T23:55:00Z,2461048.496527778,4.009715238170,-0.086255702492,42181.964843,426077.752655,147098765.835638,15.378037166,103.664261716,118.910731839,8.686987117,28.686987117,0.233633328,20.000000000,0.270979992,30.000000000,0.319571403483,0.000000000000,0.000000000000,0.000000000000,1.672366521625,0.866917300711,86.691730071
2026-01-08T00:00:00Z,2461048.500000000,5.262320788728,-0.081559074601,42181.977670,425863.441455,147099605.914120,16.432651915,102.512201197,118.764330009,8.686984455,28.686984455,0.233750902,20.000000000,0.270978445,30.000000000,0.307496477013,0.000000000000,0.000000000000,0.000000000000,1.684441307967,0.865956419744,86.595641974
2026-01-08T00:05:00Z,2461048.503472222,6.514925301487,-0.076823460477,42181.989988,425632.717813,147100450.350899,17.492947578,101.359242581,118.618516624,8.686981898,28.686981898,0.233877612,20.000000000,0.270976889,30.000000000,0.295139593218,0.000000000000,0.000000000000,0.000000000000,1.696798057181,0.864973100885,86.497310089
2026-01-08T00:10:00Z,2461048.506944444,7.767528821606,-0.072051125134,42182.001794,425385.664009,147101298.751431,18.558093433,100.205477782,118.473326580,8.686979448,28.686979448,0.234013444,20.000000000,0.270975326,30.000000000,0.282577374188,0.000000000000,0.000000000000,0.000000000000,1.709360147244,0.863973441521,86.397344152
2026-01-08T00:15:00Z,2461048.510416667,9.020131395146,-0.067244351121,42182.013080,425122.367954,147102150.719296,19.627443718,99.050995984,118.328794787,8.686977106,28.686977106,0.234158379,20.000000000,0.270973757,30.000000000,0.269871549951,0.000000000000,0.000000000000,0.000000000000,1.722065848186,0.862962353966,86.296235397
2026-01-08T00:20:00Z,2461048.513888889,10.272733069006,-0.062405437426,42182.023841,424842.923119,147103005.856391,20.700491504,97.895883969,118.184956168,8.686974873,28.686974873,0.234312400,20.000000000,0.270972181,30.000000000,0.257073088365,0.000000000000,0.000000000000,0.000000000000,1.734864192211,0.861943894108,86.194389411
2026-01-08T00:25:00Z,2461048.517361111,11.525333890824,-0.057536698383,42182.034072,424547.428598,147103863.763117,21.776835560,96.740226422,118.041845650,8.686972750,28.686972750,0.234475487,20.000000000,0.270970601,30.000000000,0.244225042597,0.000000000000,0.000000000000,0.000000000000,1.747712126207,0.860921488006,86.092148801
2026-01-08T01:00:00Z,2461048.541666667,20.293519934015,-0.022817527418,42182.090477,422039.072952,147109912.867368,29.383253779,88.642152530,117.063394366,8.686961044,28.686961044,0.235869082,20.000000000,0.270959459,30.000000000,0.155602628480,0.000000000000,0.000000000000,0.000000000000,1.836333924119,0.853869189405,85.386918940
2026-01-08T02:00:00Z,2461048.583333333,35.324655123435,0.037483630547,42182.122876,416056.220459,147120154.239730,42.645925125,74.785497282,115.507542172,8.686954320,28.686954320,0.239260878,20.000000000,0.270940597,30.000000000,0.029263838663,0.000000000000,0.000000000000,0.000000000000,1.962672359992,0.843815496119,84.381549612
2026-01-08T03:00:00Z,2461048.625000000,50.355817125658,0.095215455968,42182.072678,408225.409788,147129645.038166,56.174316606,61.097024649,114.156690844,8.686964738,28.686964738,0.243850543,20.000000000,0.270923119,30.000000000,0.000000000000,0.000000000000,0.000000000000,0.000000000000,1.991936747047,0.841486710191,84.148671019
2026-01-08T04:00:00Z,2461048.666666667,65.387090854741,0.146425066998,42181.943346,398969.813446,147137751.486246,70.005696770,47.827677447,113.068748161,8.686991578,28.686991578,0.249507603,20.000000000,0.270908193,30.000000000,0.000000000000,0.078575830544,0.000000000000,0.000000000000,1.913362329404,0.847739463675,84.773946367
2026-01-08T05:00:00Z,2461048.708333333,80.418544156418,0.187606075762,42181.743759,388818.941337,147143934.077860,84.189392102,35.535377594,112.296458087,8.687033000,28.687033000,0.256021526,20.000000000,0.270896810,30.000000000,0.000000000000,0.231998241497,0.000000000000,0.000000000000,1.759942098898,0.859948257702,85.994825770
2026-01-08T05:05:00Z,2461048.711805556,81.671174922124,0.190490886388,42181.724353,387951.562635,147144348.567268,85.388734533,34.590158752,112.247781242,8.687037027,28.687037027,0.256593940,20.000000000,0.270896047,30.000000000,0.000000000000,0.245362806888,0.000000000000,0.000000000000,1.746577745509,0.861011759154,86.101175915
2026-01-08T05:10:00Z,2461048.715277778,82.923807267830,0.193284581081,42181.704562,387082.637284,147144746.577090,86.590859188,33.662185192,112.201620832,8.687041134,28.687041134,0.257169948,20.000000000,0.270895314,30.000000000,0.000000000000,0.258651394670,0.000000000000,0.000000000000,1.733289373943,0.862069214164,86.206921416
2026-01-08T05:15:00Z,2461048.718750000,84.176441208673,0.195985823616,42181.684394,386212.555251,147145127.925201,87.795786824,32.752943232,112.157996117,8.687045320,28.687045320,0.257749319,20.000000000,0.270894612,30.000000000,0.000000000000,0.271825710234,0.000000000000,0.000000000000,1.720115278708,0.863117575353,86.311757535
2026-01-08T05:20:00Z,2461048.722222222,85.429076758481,0.198593321969,42181.663860,385341.709719,147145492.437395,89.003537291,31.864056337,112.116925437,8.687049581,28.687049581,0.258331818,20.000000000,0.270893941,30.000000000,0.000000000000,0.284845841739,0.000000000000,0.000000000000,1.707095371537,0.864153666645,86.415366665
2026-01-08T05:25:00Z,2461048.725694444,86.681713929738,0.201105828931,42181.642969,384470.496973,147145839.947457,90.214129482,30.997294990,112.078426176,8.687053917,28.687053917,0.258917204,20.000000000,0.270893301,30.000000000,0.000000000000,0.297670036652,0.000000000000,0.000000000000,1.694271404857,0.865174165489,86.517416549
2026-01-08T05:30:00Z,2461048.729166667,87.934352733571,0.203522142706,42181.621731,383599.316213,147146170.297250,91.427581290,30.154585875,112.042514724,8.687058325,28.687058325,0.259505227,20.000000000,0.270892693,30.000000000,0.000000000000,0.310254499416,0.000000000000,0.000000000000,1.681687174116,0.866175586753,86.617558675
2026-01-08T05:35:00Z,2461048.732638889,89.186993179814,0.205841107486,42181.600156,382728.569462,147146483.336787,92.643909556,29.338019764,112.009206437,8.687062802,28.687062802,0.260095632,20.000000000,0.270892117,30.000000000,0.000000000000,0.322553220730,0.000000000000,0.000000000000,1.669388688504,0.867154269141,86.715426914
2026-01-08T05:40:00Z,2461048.736111111,90.439635276992,0.208061614006,42181.578255,381858.661371,147146778.924304,93.863130027,28.549857319,111.978515603,8.687067348,28.687067348,0.260688157,20.000000000,0.270891572,30.000000000,0.000000000000,0.334517863702,0.000000000000,0.000000000000,1.657424284799,0.868106366137,86.810636614
2026-01-08T05:45:00Z,2461048.739583333,91.692279032284,0.210182600072,42181.556038,380989.999085,147147056.926325,95.085257303,27.792531821,111.950455400,8.687071958,28.687071958,0.261282534,20.000000000,0.270891061,30.000000000,0.000000000000,0.346097671434,0.000000000000,0.000000000000,1.645844719787,0.869027838642,86.902783864
2026-01-08T05:50:00Z,2461048.743055556,92.944924451640,0.212203051070,42181.533515,380122.992102,147147317.217724,96.310304790,27.068647621,111.925037856,8.687076633,28.687076633,0.261878487,20.000000000,0.270890581,30.000000000,0.000000000000,0.357239498599,0.000000000000,0.000000000000,1.634703138675,0.869914457496,86.991445750
2026-01-08T05:55:00Z,2461048.746527778,94.197571539716,0.214122000453,42181.510699,379258.052039,147147559.681788,97.538284654,26.380972904,111.902273814,8.687081368,28.687081368,0.262475734,20.000000000,0.270890135,30.000000000,0.000000000000,0.367887924480,0.000000000000,0.000000000000,1.624054962065,0.870761812467,87.076181247
2026-01-08T06:00:00Z,2461048.750000000,95.450220299885,0.215938530202,42181.487598,378395.592489,147147784.210273,98.769207769,25.732425202,111.882172889,8.687086162,28.687086162,0.263073987,20.000000000,0.270889722,30.000000000,0.000000000000,0.377985499670,0.000000000000,0.000000000000,1.613957639245,0.871565331887,87.156533189
2026-01-08T06:05:00Z,2461048.753472222,96.702870734321,0.217651771266,42181.464226,377536.028869,147147990.703451,100.003083668,25.126048025,111.864743426,8.687091013,28.687091013,0.263672951,20.000000000,0.270889342,30.000000000,0.000000000000,0.387473150074,0.000000000000,0.000000000000,1.604470244188,0.872320314797,87.232031480
2026-01-08T06:10:00Z,2461048.756944444,97.955522843993,0.219260903980,42181.440592,376679.778198,147148179.070158,101.239920494,24.564977071,111.849992463,8.687095918,28.687095918,0.264272324,20.000000000,0.270888995,30.000000000,0.000000000000,0.396290763787,0.000000000000,0.000000000000,1.595652888677,0.873021977654,87.302197765
2026-01-08T06:15:00Z,2461048.760416667,99.208176628611,0.220765158453,42181.416707,375827.258902,147148349.227842,102.479724949,24.052394779,111.837925692,8.687100875,28.687100875,0.264871798,20.000000000,0.270888682,30.000000000,0.000000000000,0.404377981013,0.000000000000,0.000000000000,1.587565932384,0.873665517188,87.366551719
2026-01-08T06:20:00Z,2461048.763888889,100.460832086777,0.222163814943,42181.392585,374978.890609,147148501.102597,103.722502246,23.591472609,111.828547415,8.687105881,28.687105881,0.265471060,20.000000000,0.270888402,30.000000000,0.000000000000,0.411675196740,0.000000000000,0.000000000000,1.580268980198,0.874246190193,87.424619019
2026-01-08T06:25:00Z,2461048.767361111,101.713489215894,0.223456204196,42181.368235,374135.093967,147148634.629203,104.968256057,23.185301357,111.821860508,8.687110935,28.687110935,0.266069788,20.000000000,0.270888156,30.000000000,0.000000000000,0.418124769779,0.000000000000,0.000000000000,1.573819673180,0.874759409739,87.475940974
2026-01-08T06:30:00Z,2461048.770833333,102.966148012273,0.224641707768,42181.343670,373296.290392,147148749.751149,106.216988462,22.836811067,111.817866380,8.687116033,28.687116033,0.266667656,20.000000000,0.270887944,30.000000000,0.000000000000,0.423672410174,0.000000000000,0.000000000000,1.568272301160,0.875200855578,87.520085558
2026-01-08T06:35:00Z,2461048.774305556,104.218808471124,0.225719758326,42181.318901,372462.901891,147148846.420671,107.468699902,22.548683622,111.816564930,8.687121173,28.687121173,0.267264331,20.000000000,0.270887766,30.000000000,0.000000000000,0.428268691403,0.000000000000,0.000000000000,1.563676290530,0.875566594483,87.556659448
2026-01-08T06:40:00Z,2461048.777777778,105.471470586553,0.226689839913,42181.293941,371635.350795,147148924.598763,108.723389124,22.323262625,111.817954516,8.687126354,28.687126354,0.267859475,20.000000000,0.270887622,30.000000000,0.000000000000,0.431870607409,0.000000000000,0.000000000000,1.560074647219,0.875853204151,87.585320415
2026-01-08T06:45:00Z,2461048.781250000,106.724134351653,0.227551488199,42181.268801,370814.059523,147148984.255207,109.981053138,22.162466523,111.822031909,8.687131571,28.687131571,0.268452743,20.000000000,0.270887512,30.000000000,0.000000000000,0.434443071839,0.000000000000,0.000000000000,1.557502457449,0.876057892510,87.605789251
2026-01-08T06:50:00Z,2461048.784722222,107.976799758503,0.228304290705,42181.243492,369999.450373,147149025.368578,111.241687159,22.067711739,111.828792263,8.687136824,28.687136824,0.269043787,20.000000000,0.270887437,30.000000000,0.000000000000,0.435960243435,0.000000000000,0.000000000000,1.555985562346,0.876178603186,87.617860319
2026-01-08T06:55:00Z,2461048.788194444,109.229466798161,0.228947886998,42181.218029,369191.945266,147149047.926260,112.505284559,22.039852533,111.838229068,8.687142109,28.687142109,0.269632250,20.000000000,0.270887395,30.000000000,0.000000000000,0.436406562139,0.000000000000,0.000000000000,1.555539521836,0.876214097962,87.621409796
2026-01-08T07:00:00Z,2461048.791666667,110.482135460769,0.229481968866,42181.192421,368391.965458,147149051.924448,113.771836822,22.079143337,111.850334127,8.687147423,28.687147423,0.270217773,20.000000000,0.270887388,30.000000000,0.000000000000,0.435777397820,0.000000000000,0.000000000000,1.556168965918,0.876164008394,87.616400839
2026-01-08T07:05:00Z,2461048.795138889,111.734805735541,0.229906280464,42181.166683,367599.931333,147149037.368155,115.041333489,22.185227336,111.865097508,8.687152765,28.687152765,0.270799991,20.000000000,0.270887415,30.000000000,0.000000000000,0.434079246876,0.000000000000,0.000000000000,1.557867398058,0.876028851459,87.602885146
2026-01-08T07:10:00Z,2461048.798611111,112.987477610767,0.230220618441,42181.140826,366816.262083,147149004.271203,116.313762111,22.357152475,111.882507522,8.687158131,28.687158131,0.271378534,20.000000000,0.270887476,30.000000000,0.000000000000,0.431329456616,0.000000000000,0.000000000000,1.560617470815,0.875810007622,87.581000762
2026-01-08T07:15:00Z,2461048.802083333,114.240151073923,0.230424832032,42181.114862,366041.375480,147148952.656226,117.589108198,22.593413255,111.902550683,8.687163520,28.687163520,0.271953030,20.000000000,0.270887571,30.000000000,0.000000000000,0.427555505540,0.000000000000,0.000000000000,1.564391705553,0.875509663565,87.550966356
2026-01-08T07:20:00Z,2461048.805555556,115.492826111648,0.230518823137,42181.088803,365275.687576,147148882.554648,118.867355172,22.892014133,111.925211679,8.687168928,28.687168928,0.272523100,20.000000000,0.270887700,30.000000000,0.000000000000,0.422793910882,0.000000000000,0.000000000000,1.569153584900,0.875130725246,87.513072525
2026-01-08T07:25:00Z,2461048.809027778,116.745502709759,0.230502546365,42181.062664,364519.612398,147148794.006678,120.148484316,23.250548566,111.950473347,8.687174353,28.687174353,0.273088363,20.000000000,0.270887863,30.000000000,0.000000000000,0.417088865623,0.000000000000,0.000000000000,1.574858915741,0.874676709444,87.467670944
2026-01-08T07:30:00Z,2461048.812500000,117.998180853366,0.230376009057,42181.036455,363773.561716,147148687.061285,121.432474725,23.666286890,111.978316638,8.687179793,28.687179793,0.273648435,20.000000000,0.270888060,30.000000000,0.000000000000,0.410490721652,0.000000000000,0.000000000000,1.581457346050,0.874151623044,87.415162304
2026-01-08T07:35:00Z,2461048.815972222,119.250860526846,0.230139271283,42181.010189,363037.944699,147148561.776178,122.719303258,24.136266366,112.008720598,8.687185244,28.687185244,0.274202928,20.000000000,0.270888290,30.000000000,0.000000000000,0.403054433735,0.000000000000,0.000000000000,1.588893920924,0.873559839218,87.355983922
2026-01-08T07:40:00Z,2461048.819444444,120.503541713860,0.229792445814,42180.983880,362313.167636,147148418.217779,124.008944484,24.657377634,112.041662340,8.687190704,28.687190704,0.274751452,20.000000000,0.270888555,30.000000000,0.000000000000,0.394838063572,0.000000000000,0.000000000000,1.597110578526,0.872905978382,87.290597838
2026-01-08T07:45:00Z,2461048.822916667,121.756224397447,0.229335698072,42180.957539,361599.633618,147148256.461188,125.301370636,25.226443210,112.077117025,8.687196171,28.687196171,0.275293615,20.000000000,0.270888852,30.000000000,0.000000000000,0.385901419573,0.000000000000,0.000000000000,1.606047510307,0.872194799947,87.219479995
2026-01-08T07:50:00Z,2461048.826388889,123.008908560049,0.228769246046,42180.931179,360897.742250,147148076.590151,126.596551559,25.840285221,112.115057843,8.687201642,28.687201642,0.275829024,20.000000000,0.270889183,30.000000000,0.000000000000,0.376304881444,0.000000000000,0.000000000000,1.615644336425,0.871431108790,87.143110879
2026-01-08T07:55:00Z,2461048.829861111,124.261594183483,0.228093360191,42180.904813,360207.889327,147147878.697022,127.894454649,26.495781041,112.155455994,8.687207114,28.687207114,0.276357282,20.000000000,0.270889548,30.000000000,0.000000000000,0.366108433570,0.000000000000,0.000000000000,1.625841072356,0.870619678326,87.061967833
2026-01-08T08:00:00Z,2461048.833333333,125.514281249060,0.227308363302,42180.878453,359530.466506,147147662.882713,129.195044809,27.189906705,112.198280677,8.687212585,28.687212585,0.276877995,20.000000000,0.270889945,30.000000000,0.000000000000,0.355370910486,0.000000000000,0.000000000000,1.636578883428,0.869765190471,86.976519047
2026-01-08T08:05:00Z,2461048.836805556,126.766969737589,0.226414630356,42180.852113,358865.861025,147147429.256653,130.498284380,27.919768842,112.243499073,8.687218052,28.687218052,0.277390766,20.000000000,0.270890375,30.000000000,0.000000000000,0.344149442556,0.000000000000,0.000000000000,1.647800639138,0.868872191526,86.887219153
2026-01-08T08:10:00Z,2461048.840277778,128.019659629369,0.225412588336,42180.825803,358214.455317,147147177.936733,131.804133086,28.682626427,112.291076347,8.687223512,28.687223512,0.277895200,20.000000000,0.270890838,30.000000000,0.000000000000,0.332499080452,0.000000000000,0.000000000000,1.659451288678,0.867945062293,86.794506229
2026-01-08T08:15:00Z,2461048.843750000,129.272350904308,0.224302716026,42180.799539,357576.626750,147146909.049250,133.112547959,29.475903931,112.340975631,8.687228963,28.687228963,0.278390900,20.000000000,0.270891333,30.000000000,0.000000000000,0.320472572400,0.000000000000,0.000000000000,1.671478083683,0.866988000356,86.698800036
2026-01-08T08:20:00Z,2461048.847222222,130.525043541902,0.223085543784,42180.773330,356952.747270,147146622.728849,134.423483270,30.297197491,112.393158028,8.687234403,28.687234403,0.278877474,20.000000000,0.270891860,30.000000000,0.000000000000,0.308120270315,0.000000000000,0.000000000000,1.683830672101,0.866005012603,86.600501260
2026-01-08T08:25:00Z,2461048.850694444,131.777737521251,0.221761653288,42180.747192,356343.183067,147146319.118459,135.736890442,31.144275648,112.447582611,8.687239828,28.687239828,0.279354528,20.000000000,0.270892419,30.000000000,0.000000000000,0.295490112243,0.000000000000,0.000000000000,1.696461115749,0.864999913833,86.499991383
2026-01-08T08:30:00Z,2461048.854166667,133.030432821177,0.220331677259,42180.721135,355748.294268,147145998.369223,137.052717956,32.015076016,112.504206428,8.687245236,28.687245236,0.279821674,20.000000000,0.270893009,30.000000000,0.000000000000,0.282627729976,0.000000000000,0.000000000000,1.709323782700,0.863976335319,86.397633532
2026-01-08T08:35:00Z,2461048.857638889,134.283129420155,0.218796299160,42180.695172,355168.434590,147145660.640429,138.370911240,32.907699070,112.562984509,8.687250624,28.687250624,0.280278523,20.000000000,0.270893631,30.000000000,0.000000000000,0.269576567045,0.000000000000,0.000000000000,1.722375229284,0.862937734200,86.293773420
2026-01-08T08:40:00Z,2461048.861111111,135.535827296430,0.217156252866,42180.669316,354603.951001,147145306.099436,139.691412542,33.820399990,112.623869880,8.687255990,28.687255990,0.280724694,20.000000000,0.270894284,30.000000000,0.000000000000,0.256378057661,0.000000000000,0.000000000000,1.735574021156,0.861887407716,86.188740772
2026-01-08T08:45:00Z,2461048.864583333,136.788526428025,0.215412322320,42180.643579,354055.183436,147144934.921591,141.014160773,34.751579324,112.686813570,8.687261332,28.687261332,0.281159806,20.000000000,0.270894967,30.000000000,0.000000000000,0.243071833057,0.000000000000,0.000000000000,1.748880526947,0.860828509630,86.082850963
2026-01-08T09:00:00Z,2461048.875000000,140.546631131930,0.209565807505,42180.567206,352506.463240,147143723.438494,144.995221960,37.641964258,112.887475432,8.687277183,28.687277183,0.282395079,20.000000000,0.270897198,30.000000000,0.000000000000,0.202880991230,0.000000000000,0.000000000000,1.789072203189,0.857630157657,85.763015766
2026-01-08T10:00:00Z,2461048.916666667,155.579148738244,0.177468542584,42180.280007,347915.409379,147137513.452602,161.068905318,50.183602953,113.838896734,8.687336791,28.687336791,0.286121564,20.000000000,0.270908631,30.000000000,0.000000000000,0.055015766544,0.000000000000,0.000000000000,1.936940565697,0.845863167247,84.586316725
2026-01-08T11:00:00Z,2461048.958333333,170.611795730014,0.133213954344,42180.036538,346175.238469,147129467.333829,176.831469643,63.560826179,114.936838480,8.687387323,28.687387323,0.287559866,20.000000000,0.270923446,30.000000000,0.000000000000,0.000000000000,0.000000000000,0.000000000000,1.991958992318,0.841484939968,84.148493997
2026-01-08T12:00:00Z,2461049.000000000,185.644537215312,0.079832199300,42179.853491,347462.987537,147120144.575114,166.095970907,77.299626882,116.043122378,8.687425315,28.687425315,0.286494118,20.000000000,0.270940614,30.000000000,0.000000000000,0.000000000000,0.000000000000,0.000000000000,1.991960992273,0.841484780817,84.148478082
2026-01-08T13:00:00Z,2461049.041666667,200.677343751782,0.020978746389,42179.743421,351685.739996,147110191.768168,149.978158200,91.176416459,117.018859363,8.687448161,28.687448161,0.283054105,20.000000000,0.270958945,30.000000000,0.000000000000,0.000000000000,0.000000000000,0.000000000000,1.991962194897,0.841484685115,84.148468511
2026-01-08T14:00:00Z,2461049.083333333,215.710189593324,-0.039315953309,42179.713889,358496.267255,147100298.662185,134.076260609,105.043412523,117.746471244,8.687454290,28.687454290,0.277676746,20.000000000,0.270977168,30.000000000,0.000000000000,0.000000000000,0.000000000000,0.000000000000,1.991962517554,0.841484659439,84.148465944
2026-01-08T15:00:00Z,2461049.125000000,230.743048592955,-0.096922515179,42179.766947,367347.554066,147091151.244650,118.523833967,118.746801654,118.144450839,8.687443278,28.687443278,0.270986039,20.000000000,0.270994020,30.000000000,0.000000000000,0.000000000000,0.000000000000,0.000000000000,1.991961937845,0.841484705571,84.148470557
2026-01-08T16:00:00Z,2461049.166666667,245.775889517434,-0.147895468254,42179.898991,377567.940796,147083385.035504,103.378172072,132.038007285,118.171584893,8.687415871,28.687415871,0.263650665,20.000000000,0.271008329,30.000000000,0.000000000000,0.000000000000,0.000000000000,0.000000000000,1.991960495139,0.841484820377,84.148482038
2026-01-08T17:00:00Z,2461049.208333333,260.808672831025,-0.188743512540,42180.101013,388436.658844,147077541.782037,88.650825364,144.365391777,117.822487945,8.687373941,28.687373941,0.256273493,20.000000000,0.271019096,30.000000000,0.000000000000,0.000000000000,0.000000000000,0.000000000000,1.991958287883,0.841484996025,84.148499603
2026-01-08T18:00:00Z,2461049.250000000,275.841350621566,-0.216668657029,42180.359214,399246.221279,147074032.518456,74.320211222,154.232285919,117.118831535,8.687320352,28.687320352,0.249334862,20.000000000,0.271025563,30.000000000,0.000000000000,0.000000000000,0.000000000000,0.000000000000,1.991955466853,0.841485220516,84.148522052
2026-01-08T19:00:00Z,2461049.291666667,290.873870423029,-0.229757840049,42180.655952,409346.992096,147073109.524379,60.342853935,157.984481370,116.100195394,8.687258764,28.687258764,0.243182405,20.000000000,0.271027264,30.000000000,0.000000000000,0.000000000000,0.000000000000,0.000000000000,1.991952224829,0.841485478508,84.148547851
2026-01-08T20:00:00Z,2461049.333333333,305.906182526778,-0.227113895702,42180.970947,418175.510633,147074849.108773,46.662651155,152.935522307,114.816684998,8.687193388,28.687193388,0.238048310,20.000000000,0.271024058,30.000000000,0.005795557219,0.000000000000,0.000000000000,0.000000000000,1.986153226171,0.841946948158,84.194694816
2026-01-08T21:00:00Z,2461049.375000000,320.938249279405,-0.208916901949,42181.282672,425270.750079,147079146.402174,33.217931753,142.494274116,113.323881340,8.687128693,28.687128693,0.234076678,20.000000000,0.271016139,30.000000000,0.114062732048,0.000000000000,0.000000000000,0.000000000000,1.877882645695,0.850562847196,85.056284720
2026-01-08T21:50:00Z,2461049.409722222,333.464771419588,-0.182739703307,42181.524534,429603.382159,147084484.921474,22.150217181,132.117085704,111.961848224,8.687078497,28.687078497,0.231715957,20.000000000,0.271006303,30.000000000,0.239773313674,0.000000000000,0.000000000000,0.000000000000,1.752169421726,0.860566787699,86.056678770
2026-01-08T21:55:00Z,2461049.413194444,334.717413668425,-0.179618684444,42181.547327,429951.016390,147085097.130217,21.049005996,131.035541441,111.821179435,8.687073766,28.687073766,0.231528603,20.000000000,0.271005175,30.000000000,0.252913703922,0.000000000000,0.000000000000,0.000000000000,1.739028782463,0.861612486546,86.161248655
2026-01-08T22:00:00Z,2461049.416666667,335.970054143552,-0.176411737655,42181.569822,430282.587286,147085722.512962,19.948734021,129.948157510,111.679835636,8.687069098,28.687069098,0.231350189,20.000000000,0.271004022,30.000000000,0.266043927179,0.000000000000,0.000000000000,0.000000000000,1.725898313448,0.862657376070,86.265737607
2026-01-08T22:05:00Z,2461049.420138889,337.222692859227,-0.173120395707,42181.592009,430597.989496,147086360.780440,18.849398967,128.855333583,111.537851110,8.687064493,28.687064493,0.231180730,20.000000000,0.271002846,30.000000000,0.279124520797,0.000000000000,0.000000000000,0.000000000000,1.712817477444,0.863698315925,86.369831593
2026-01-08T22:10:00Z,2461049.423611111,338.475329831238,-0.169746231711,42181.613876,430897.123323,147087011.637272,17.751007516,127.757438848,111.395260152,8.687059955,28.687059955,0.231020240,20.000000000,0.271001647,30.000000000,0.292108458618,0.000000000000,0.000000000000,0.000000000000,1.699833300724,0.864731563879,86.473156388
2026-01-08T22:15:00Z,2461049.427083333,339.727965076818,-0.166290858374,42181.635414,431179.894665,147087674.782097,16.653578250,126.654814822,111.252097071,8.687055485,28.687055485,0.230868735,20.000000000,0.271000425,30.000000000,0.304938042226,0.000000000000,0.000000000000,0.000000000000,1.687003481819,0.865752528428,86.575252843
2026-01-08T22:20:00Z,2461049.430555556,340.980598614643,-0.162755927224,42181.656611,431446.215084,147088349.907723,15.557145827,125.547777872,111.108396190,8.687051086,28.687051086,0.230726225,20.000000000,0.270999181,30.000000000,0.317540200988,0.000000000000,0.000000000000,0.000000000000,1.674401091475,0.866755394787,86.675539479
2026-01-08T22:25:00Z,2461049.434027778,342.233230464868,-0.159143127822,42181.677459,431696.001761,147089036.701273,14.461767038,124.436621500,110.964191845,8.687046759,28.687046759,0.230592722,20.000000000,0.270997916,30.000000000,0.329819058166,0.000000000000,0.000000000000,0.000000000000,1.662122006541,0.867732533319,86.773253332
2026-01-08T22:30:00Z,2461049.437500000,343.485860649097,-0.155454186955,42181.697947,431929.177534,147089734.844329,13.367529817,123.321618403,110.819518384,8.687042507,28.687042507,0.230468236,20.000000000,0.270996630,30.000000000,0.341643511344,0.000000000000,0.000000000000,0.000000000000,1.650297329539,0.868673511216,86.867351122
2026-01-08T22:35:00Z,2461049.440972222,344.738489190328,-0.151690867811,42181.718064,432145.670891,147090444.013089,12.274567035,122.203022340,110.674410169,8.687038332,28.687038332,0.230352777,20.000000000,0.270995323,30.000000000,0.352824846370,0.000000000000,0.000000000000,0.000000000000,1.639115774729,0.869563311076,86.956331108
2026-01-08T22:40:00Z,2461049.444444444,345.991116113025,-0.147854969131,42181.737803,432345.415936,147091163.878518,11.183078313,121.081069813,110.528901572,8.687034236,28.687034236,0.230246353,20.000000000,0.270993997,30.000000000,0.363071618608,0.000000000000,0.000000000000,0.000000000000,1.628868786853,0.870378740462,87.037874046
2026-01-08T22:45:00Z,2461049.447916667,347.243741443051,-0.143948324359,42181.757152,432528.352450,147091894.106504,10.093365870,119.955981597,110.383026981,8.687030220,28.687030220,0.230148970,20.000000000,0.270992652,30.000000000,0.371879811394,0.000000000000,0.000000000000,0.000000000000,1.620060382677,0.871079690995,87.107969099
2026-01-08T22:50:00Z,2461049.451388889,348.496365207617,-0.139972800755,42181.776104,432694.425853,147092634.358020,9.005896095,118.827964122,110.236820794,8.687026287,28.687026287,0.230060636,20.000000000,0.270991288,30.000000000,0.378119879326,0.000000000000,0.000000000000,0.000000000000,1.613820107703,0.871576276299,87.157627630
2026-01-08T22:55:00Z,2461049.454861111,349.748987435356,-0.135930298510,42181.794648,432843.587230,147093384.289284,7.921411216,117.697210729,110.090317422,8.687022438,28.687022438,0.229981355,20.000000000,0.270989906,30.000000000,0.378922438992,0.000000000000,0.000000000000,0.000000000000,1.613017345442,0.871640158090,87.164015809
2026-01-08T23:00:00Z,2461049.458333333,351.001608156241,-0.131822749834,42181.812777,432975.793295,147094143.551921,6.841145529,116.563902812,109.943551292,8.687018676,28.687018676,0.229911131,20.000000000,0.270988507,30.000000000,0.378922438992,0.000000000000,0.000000000000,0.000000000000,1.613017147392,0.871640173850,87.164017385
2026-01-08T23:05:00Z,2461049.461805556,352.254227401534,-0.127652118037,42181.830481,433091.006428,147094911.793130,5.767279783,115.428210854,109.796556843,8.687015002,28.687015002,0.229849969,20.000000000,0.270987092,30.000000000,0.378922438992,0.000000000000,0.000000000000,0.000000000000,1.613016953981,0.871640189241,87.164018924
2026-01-08T23:10:00Z,2461049.465277778,353.506845203848,-0.123420396583,42181.847752,433189.194691,147095688.655851,4.704001228,114.290295374,109.649368527,8.687011417,28.687011417,0.229797870,20.000000000,0.270985661,30.000000000,0.378922438992,0.000000000000,0.000000000000,0.000000000000,1.613016765301,0.871640204256,87.164020426
2026-01-08T23:15:00Z,2461049.468750000,354.759461595478,-0.119129608150,42181.864581,433270.331764,147096473.778937,3.660339344,113.150307792,109.502020813,8.687007925,28.687007925,0.229754836,20.000000000,0.270984215,30.000000000,0.378922438992,0.000000000000,0.000000000000,0.000000000000,1.613016581441,0.871640218887,87.164021889
2026-01-08T23:20:00Z,2461049.472222222,356.012076610505,-0.114781803655,42181.880962,433334.396995,147097266.797324,2.659266939,112.008391217,109.354548186,8.687004525,28.687004525,0.229720869,20.000000000,0.270982754,30.000000000,0.378922438992,0.000000000000,0.000000000000,0.000000000000,1.613016402490,0.871640233128,87.164023313
2026-01-08T23:25:00Z,2461049.475694444,357.264690287962,-0.110379061258,42181.896885,433381.375404,147098067.342204,1.774155893,110.864681168,109.206985143,8.687001220,28.687001220,0.229695967,20.000000000,0.270981279,30.000000000,0.378922438992,0.000000000000,0.000000000000,0.000000000000,1.613016228533,0.871640246971,87.164024697
2026-01-08T23:30:00Z,2461049.479166667,358.517302665370,-0.105923485397,42181.912344,433411.257675,147098875.041205,1.274895466,109.719306238,109.059366201,8.686998012,28.686998012,0.229680130,20.000000000,0.270979791,30.000000000,0.378922438992,0.000000000000,0.000000000000,0.000000000000,1.613016059653,0.871640260410,87.164026041
2026-01-08T23:35:00Z,2461049.482638889,359.769913781428,-0.101417205771,42181.927330,433424.040124,147099689.518561,1.582628908,108.572388710,108.911725891,8.686994902,28.686994902,0.229673356,20.000000000,0.270978291,30.000000000,0.378922438992,0.000000000000,0.000000000000,0.000000000000,1.613015895930,0.871640273438,87.164027344
2026-01-08T23:40:00Z,2461049.486111111,1.022523675986,-0.096862376321,42181.941837,433419.724768,147100510.395294,2.405381240,107.424045110,108.764098765,8.686991891,28.686991891,0.229675643,20.000000000,0.270976778,30.000000000,0.378922438992,0.000000000000,0.000000000000,0.000000000000,1.613015737442,0.871640286051,87.164028605
2026-01-08T23:45:00Z,2461049.489583333,2.275132389907,-0.092261174202,42181.955859,433398.319245,147101337.289396,3.386634221,106.274386737,108.616519391,8.686988981,28.686988981,0.229686987,20.000000000,0.270975255,30.000000000,0.378922438992,0.000000000000,0.000000000000,0.000000000000,1.613015584265,0.871640298240,87.164029824
2026-01-08T23:50:00Z,2461049.493055556,3.527739965176,-0.087615798745,42181.969387,433359.836888,147102169.816008,4.422199354,105.123520133,108.469022355,8.686986174,28.686986174,0.229707383,20.000000000,0.270973722,30.000000000,0.378922438992,0.000000000000,0.000000000000,0.000000000000,1.613015436472,0.871640310001,87.164031000
2026-01-08T23:55:00Z,2461049.496527778,4.780346444778,-0.082928470401,42181.982416,433304.296668,147103007.587605,5.481486880,103.971547538,108.321642264,8.686983470,28.686983470,0.229736827,20.000000000,0.270972178,30.000000000,0.378922438992,0.000000000000,0.000000000000,0.000000000000,1.613015294134,0.871640321328,87.164032133
2026-01-09T00:00:00Z,2461049.500000000,6.032951872635,-0.078201429688,42181.994940,433231.723237,147103850.214178,6.553117888,102.818567304,108.174413744,8.686980871,28.686980871,0.229775311,20.000000000,0.270970626,30.000000000,0.378922438992,0.000000000000,0.000000000000,0.000000000000,1.613015157317,0.871640332215,87.164033222
2026-01-09T00:05:00Z,2461049.503472222,7.285556293635,-0.073436936110,42182.006952,433142.146892,147104697.303421,7.632015440,101.664674284,108.027371442,8.686978378,28.686978378,0.229822831,20.000000000,0.270969066,30.000000000,0.378922438992,0.000000000000,0.000000000000,0.000000000000,1.613015026088,0.871640342658,87.164034266
2026-01-09T00:10:00Z,2461049.506944444,8.538159753561,-0.068637267089,42182.018447,433035.603609,147105548.460917,8.715606564,100.509960194,107.880550023,8.686975992,28.686975992,0.229879376,20.000000000,0.270967498,30.000000000,0.378900497514,0.000000000000,0.000000000000,0.000000000000,1.613036841988,0.871638606604,87.163860660
2026-01-09T00:15:00Z,2461049.510416667,9.790762299003,-0.063804716869,42182.029419,432912.135020,147106403.290325,9.802463361,99.354513964,107.733984176,8.686973715,28.686973715,0.229944939,20.000000000,0.270965923,30.000000000,0.373877548992,0.000000000000,0.000000000000,0.000000000000,1.618059670641,0.871238902600,87.123890260
2026-01-09T00:20:00Z,2461049.513888889,11.043363977388,-0.058941595423,42182.039864,432771.788405,147107261.393571,10.891739395,98.198422055,107.587708610,8.686971548,28.686971548,0.230019510,20.000000000,0.270964343,30.000000000,0.365594390937,0.000000000000,0.000000000000,0.000000000000,1.626342714593,0.870579758906,87.057975891
2026-01-09T00:25:00Z,2461049.517361111,12.295964836899,-0.054050227349,42182.049775,432614.616728,147108122.371031,11.982908222,97.041768774,107.441758054,8.686969491,28.686969491,0.230103078,20.000000000,0.270962757,30.000000000,0.355667843996,0.000000000000,0.000000000000,0.000000000000,1.636269153253,0.869789838016,86.978983802
2026-01-09T00:30:00Z,2461049.520833333,13.548564926382,-0.049132950760,42182.059149,432440.678584,147108985.821728,13.075631047,95.884636563,107.296167261,8.686967545,28.686967545,0.230195632,20.000000000,0.270961166,30.000000000,0.344700149691,0.000000000000,0.000000000000,0.000000000000,1.647236745149,0.868917064783,86.891706478
2026-01-09T00:35:00Z,2461049.524305556,14.801164295400,-0.044192116166,42182.067982,432250.038272,147109851.343519,14.169684919,94.727106286,107.150971001,8.686965712,28.686965712,0.230297158,20.000000000,0.270959572,30.000000000,0.333024087916,0.000000000000,0.000000000000,0.000000000000,1.658912710437,0.867987920988,86.798792099
2026-01-09T00:40:00Z,2461049.527777778,16.053762994115,-0.039230085354,42182.076267,432042.765708,147110718.533287,15.264921497,93.569257498,107.006204069,8.686963993,28.686963993,0.230407644,20.000000000,0.270957975,30.000000000,0.320849955676,0.000000000000,0.000000000000,0.000000000000,1.671086752157,0.867019141529,86.701914153
2026-01-09T00:45:00Z,2461049.531250000,17.306361073208,-0.034249230257,42182.084003,431818.936470,147111586.987130,16.361242231,92.411168707,106.861901281,8.686962387,28.686962387,0.230527074,20.000000000,0.270956375,30.000000000,0.308321478543,0.000000000000,0.000000000000,0.000000000000,1.683615144781,0.866022163722,86.602216372
2026-01-09T00:50:00Z,2461049.534722222,18.558958583917,-0.029251931820,42182.091185,431578.631819,147112456.300556,17.458582822,91.252917637,106.718097470,8.686960897,28.686960897,0.230655433,20.000000000,0.270954774,30.000000000,0.295542462726,0.000000000000,0.000000000000,0.000000000000,1.696394082139,0.865005248198,86.500524820
2026-01-09T00:55:00Z,2461049.538194444,19.811555577943,-0.024240578867,42182.097809,431321.938630,147113326.068675,18.556903151,90.094581475,106.574827493,8.686959522,28.686959522,0.230792704,20.000000000,0.270953172,30.000000000,0.282591211527,0.000000000000,0.000000000000,0.000000000000,1.709345260968,0.863974626133,86.397462613
2026-01-09T01:00:00Z,2461049.541666667,21.064152107358,-0.019217566957,42182.103874,431048.949472,147114195.886389,19.656180559,88.936237119,106.432126222,8.686958263,28.686958263,0.230938869,20.000000000,0.270951570,30.000000000,0.269529000538,0.000000000000,0.000000000000,0.000000000000,1.722407405708,0.862935173682,86.293517368
2026-01-09T01:05:00Z,2461049.545138889,22.316748224625,-0.014185297240,42182.109374,430759.762527,147115065.348586,20.756405250,87.777961429,106.290028550,8.686957122,28.686957122,0.231093909,20.000000000,0.270949969,30.000000000,0.256405371364,0.000000000000,0.000000000000,0.000000000000,1.735530974788,0.861890833237,86.189083324
2026-01-09T01:10:00Z,2461049.548611111,23.569343982515,-0.009146175310,42182.114309,430454.481644,147115934.050333,21.857577067,86.619831470,106.148569387,8.686956098,28.686956098,0.231257803,20.000000000,0.270948369,30.000000000,0.243261576550,0.000000000000,0.000000000000,0.000000000000,1.748674715690,0.860844887569,86.084488757
2026-01-09T02:00:00Z,2461049.583333333,36.095293513572,0.041091810403,42182.132153,426543.382586,147124490.669137,32.925020450,75.064160228,104.776784829,8.686952395,28.686952395,0.233378284,20.000000000,0.270932611,30.000000000,0.117126302426,0.000000000000,0.000000000000,0.000000000000,1.874809794880,0.850807376894,85.080737689
2026-01-09T03:00:00Z,2461049.625000000,51.126466890174,0.098598557890,42182.077870,419947.862740,147134048.309637,46.368855151,61.354620740,103.268744459,8.686963660,28.686963660,0.237043643,20.000000000,0.270915011,30.000000000,0.007090142464,0.000000000000,0.000000000000,0.000000000000,1.984846547861,0.842050930315,84.205093031
2026-01-09T04:00:00Z,2461049.666666667,66.157756501714,0.149365760162,42181.944766,411610.640679,147142232.851604,60.046318224,48.052786893,101.967884557,8.686991284,28.686991284,0.241845018,20.000000000,0.270899942,30.000000000,0.000000000000,0.076220215300,0.000000000000,0.000000000000,1.915717929144,0.847552011003,84.755201100
2026-01-09T05:00:00Z,2461049.708333333,81.189229010509,0.189917048543,42181.741973,401991.466749,147148501.838514,74.017322345,35.702120506,100.931798558,8.687033370,28.687033370,0.247632115,20.000000000,0.270888401,30.000000000,0.000000000000,0.229659186383,0.000000000000,0.000000000000,1.762281173514,0.859762120059,85.976212006
2026-01-09T05:05:00Z,2461049.711805556,82.441861481598,0.192742170444,42181.722334,401148.961274,147148923.794995,75.196576165,34.749966603,100.859098052,8.687037446,28.687037446,0.248152203,20.000000000,0.270887624,30.000000000,0.000000000000,0.243090941129,0.000000000000,0.000000000000,1.748849633328,0.860830968066,86.083096807
2026-01-09T05:10:00Z,2461049.715277778,83.694495544670,0.195475189938,42181.702314,400301.766493,147149329.303112,76.378275643,33.814617273,100.788630221,8.687041601,28.687041601,0.248677393,20.000000000,0.270886877,30.000000000,0.000000000000,0.256457496408,0.000000000000,0.000000000000,1.735483296763,0.861894627333,86.189462733
2026-01-09T05:15:00Z,2461049.718750000,84.947131214003,0.198114798914,42181.681923,399450.242495,147149718.178552,77.562447931,32.897526370,100.720421969,8.687045833,28.687045833,0.249207512,20.000000000,0.270886161,30.000000000,0.000000000000,0.269720912889,0.000000000000,0.000000000000,1.722220103044,0.862950078754,86.295007875
2026-01-09T05:20:00Z,2461049.722222222,86.199768502502,0.200659733881,42181.661172,398594.753484,147150090.244900,78.749119458,32.000283617,100.654499618,8.687050139,28.687050139,0.249742380,20.000000000,0.270885476,30.000000000,0.000000000000,0.282841669775,0.000000000000,0.000000000000,1.709099572864,0.863994177371,86.399417737
2026-01-09T05:25:00Z,2461049.725694444,87.452407421773,0.203108776577,42181.640070,397735.667667,147150445.333725,79.938315893,31.124624883,100.590888882,8.687054519,28.687054519,0.250281813,20.000000000,0.270884823,30.000000000,0.000000000000,0.295778431732,0.000000000000,0.000000000000,1.696163041447,0.865023633832,86.502363383
2026-01-09T05:30:00Z,2461049.729166667,88.705047982100,0.205460754549,42181.618627,396873.357112,147150783.284660,81.130062107,30.272441949,100.529614834,8.687058969,28.687058969,0.250825619,20.000000000,0.270884201,30.000000000,0.000000000000,0.308487834510,0.000000000000,0.000000000000,1.683453872933,0.866034997328,86.603499733
2026-01-09T05:35:00Z,2461049.732638889,89.957690192404,0.207714541713,42181.596853,396008.197732,147151103.945477,82.324382132,29.445791197,100.470701876,8.687063488,28.687063488,0.251373601,20.000000000,0.270883610,30.000000000,0.000000000000,0.320924296638,0.000000000000,0.000000000000,1.671017648680,0.867024640609,86.702464061
2026-01-09T05:40:00Z,2461049.736111111,91.210334060353,0.209869058901,42181.574759,395140.569087,147151407.172160,83.521299118,28.646900462,100.414173709,8.687068073,28.687068073,0.251925557,20.000000000,0.270883052,30.000000000,0.000000000000,0.333039889431,0.000000000000,0.000000000000,1.658902297261,0.867988749642,86.798874964
2026-01-09T05:45:00Z,2461049.739583333,92.462979592307,0.211923274367,42181.552355,394270.854328,147151692.828973,84.720835296,27.878173124,100.360053299,8.687072723,28.687072723,0.252481279,20.000000000,0.270882526,30.000000000,0.000000000000,0.344784216280,0.000000000000,0.000000000000,1.647158215169,0.868923314001,86.892331400
2026-01-09T05:50:00Z,2461049.743055556,93.715626793322,0.213876204291,42181.529653,393399.440062,147151960.788527,85.923011930,27.142188233,100.308362844,8.687077434,28.687077434,0.253040551,20.000000000,0.270882033,30.000000000,0.000000000000,0.356104414981,0.000000000000,0.000000000000,1.635838264489,0.869824127054,86.982412705
2026-01-09T05:55:00Z,2461049.746527778,94.968275667241,0.215726913244,42181.506663,392526.716218,147152210.931833,87.127849276,26.441695311,100.259123742,8.687082206,28.687082206,0.253603152,20.000000000,0.270881573,30.000000000,0.000000000000,0.366945234712,0.000000000000,0.000000000000,1.624997695927,0.870686792090,87.068679209
2026-01-09T06:00:00Z,2461049.750000000,96.220926216615,0.217474514639,42181.483395,391653.075930,147152443.148368,88.335366531,25.779602224,100.212356556,8.687087035,28.687087035,0.254168855,20.000000000,0.270881145,30.000000000,0.000000000000,0.377249241049,0.000000000000,0.000000000000,1.614693943784,0.871506738633,87.150673863
2026-01-09T06:05:00Z,2461049.753472222,97.473578442803,0.219118171156,42181.459862,390778.915395,147152657.336121,89.545581793,25.158954455,100.168080977,8.687091919,28.687091919,0.254737427,20.000000000,0.270880751,30.000000000,0.000000000000,0.386957173828,0.000000000000,0.000000000000,1.604986268105,0.872279250918,87.227925092
2026-01-09T06:10:00Z,2461049.756944444,98.726232345962,0.220657095142,42181.436074,389904.633755,147152853.401643,90.758512006,24.582904111,100.126315790,8.687096855,28.687096855,0.255308627,20.000000000,0.270880390,30.000000000,0.000000000000,0.396008485375,0.000000000000,0.000000000000,1.595935216440,0.872999510725,87.299951072
2026-01-09T06:15:00Z,2461049.760416667,99.978887925035,0.222090548992,42181.412043,389030.632917,147153031.260092,91.974172914,24.054667247,100.087078836,8.687101843,28.687101843,0.255882210,20.000000000,0.270880062,30.000000000,0.000000000000,0.404342082503,0.000000000000,0.000000000000,1.587601881851,0.873662656421,87.366265642
2026-01-09T06:20:00Z,2461049.763888889,101.231545177841,0.223417845497,42181.387781,388157.317403,147153190.835274,93.192579010,23.577468627,100.050386980,8.687106878,28.687106878,0.256457924,20.000000000,0.270879769,30.000000000,0.000000000000,0.411897286551,0.000000000000,0.000000000000,1.580046942874,0.874263859362,87.426385936
2026-01-09T06:25:00Z,2461049.767361111,102.484204101065,0.224638348179,42181.363298,387285.094255,147153332.059677,94.413743479,23.154473891,100.016256067,8.687111959,28.687111959,0.257035509,20.000000000,0.270879509,30.000000000,0.000000000000,0.418615010784,0.000000000000,0.000000000000,1.573329486116,0.874798417586,87.479841759
2026-01-09T06:30:00Z,2461049.770833333,103.736864690238,0.225751471597,42181.338606,386414.372775,147153454.874504,95.637678151,22.788710318,99.984700888,8.687117084,28.687117084,0.257614700,20.000000000,0.270879283,30.000000000,0.000000000000,0.424439133597,0.000000000000,0.000000000000,1.567505633057,0.875261865087,87.526186509
2026-01-09T06:35:00Z,2461049.774305556,104.989526939862,0.226756681621,42181.313719,385545.564449,147153559.229702,96.864393438,22.482978893,99.955735139,8.687122249,28.687122249,0.258195226,20.000000000,0.270879091,30.000000000,0.000000000000,0.429318020183,0.000000000000,0.000000000000,1.562627018372,0.875650092909,87.565009291
2026-01-09T06:40:00Z,2461049.777777778,106.242190843378,0.227653495697,42181.288646,384679.082687,147153645.083986,98.093898284,22.239762012,99.929371387,8.687127453,28.687127453,0.258776810,20.000000000,0.270878933,30.000000000,0.000000000000,0.433206117558,0.000000000000,0.000000000000,1.558739194916,0.875959476069,87.595947607
2026-01-09T06:45:00Z,2461049.781250000,107.494856393153,0.228441483077,42181.263401,383815.342724,147153712.404855,99.326200098,22.061132637,99.905621028,8.687132692,28.687132692,0.259359166,20.000000000,0.270878809,30.000000000,0.000000000000,0.436065522349,0.000000000000,0.000000000000,1.555880065931,0.876186998324,87.618699832
2026-01-09T06:50:00Z,2461049.784722222,108.747523580614,0.229120265020,42181.237995,382954.761354,147153761.168613,100.561304704,21.948671801,99.884494245,8.687137965,28.687137965,0.259942006,20.000000000,0.270878719,30.000000000,0.000000000000,0.437867403390,0.000000000000,0.000000000000,1.554078462450,0.876330365374,87.633036537
2026-01-09T06:55:00Z,2461049.788194444,110.000192396214,0.229689514983,42181.212441,382097.756807,147153791.360376,101.799216268,21.903401530,99.865999976,8.687143268,28.687143268,0.260525032,20.000000000,0.270878663,30.000000000,0.000000000000,0.438593157242,0.000000000000,0.000000000000,1.553352987781,0.876388096814,87.638809681
2026-01-09T07:00:00Z,2461049.791666667,111.252862829441,0.230148958773,42181.186750,381244.748499,147153802.974082,103.039937241,21.925739563,99.850145867,8.687148600,28.687148600,0.261107943,20.000000000,0.270878642,30.000000000,0.000000000000,0.438235187968,0.000000000000,0.000000000000,1.553711237727,0.876359588189,87.635958819
2026-01-09T07:05:00Z,2461049.795138889,112.505534868902,0.230498374682,42181.160936,380396.156849,147153796.012491,104.283468289,22.015480411,99.836938237,8.687153958,28.687153958,0.261690429,20.000000000,0.270878655,30.000000000,0.000000000000,0.436797233256,0.000000000000,0.000000000000,1.555149474465,0.876245136946,87.624513695
2026-01-09T07:10:00Z,2461049.798611111,113.758208502359,0.230737593594,42181.135010,379552.403029,147153770.487187,105.529808226,22.171804718,99.826382041,8.687159338,28.687159338,0.262272177,20.000000000,0.270878702,30.000000000,0.000000000000,0.434294203216,0.000000000000,0.000000000000,1.557652787750,0.876045929604,87.604592960
2026-01-09T07:15:00Z,2461049.802083333,115.010883716681,0.230866499065,42181.108985,378713.908830,147153726.418572,106.778953942,22.393315962,99.818480821,8.687164740,28.687164740,0.262852866,20.000000000,0.270878783,30.000000000,0.000000000000,0.430751548580,0.000000000000,0.000000000000,1.561195726714,0.875763991480,87.576399148
2026-01-09T07:20:00Z,2461049.805555556,116.263560497994,0.230885027382,42181.082873,377881.096325,147153663.835853,108.030900329,22.678100741,99.813236681,8.687170159,28.687170159,0.263432172,20.000000000,0.270878898,30.000000000,0.000000000000,0.426204222358,0.000000000000,0.000000000000,1.565743338212,0.875402104055,87.540210406
2026-01-09T07:25:00Z,2461049.809027778,117.516238831644,0.230793167595,42181.056687,377054.387724,147153582.777032,109.285640204,23.023806790,99.810650238,8.687175594,28.687175594,0.264009763,20.000000000,0.270879047,30.000000000,0.000000000000,0.420695334979,0.000000000000,0.000000000000,1.571252511679,0.874963697960,87.496369796
2026-01-09T07:30:00Z,2461049.812500000,118.768918702202,0.230590961524,42181.030440,376234.205096,147153483.288891,110.543164230,23.427731785,99.810720586,8.687181041,28.687181041,0.264585303,20.000000000,0.270879230,30.000000000,0.000000000000,0.414274622311,0.000000000000,0.000000000000,1.577673511109,0.874452731061,87.445273106
2026-01-09T07:35:00Z,2461049.815972222,120.021600093597,0.230278503738,42181.004143,375420.970129,147153365.426959,111.803460830,23.886915852,99.813445265,8.687186499,28.687186499,0.265158450,20.000000000,0.270879447,30.000000000,0.000000000000,0.406996847635,0.000000000000,0.000000000000,1.584951573083,0.873873561291,87.387356129
2026-01-09T07:40:00Z,2461049.819444444,121.274282989090,0.229855941513,42180.977809,374615.103882,147153229.255498,113.066516100,24.398231558,99.818820214,8.687191964,28.687191964,0.265728859,20.000000000,0.270879698,30.000000000,0.000000000000,0.398920245241,0.000000000000,0.000000000000,1.593028463176,0.873230822800,87.323082280
2026-01-09T07:45:00Z,2461049.822916667,122.526967371275,0.229323474765,42180.951452,373817.026508,147153074.847467,114.332313715,24.958466492,99.826839746,8.687197435,28.687197435,0.266296179,20.000000000,0.270879982,30.000000000,0.000000000000,0.390105089997,0.000000000000,0.000000000000,1.601843906381,0.872529312119,87.252931212
2026-01-09T07:50:00Z,2461049.826388889,123.779653222208,0.228681355949,42180.925083,373027.157049,147152902.284488,115.600834829,25.564395186,99.837496504,8.687202907,28.687202907,0.266860054,20.000000000,0.270880300,30.000000000,0.000000000000,0.380612449641,0.000000000000,0.000000000000,1.611336834822,0.871773888876,87.177388888
2026-01-09T07:55:00Z,2461049.829861111,125.032340523350,0.227929889947,42180.898716,372245.913081,147152711.656805,116.872057974,26.212838701,99.850781434,8.687208380,28.687208380,0.267420125,20.000000000,0.270880651,30.000000000,0.000000000000,0.370503149712,0.000000000000,0.000000000000,1.621446422822,0.870969393425,87.096939342
2026-01-09T08:00:00Z,2461049.833333333,126.285029255674,0.227069433922,42180.872363,371473.710535,147152503.063248,118.145958939,26.900711517,99.866683747,8.687213849,28.687213849,0.267976030,20.000000000,0.270881035,30.000000000,0.000000000000,0.359836958255,0.000000000000,0.000000000000,1.632112902199,0.870120581965,87.012058197
2026-01-09T08:05:00Z,2461049.836805556,127.537719399668,0.226100397143,42180.846036,370710.963324,147152276.611180,119.422510658,27.625056371,99.885190893,8.687219313,28.687219313,0.268527402,20.000000000,0.270881452,30.000000000,0.000000000000,0.348671980452,0.000000000000,0.000000000000,1.643278167633,0.869232078373,86.923207837
2026-01-09T08:10:00Z,2461049.840277778,128.790410935341,0.225023240800,42180.819748,369958.083103,147152032.416448,120.701683072,28.383068303,99.906288528,8.687224769,28.687224769,0.269073870,20.000000000,0.270881901,30.000000000,0.000000000000,0.337064242293,0.000000000000,0.000000000000,1.654886192995,0.868308341065,86.830834107
2026-01-09T08:15:00Z,2461049.843750000,130.043103842334,0.223838477775,42180.793512,369215.479012,147151770.603332,121.983442986,29.172109525,99.929960484,8.687230214,28.687230214,0.269615063,20.000000000,0.270882383,30.000000000,0.000000000000,0.325067436655,0.000000000000,0.000000000000,1.666883285273,0.867353642796,86.735364280
2026-01-09T08:20:00Z,2461049.847222222,131.295798099913,0.222546672405,42180.767340,368483.557306,147151491.304479,123.267753916,29.989716800,99.956188749,8.687235646,28.687235646,0.270150606,20.000000000,0.270882897,30.000000000,0.000000000000,0.312732805077,0.000000000000,0.000000000000,1.679218202788,0.866372061248,86.637206125
2026-01-09T08:25:00Z,2461049.850694444,132.548493686942,0.221148440213,42180.741245,367762.721104,147151194.660848,124.554575911,30.833602964,99.984953434,8.687241062,28.687241062,0.270680120,20.000000000,0.270883443,30.000000000,0.000000000000,0.300109117764,0.000000000000,0.000000000000,1.691842175200,0.865367477443,86.536747744
2026-01-09T08:30:00Z,2461049.854166667,133.801190582047,0.219644447611,42180.715239,367053.370082,147150880.821639,125.843865360,31.701654046,100.016232759,8.687246459,28.687246459,0.271203229,20.000000000,0.270884021,30.000000000,0.000000000000,0.287242743242,0.000000000000,0.000000000000,1.704708833847,0.864343581280,86.434358128
2026-01-09T08:35:00Z,2461049.857638889,135.053888763562,0.218035411585,42180.689335,366355.900140,147150549.944221,127.135574778,32.591923239,100.050003027,8.687251836,28.687251836,0.271719550,20.000000000,0.270884630,30.000000000,0.000000000000,0.274177790296,0.000000000000,0.000000000000,1.717774069807,0.863303882838,86.330388284
2026-01-09T08:40:00Z,2461049.861111111,136.306588209559,0.216322099354,42180.663545,365670.703138,147150202.194062,128.429652559,33.502622747,100.086238605,8.687257188,28.687257188,0.272228705,20.000000000,0.270885270,30.000000000,0.000000000000,0.260956270351,0.000000000000,0.000000000000,1.730995871521,0.862251725288,86.225172529
2026-01-09T08:45:00Z,2461049.864583333,137.559288897923,0.214505328005,42180.637881,364998.166491,147149837.744647,129.726042704,34.432114321,100.124911914,8.687262515,28.687262515,0.272730310,20.000000000,0.270885941,30.000000000,0.000000000000,0.247618306105,0.000000000000,0.000000000000,1.744334116153,0.861190301505,86.119030151
2026-01-09T09:00:00Z,2461049.875000000,141.317398193626,0.208443169766,42180.561771,363060.320819,147148646.054254,133.628454377,37.318987543,100.255252928,8.687278311,28.687278311,0.274186028,20.000000000,0.270888135,30.000000000,0.000000000000,0.207283521624,0.000000000000,0.000000000000,1.784669732172,0.857980495169,85.798049517
2026-01-09T10:00:00Z,2461049.916666667,156.349932985922,0.175541714568,42180.276256,356675.668947,147142508.545257,149.392108337,49.859779450,100.972745951,8.687337569,28.687337569,0.279094117,20.000000000,0.270899434,30.000000000,0.000000000000,0.058105194533,0.000000000000,0.000000000000,1.933851178684,0.846109012854,84.610901285
2026-01-09T11:00:00Z,2461049.958333333,171.382595413784,0.130614189676,42180.035383,352866.436001,147134522.356739,165.106473932,63.244533441,101.936383824,8.687387563,28.687387563,0.282106994,20.000000000,0.270914138,30.000000000,0.000000000000,0.000000000000,0.000000000000,0.000000000000,1.991959004944,0.841484938963,84.148493896
2026-01-09T12:00:00Z,2461050.000000000,186.415350938852,0.076733559270,42179.855661,351980.514810,147125245.243884,174.556026234,76.993759297,103.029164538,8.687424865,28.687424865,0.282817052,20.000000000,0.270931221,30.000000000,0.000000000000,0.000000000000,0.000000000000,0.000000000000,1.991960968562,0.841484782704,84.148478270
2026-01-09T13:00:00Z,2461050.041666667,201.448170496389,0.017586422812,42179.749417,354113.235966,147115323.029710,160.844677694,90.883128607,104.115114013,8.687446916,28.687446916,0.281113713,20.000000000,0.270949494,30.000000000,0.000000000000,0.000000000000,0.000000000000,0.000000000000,1.991962129379,0.841484690329,84.148469033
2026-01-09T14:00:00Z,2461050.083333333,216.481028555443,-0.042779278889,42179.723948,359091.922042,147105445.716452,145.059902636,104.765801730,105.060624531,8.687452202,28.687452202,0.277216138,20.000000000,0.270967687,30.000000000,0.000000000000,0.000000000000,0.000000000000,0.000000000000,1.991962407649,0.841484668185,84.148466818
2026-01-09T15:00:00Z,2461050.125000000,231.513898913935,-0.100231365036,42179.781024,366504.294066,147096300.549470,129.382908285,118.490489850,105.754674271,8.687440356,28.687440356,0.271609533,20.000000000,0.270984534,30.000000000,0.000000000000,0.000000000000,0.000000000000,0.000000000000,1.991961784040,0.841484717810,84.148471781
2026-01-09T16:00:00Z,2461050.166666667,246.546750015485,-0.150836339663,42179.916764,375760.585823,147088525.225947,114.031598498,131.814387397,106.121482026,8.687412183,28.687412183,0.264918796,20.000000000,0.270998858,30.000000000,0.000000000000,0.000000000000,0.000000000000,0.000000000000,1.991960300957,0.841484835830,84.148483583
2026-01-09T17:00:00Z,2461050.208333333,261.579541844468,-0.191128752197,42180.121903,386169.855321,147082664.441389,99.076240720,144.200253066,106.123457684,8.687369606,28.687369606,0.257777819,20.000000000,0.271009657,30.000000000,0.000000000000,0.000000000000,0.000000000000,0.000000000000,1.991958059641,0.841485014188,84.148501419
2026-01-09T18:00:00Z,2461050.250000000,276.612226040786,-0.218348529674,42180.382427,397012.030094,147079132.747916,84.530148476,154.186616226,105.756636042,8.687315534,28.687315534,0.250738007,20.000000000,0.271016165,30.000000000,0.000000000000,0.000000000000,0.000000000000,0.000000000000,1.991955213228,0.841485240699,84.148524070
2026-01-09T19:00:00Z,2461050.291666667,291.644749933840,-0.230630007726,42180.680533,407594.956579,147078186.272294,70.374414484,158.139732757,105.042560309,8.687253662,28.687253662,0.244227725,20.000000000,0.271017909,30.000000000,0.000000000000,0.000000000000,0.000000000000,0.000000000000,1.991951956264,0.841485499879,84.148549988
2026-01-09T20:00:00Z,2461050.333333333,306.677064025375,-0.227129701363,42180.995845,417293.913825,147079905.236713,56.574096794,153.226847536,104.019945957,8.687188221,28.687188221,0.238551226,20.000000000,0.271014741,30.000000000,0.000000000000,0.000000000000,0.000000000000,0.000000000000,1.991948511378,0.841485774015,84.148577401
2026-01-09T21:00:00Z,2461050.375000000,321.709131366080,-0.208084067954,42181.306809,425576.122450,147084188.483291,43.094877157,142.818626755,102.737909780,8.687123683,28.687123683,0.233908715,20.000000000,0.271006849,30.000000000,0.026124610684,0.000000000000,0.000000000000,0.000000000000,1.965820503353,0.843564974830,84.356497483
2026-01-09T22:00:00Z,2461050.416666667,336.740936572568,-0.174793331302,42181.592174,432014.515115,147090760.376496,29.935751029,130.272623480,101.251252052,8.687064459,28.687064459,0.230422711,20.000000000,0.270994740,30.000000000,0.149446392533,0.000000000000,0.000000000000,0.000000000000,1.842495603903,0.853378858507,85.337885851
2026-01-09T22:40:00Z,2461050.444444444,346.761999340382,-0.145773206503,42181.758450,435122.451164,147096205.697762,21.406174358,121.400569561,100.174850876,8.687029950,28.687029950,0.228776869,20.000000000,0.270984708,30.000000000,0.248649269925,0.000000000000,0.000000000000,0.000000000000,1.743290909964,0.861273317216,86.127331722
2026-01-09T22:45:00Z,2461050.447916667,348.014624829921,-0.141812884314,42181.777561,435439.864795,147096936.838990,20.362181632,120.274733447,100.036570313,8.687025984,28.687025984,0.228610101,20.000000000,0.270983362,30.000000000,0.261111656784,0.000000000000,0.000000000000,0.000000000000,1.730828314326,0.862265059066,86.226505907
2026-01-09T22:50:00Z,2461050.451388889,349.267248770167,-0.137784707849,42181.796268,435741.114301,147097678.100049,19.325231731,119.145947133,99.897574595,8.687022102,28.687022102,0.228452051,20.000000000,0.270981996,30.000000000,0.273469702052,0.000000000000,0.000000000000,0.000000000000,1.718470064686,0.863248497325,86.324849732
2026-01-09T22:55:00Z,2461050.454861111,350.519871190605,-0.133690600550,42181.814563,436026.104522,147098429.138004,18.296363846,118.014405411,99.757897967,8.687018305,28.687018305,0.228302732,20.000000000,0.270980612,30.000000000,0.285675294603,0.000000000000,0.000000000000,0.000000000000,1.706264272270,0.864219803424,86.421980342
2026-01-09T23:00:00Z,2461050.458333333,351.772492122046,-0.129532517375,42181.832437,436294.745949,147099189.605280,17.276863967,116.880290923,99.617574708,8.687014596,28.687014596,0.228162157,20.000000000,0.270979211,30.000000000,0.297672306393,0.000000000000,0.000000000000,0.000000000000,1.694267065214,0.865174510827,86.517451083
2026-01-09T23:05:00Z,2461050.461805556,353.025111596591,-0.125312443869,42181.849881,436546.954730,147099959.149830,16.268335905,115.743775219,99.476639124,8.687010975,28.687010975,0.228030339,20.000000000,0.270977794,30.000000000,0.309394311133,0.000000000000,0.000000000000,0.000000000000,1.682544869903,0.866107333491,86.610733349
2026-01-09T23:10:00Z,2461050.465277778,354.277729647669,-0.121032395214,42181.866887,436782.652653,147100737.415298,15.272796514,114.605019723,99.335125553,8.687007446,28.687007446,0.227907288,20.000000000,0.270976360,30.000000000,0.320761577834,0.000000000000,0.000000000000,0.000000000000,1.671177417415,0.867011926617,86.701192662
2026-01-09T23:15:00Z,2461050.468750000,355.530346308372,-0.116694415271,42181.883447,437001.767200,147101524.041197,14.292804193,113.464176612,99.193068362,8.687004009,28.687004009,0.227793014,20.000000000,0.270974911,30.000000000,0.331677127361,0.000000000000,0.000000000000,0.000000000000,1.660261686975,0.867880572846,86.788057285
2026-01-09T23:20:00Z,2461050.472222222,356.782961613564,-0.112300575599,42181.899553,437204.231475,147102318.663070,13.331633169,112.321389619,99.050501944,8.687000667,28.687000667,0.227687525,20.000000000,0.270973447,30.000000000,0.342021509842,0.000000000000,0.000000000000,0.000000000000,1.649917128540,0.868703766650,86.870376665
2026-01-09T23:25:00Z,2461050.475694444,358.035575603063,-0.107852974456,42181.915197,437389.984252,147103120.912674,12.393510142,111.176794765,98.907460721,8.686997420,28.686997420,0.227590829,20.000000000,0.270971970,30.000000000,0.351645787788,0.000000000000,0.000000000000,0.000000000000,1.640292679684,0.869469655955,86.946965596
2026-01-09T23:30:00Z,2461050.479166667,359.288188315175,-0.103353735814,42181.930372,437558.970001,147103930.418148,11.483934065,110.030521038,98.763979141,8.686994271,28.686994271,0.227502933,20.000000000,0.270970478,30.000000000,0.360361767541,0.000000000000,0.000000000000,0.000000000000,1.631576534146,0.870163264779,87.016326478
2026-01-09T23:35:00Z,2461050.482638889,0.540799789309,-0.098805008342,42181.945071,437711.138792,147104746.804190,10.610101574,108.882691011,98.620091680,8.686991220,28.686991220,0.227423842,20.000000000,0.270968975,30.000000000,0.367926970014,0.000000000000,0.000000000000,0.000000000000,1.624011171091,0.870765297242,87.076529724
2026-01-09T23:40:00Z,2461050.486111111,1.793410066028,-0.094208964373,42181.959287,437846.446441,147105569.692239,9.781453570,107.733421412,98.475832837,8.686988270,28.686988270,0.227353561,20.000000000,0.270967459,30.000000000,0.374014495936,0.000000000000,0.000000000000,0.000000000000,1.617923489869,0.871249739521,87.124973952
2026-01-09T23:45:00Z,2461050.489583333,3.046019186948,-0.089567798876,42181.973012,437964.854364,147106398.700653,9.010327734,106.582823651,98.331237142,8.686985421,28.686985421,0.227292093,20.000000000,0.270965932,30.000000000,0.378103125205,0.000000000000,0.000000000000,0.000000000000,1.613834710655,0.871575114233,87.157511423
2026-01-09T23:50:00Z,2461050.493055556,4.298627194700,-0.084883728400,42181.986241,438066.329668,147107233.444889,8.312618675,105.431004306,98.186339149,8.686982676,28.686982676,0.227239442,20.000000000,0.270964394,30.000000000,0.378922438992,0.000000000000,0.000000000000,0.000000000000,1.613015252347,0.871640324653,87.164032465
2026-01-09T23:55:00Z,2461050.496527778,5.551234132919,-0.080158990019,42181.998967,438150.845140,147108073.537689,7.708170407,104.278065576,98.041173438,8.686980035,28.686980035,0.227195609,20.000000000,0.270962847,30.000000000,0.378922438992,0.000000000000,0.000000000000,0.000000000000,1.613015113323,0.871640335716,87.164033572
2026-01-10T00:00:00Z,2461050.500000000,6.803840046211,-0.075395840265,42182.011183,438218.379210,147108918.589262,7.220339797,103.124105701,97.895774616,8.686977500,28.686977500,0.227160596,20.000000000,0.270961290,30.000000000,0.378922438992,0.000000000000,0.000000000000,0.000000000000,1.613014979860,0.871640346337,87.164034634
2026-01-10T00:05:00Z,2461050.503472222,8.056444980049,-0.070596554047,42182.022885,438268.915994,147109768.207469,6.873915934,101.969219356,97.750177318,8.686975071,28.686975071,0.227134402,20.000000000,0.270959725,30.000000000,0.378922438992,0.000000000000,0.000000000000,0.000000000000,1.613014852021,0.871640356510,87.164035651
2026-01-10T00:10:00Z,2461050.506944444,9.309048980801,-0.065763423572,42182.034067,438302.445282,147110621.998013,6.690837246,100.813498017,97.604416205,8.686972751,28.686972751,0.227117026,20.000000000,0.270958153,30.000000000,0.378922438992,0.000000000000,0.000000000000,0.000000000000,1.613014729869,0.871640366231,87.164036623
2026-01-10T00:15:00Z,2461050.510416667,10.561652095661,-0.060898757241,42182.044722,438318.962501,147111479.564621,6.684501053,99.657030311,97.458525964,8.686970539,28.686970539,0.227108468,20.000000000,0.270956573,30.000000000,0.378922438992,0.000000000000,0.000000000000,0.000000000000,1.613014613460,0.871640375494,87.164037549
2026-01-10T00:20:00Z,2461050.513888889,11.814254372562,-0.056004878556,42182.054847,438318.468778,147112340.509234,6.855384781,98.499902339,97.312541312,8.686968438,28.686968438,0.227108724,20.000000000,0.270954987,30.000000000,0.378922438992,0.000000000000,0.000000000000,0.000000000000,1.613014502851,0.871640384296,87.164038430
2026-01-10T00:25:00Z,2461050.517361111,13.066855860203,-0.051084125005,42182.064436,438300.970882,147113204.432201,7.190875816,97.342197986,97.166496993,8.686966448,28.686966448,0.227117790,20.000000000,0.270953396,30.000000000,0.378922438992,0.000000000000,0.000000000000,0.000000000000,1.613014398094,0.871640392632,87.164039263
2026-01-10T00:30:00Z,2461050.520833333,14.319456607961,-0.046138846950,42182.073485,438266.481288,147114070.932462,7.669434013,96.183999219,97.020427779,8.686964570,28.686964570,0.227135664,20.000000000,0.270951800,30.000000000,0.378922438992,0.000000000000,0.000000000000,0.000000000000,1.613014299239,0.871640400499,87.164040050
2026-01-10T00:35:00Z,2461050.524305556,15.572056665817,-0.041171406502,42182.081989,438215.018090,147114939.607741,8.266297632,95.025386368,96.874368471,8.686962805,28.686962805,0.227162338,20.000000000,0.270950200,30.000000000,0.378922438992,0.000000000000,0.000000000000,0.000000000000,1.613014206334,0.871640407892,87.164040789
2026-01-10T00:40:00Z,2461050.527777778,16.824656084356,-0.036184176393,42182.089945,438146.605067,147115810.054742,8.957912904,93.866438399,96.728353901,8.686961154,28.686961154,0.227197808,20.000000000,0.270948597,30.000000000,0.378292227010,0.000000000000,0.000000000000,0.000000000000,1.613644331404,0.871590264132,87.159026413
2026-01-10T00:45:00Z,2461050.531250000,18.077254914716,-0.031179538847,42182.097348,438061.271670,147116681.869330,9.724158510,92.707233176,96.582418927,8.686959618,28.686959618,0.227242066,20.000000000,0.270946992,30.000000000,0.374381958543,0.000000000000,0.000000000000,0.000000000000,1.617554518993,0.871279101291,87.127910129
2026-01-10T00:50:00Z,2461050.534722222,19.329853208463,-0.026159884441,42182.104195,437959.053015,147117554.646736,10.548868543,91.547847716,96.436598440,8.686958197,28.686958197,0.227295104,20.000000000,0.270945384,30.000000000,0.368418449808,0.000000000000,0.000000000000,0.000000000000,1.623517952924,0.870804546297,87.080454630
2026-01-10T00:55:00Z,2461050.538194444,20.582451017651,-0.021127610962,42182.110484,437839.989863,147118427.981738,11.419475542,90.388358444,96.290927358,8.686956892,28.686956892,0.227356913,20.000000000,0.270943776,30.000000000,0.360950137505,0.000000000000,0.000000000000,0.000000000000,1.630986196531,0.870210242354,87.021024235
2026-01-10T01:00:00Z,2461050.541666667,21.835048394661,-0.016085122264,42182.116210,437704.128649,147119301.468859,12.326357068,89.228841436,96.145440633,8.686955703,28.686955703,0.227427484,20.000000000,0.270942167,30.000000000,0.352312068043,0.000000000000,0.000000000000,0.000000000000,1.639624203439,0.869522851605,86.952285160
2026-01-10T01:05:00Z,2461050.545138889,23.087645392243,-0.011034827121,42182.121371,437551.521451,147120174.702560,13.262177866,88.069372667,96.000173245,8.686954632,28.686954632,0.227506806,20.000000000,0.270940559,30.000000000,0.342751357455,0.000000000000,0.000000000000,0.000000000000,1.649184857644,0.868762038917,86.876203892
2026-01-10T01:10:00Z,2461050.548611111,24.340242063422,-0.005979138077,42182.125964,437382.226026,147121047.277431,14.221334688,86.910028252,95.855160206,8.686953679,28.686953679,0.227594866,20.000000000,0.270938952,30.000000000,0.332459414481,0.000000000000,0.000000000000,0.000000000000,1.659476750432,0.867943036111,86.794303611
2026-01-10T01:15:00Z,2461050.552083333,25.592838461388,-0.000920470290,42182.129989,437196.305772,147121918.788382,15.199522666,85.750884694,95.710436557,8.686952844,28.686952844,0.227691653,20.000000000,0.270937347,30.000000000,0.321587550984,0.000000000000,0.000000000000,0.000000000000,1.670348569965,0.867077884202,86.707788420
2026-01-10T01:20:00Z,2461050.555555556,26.845434639563,0.004138759612,42182.133442,436993.829751,147122788.830839,16.193408821,84.592019132,95.566037372,8.686952127,28.686952127,0.227797151,20.000000000,0.270935745,30.000000000,0.310257008184,0.000000000000,0.000000000000,0.000000000000,1.681679075045,0.866176231256,86.617623126
2026-01-10T01:25:00Z,2461050.559027778,28.098030651456,0.009196134693,42182.136321,436774.872659,147123657.000935,17.200390303,83.433509591,95.421997754,8.686951530,28.686951530,0.227911348,20.000000000,0.270934146,30.000000000,0.298566127830,0.000000000000,0.000000000000,0.000000000000,1.693369923938,0.865245903061,86.524590306
2026-01-10T01:30:00Z,2461050.562500000,29.350626550622,0.014249238859,42182.138627,436539.514837,147124522.895698,18.218416323,82.275435239,95.278352838,8.686951051,28.686951051,0.228034225,20.000000000,0.270932551,30.000000000,0.286595681083,0.000000000000,0.000000000000,0.000000000000,1.705340345500,0.864293327180,86.429332718
2026-01-10T01:35:00Z,2461050.565972222,30.603222390644,0.019295658012,42182.140357,436287.842304,147125386.113249,19.245856881,81.117876655,95.135137786,8.686950692,28.686950692,0.228165768,20.000000000,0.270930962,30.000000000,0.274412888943,0.000000000000,0.000000000000,0.000000000000,1.717523118742,0.863323852889,86.332385289
2026-01-10T01:40:00Z,2461050.569444444,31.855818225070,0.024332981203,42182.141510,436019.946677,147126246.252987,20.281405552,79.960916104,94.992387792,8.686950453,28.686950453,0.228305956,20.000000000,0.270929378,30.000000000,0.262074485691,0.000000000000,0.000000000000,0.000000000000,1.729861509392,0.862341994958,86.234199496
2026-01-10T01:45:00Z,2461050.572916667,33.108414107295,0.029358801783,42182.142087,435735.925238,147127102.915782,21.324006997,78.804637818,94.850138079,8.686950333,28.686950333,0.228454771,20.000000000,0.270927800,30.000000000,0.249629042655,0.000000000000,0.000000000000,0.000000000000,1.742306946128,0.861351618570,86.135161857
2026-01-10T02:00:00Z,2461050.583333333,36.866202572579,0.044343269960,42182.140355,434788.163246,147129648.077234,24.486285748,75.340774801,94.426743261,8.686950693,28.686950693,0.228952765,20.000000000,0.270923114,30.000000000,0.212049515832,0.000000000000,0.000000000000,0.000000000000,1.779886491875,0.858361133338,85.836113334
2026-01-10T03:00:00Z,2461050.625000000,51.897393501229,0.101755694917,42182.081992,429623.845501,147139270.892383,37.463075791,61.609656313,92.800451388,8.686962805,28.686962805,0.231704920,20.000000000,0.270905395,30.000000000,0.072129636236,0.000000000000,0.000000000000,0.000000000000,1.919807009058,0.847226612363,84.722661236
2026-01-10T04:00:00Z,2461050.666666667,66.928704919721,0.152223806702,42181.945140,422480.713712,147147531.774713,50.781903391,48.274903842,91.327707534,8.686991206,28.686991206,0.235622514,20.000000000,0.270890186,30.000000000,0.000000000000,0.073916475918,0.000000000000,0.000000000000,1.918021664434,0.847368685574,84.736868557
2026-01-10T05:00:00Z,2461050.708333333,81.960202430535,0.192293167293,42181.739188,413741.927016,147153885.320091,64.398824407,35.865680617,90.069135163,8.687033948,28.687033948,0.240599208,20.000000000,0.270878490,30.000000000,0.000000000000,0.227370297344,0.000000000000,0.000000000000,1.764570092989,0.859579973634,85.957997363
2026-01-10T05:05:00Z,2461050.711805556,83.212837087281,0.195070856991,42181.719318,412956.327947,147154314.587051,65.547528293,34.906597979,89.975773207,8.687038072,28.687038072,0.241056921,20.000000000,0.270877700,30.000000000,0.000000000000,0.240869058497,0.000000000000,0.000000000000,1.751071548906,0.860654153642,86.065415364
2026-01-10T05:10:00Z,2461050.715277778,84.465473347780,0.197755426068,42181.699074,412163.319156,147154727.436360,66.698456881,33.963883876,89.884337300,8.687042273,28.687042273,0.241520721,20.000000000,0.270876940,30.000000000,0.000000000000,0.254313341453,0.000000000000,0.000000000000,1.737627487111,0.861723998087,86.172399809
2026-01-10T05:15:00Z,2461050.718750000,85.718111225480,0.200345589716,42181.678465,411363.222063,147155123.681517,67.851627784,33.038959889,89.794859403,8.687046550,28.687046550,0.241990479,20.000000000,0.270876211,30.000000000,0.000000000000,0.267665556479,0.000000000000,0.000000000000,1.724275497233,0.862786515682,86.278651568
2026-01-10T05:20:00Z,2461050.722222222,86.970750732417,0.202840108185,42181.657502,410556.362713,147155503.143911,69.007058597,32.133382114,89.707371140,8.687050901,28.687050901,0.242466062,20.000000000,0.270875512,30.000000000,0.000000000000,0.280886569909,0.000000000000,0.000000000000,1.711054712829,0.863838592276,86.383859228
2026-01-10T05:25:00Z,2461050.725694444,88.223391879356,0.205237787382,42181.636193,409743.071711,147155865.652899,70.164766809,31.248851818,89.621903781,8.687055323,28.687055323,0.242947331,20.000000000,0.270874845,30.000000000,0.000000000000,0.293935461934,0.000000000000,0.000000000000,1.698006053597,0.864876971585,86.487697159
2026-01-10T05:30:00Z,2461050.729166667,89.476034675721,0.207537479435,42181.614550,408923.684117,147156211.045894,71.324769724,30.387225751,89.538488222,8.687059815,28.687059815,0.243434144,20.000000000,0.270874209,30.000000000,0.000000000000,0.306769300632,0.000000000000,0.000000000000,1.685172451351,0.865898237203,86.589823720
2026-01-10T05:35:00Z,2461050.732638889,90.728679129580,0.209738083247,42181.592582,408098.539422,147156539.168435,72.487084375,29.550525585,89.457154957,8.687064374,28.687064374,0.243926352,20.000000000,0.270873605,30.000000000,0.000000000000,0.319342937562,0.000000000000,0.000000000000,1.672599054416,0.866898796339,86.689879634
2026-01-10T05:40:00Z,2461050.736111111,91.981325247759,0.211838545024,42181.570300,407267.981450,147156849.874262,73.651727451,28.740945785,89.377934057,8.687068998,28.687068998,0.244423804,20.000000000,0.270873033,30.000000000,0.000000000000,0.331608860578,0.000000000000,0.000000000000,1.660333374824,0.867874868108,86.787486811
2026-01-10T05:45:00Z,2461050.739583333,93.233973035779,0.213837858778,42181.547715,406432.358275,147157143.025391,74.818715213,27.960858987,89.300855145,8.687073686,28.687073686,0.244926341,20.000000000,0.270872494,30.000000000,0.000000000000,0.343517047774,0.000000000000,0.000000000000,1.648425434366,0.868822471901,86.882247190
2026-01-10T05:50:00Z,2461050.743055556,94.486622497862,0.215735066809,42181.524838,405592.022165,147157418.492173,75.988063427,27.212817777,89.225947369,8.687078434,28.687078434,0.245433801,20.000000000,0.270871987,30.000000000,0.000000000000,0.355014940135,0.000000000000,0.000000000000,1.636927791936,0.869737425214,86.973742521
2026-01-10T05:55:00Z,2461050.746527778,95.739273637006,0.217529260165,42181.501680,404747.329448,147157676.153356,77.159787280,26.499551467,89.153239377,8.687083240,28.687083240,0.245946016,20.000000000,0.270871512,30.000000000,0.000000000000,0.366047483479,0.000000000000,0.000000000000,1.625895501599,0.870615346985,87.061534698
2026-01-10T06:00:00Z,2461050.750000000,96.991926454984,0.219219579077,42181.478251,403898.640435,147157915.896147,78.333901308,25.823956311,89.082759290,8.687088102,28.687088102,0.246462811,20.000000000,0.270871071,30.000000000,0.000000000000,0.376557292178,0.000000000000,0.000000000000,1.615385948861,0.871451670619,87.145167062
2026-01-10T06:05:00Z,2461050.753472222,98.244580952303,0.220805213371,42181.454563,403046.319375,147158137.616261,79.510419322,25.189077417,89.014534670,8.687093018,28.687093018,0.246984009,20.000000000,0.270870663,30.000000000,0.000000000000,0.386484960797,0.000000000000,0.000000000000,1.605458539034,0.872241668792,87.224166879
2026-01-10T06:10:00Z,2461050.756944444,99.497237128329,0.222285402858,42181.430627,402190.734278,147158341.217974,80.689354330,24.598080592,88.948592499,8.687097986,28.687097986,0.247509424,20.000000000,0.270870288,30.000000000,0.000000000000,0.395769552905,0.000000000000,0.000000000000,1.596174208426,0.872980492347,87.298049235
2026-01-10T06:15:00Z,2461050.760416667,100.749894981249,0.223659437697,42181.406454,401332.256879,147158526.614166,81.870718463,24.054212541,88.884959139,8.687103003,28.687103003,0.248038867,20.000000000,0.270869947,30.000000000,0.000000000000,0.404349293454,0.000000000000,0.000000000000,1.587594731960,0.873663225391,87.366322539
2026-01-10T06:20:00Z,2461050.763888889,102.002554508063,0.224926658735,42181.382057,400471.262461,147158693.726361,83.054522893,23.560748265,88.823660311,8.687108066,28.687108066,0.248572142,20.000000000,0.270869639,30.000000000,0.000000000000,0.412162483376,0.000000000000,0.000000000000,1.579781808577,0.874284958079,87.428495808
2026-01-10T06:25:00Z,2461050.767361111,103.255215704694,0.226086457828,42181.357447,399608.129794,147158842.484770,84.240777759,23.120925308,88.764721055,8.687113174,28.687113174,0.249109048,20.000000000,0.270869365,30.000000000,0.000000000000,0.419148641398,0.000000000000,0.000000000000,1.572795919423,0.874840877475,87.484087747
2026-01-10T06:30:00Z,2461050.770833333,104.507878565969,0.227138278127,42181.332635,398743.241015,147158972.828317,85.429492084,22.737865660,88.708165706,8.687118323,28.687118323,0.249649379,20.000000000,0.270869126,30.000000000,0.000000000000,0.425249858097,0.000000000000,0.000000000000,1.566694973791,0.875326375302,87.532637530
2026-01-10T06:35:00Z,2461050.774305556,105.760543085598,0.228081614350,42181.307634,397876.981458,147159084.704676,86.620673693,22.414487624,88.654017855,8.687123512,28.687123512,0.250192920,20.000000000,0.270868920,30.000000000,0.000000000000,0.430412321518,0.000000000000,0.000000000000,1.561532783509,0.875737169352,87.573716935
2026-01-10T06:40:00Z,2461050.777777778,107.013209256312,0.228916013023,42181.282456,397009.739579,147159178.070286,87.814329127,22.153411652,88.602300316,8.687128737,28.687128737,0.250739453,20.000000000,0.270868748,30.000000000,0.000000000000,0.434587944754,0.000000000000,0.000000000000,1.557357435351,0.876069433002,87.606943300
2026-01-10T06:45:00Z,2461050.781250000,108.265877069807,0.229641072700,42181.257112,396141.906802,147159252.890382,89.010463559,21.956865808,88.553035095,8.687133997,28.687133997,0.251288755,20.000000000,0.270868610,30.000000000,0.000000000000,0.437735997868,0.000000000000,0.000000000000,1.554209659123,0.876319925075,87.631992507
2026-01-10T06:50:00Z,2461050.784722222,109.518546516786,0.230256444154,42181.231614,395273.877343,147159309.139005,90.209080701,21.826597771,88.506243352,8.687139289,28.687139289,0.251840593,20.000000000,0.270868507,30.000000000,0.000000000000,0.439824625210,0.000000000000,0.000000000000,1.552121310342,0.876486110590,87.648611059
2026-01-10T06:55:00Z,2461050.788194444,110.771217587029,0.230761830548,42181.205976,394406.048153,147159346.799017,91.410182709,21.763800821,88.461945365,8.687144610,28.687144610,0.252394733,20.000000000,0.270868437,30.000000000,0.000000000000,0.440832120552,0.000000000000,0.000000000000,1.551114095105,0.876566262232,87.656626223
2026-01-10T07:00:00Z,2461050.791666667,112.023890269400,0.231156987576,42181.180208,393538.818658,147159365.862106,92.613770092,21.769060750,88.420160494,8.687149958,28.687149958,0.252950931,20.000000000,0.270868402,30.000000000,0.000000000000,0.440747841171,0.000000000000,0.000000000000,1.551198655998,0.876559533090,87.655953309
2026-01-10T07:05:00Z,2461050.795138889,113.276564551843,0.231441723584,42181.154324,392672.590691,147159366.328795,93.819841605,21.842329038,88.380907147,8.687155330,28.687155330,0.253508940,20.000000000,0.270868401,30.000000000,0.000000000000,0.439572669534,0.000000000000,0.000000000000,1.552374110421,0.876465993399,87.646599340
2026-01-10T07:10:00Z,2461050.798611111,114.529240421499,0.231615899662,42181.128336,391807.768307,147159348.208441,95.028394143,21.982925106,88.344202736,8.687160724,28.687160724,0.254068504,20.000000000,0.270868435,30.000000000,0.000000000000,0.437318974548,0.000000000000,0.000000000000,1.554628089332,0.876286627457,87.628662746
2026-01-10T07:15:00Z,2461050.802083333,115.781917864684,0.231679429712,42181.102256,390944.757592,147159311.519226,96.239422635,22.189567407,88.310063645,8.687166136,28.687166136,0.254629364,20.000000000,0.270868502,30.000000000,0.000000000000,0.434010076462,0.000000000000,0.000000000000,1.557937272345,0.876023291040,87.602329104
2026-01-10T07:20:00Z,2461050.805555556,117.034596866892,0.231632280489,42181.076097,390083.966495,147159256.288151,97.452919925,22.460430112,88.278505190,8.687171565,28.687171565,0.255191254,20.000000000,0.270868604,30.000000000,0.000000000000,0.429679270865,0.000000000000,0.000000000000,1.562268363735,0.875678633738,87.567863374
2026-01-10T07:25:00Z,2461050.809027778,118.287277412939,0.231474471623,42181.049871,389225.804689,147159182.551029,98.668876646,22.793219733,88.249541576,8.687177008,28.687177008,0.255753901,20.000000000,0.270868740,30.000000000,0.000000000000,0.424368508494,0.000000000000,0.000000000000,1.567579412630,0.875255993895,87.525599390
2026-01-10T07:30:00Z,2461050.812500000,119.539959486863,0.231206075608,42181.023591,388370.683347,147159090.352459,99.887281096,23.185264596,88.223185865,8.687182462,28.687182462,0.256317028,20.000000000,0.270868909,30.000000000,0.000000000000,0.418126852260,0.000000000000,0.000000000000,1.573821355978,0.874759275826,87.475927583
2026-01-10T07:35:00Z,2461050.815972222,120.792643072067,0.230827217769,42180.997270,387519.014956,147158979.745809,101.108119099,23.633609741,88.199449929,8.687187925,28.687187925,0.256880352,20.000000000,0.270869113,30.000000000,0.000000000000,0.411008838816,0.000000000000,0.000000000000,1.580939656993,0.874192819430,87.419281943
2026-01-10T07:40:00Z,2461050.819444444,122.045328151322,0.230338076205,42180.970919,386671.213097,147158850.793195,102.331373857,24.135110487,88.178344416,8.687193394,28.687193394,0.257443582,20.000000000,0.270869350,30.000000000,0.000000000000,0.403072860989,0.000000000000,0.000000000000,1.588875922708,0.873561271471,87.356127147
2026-01-10T07:45:00Z,2461050.822916667,123.298014706749,0.229738881706,42180.944552,385827.692334,147158703.565443,103.557025796,24.686519245,88.159878707,8.687198867,28.687198867,0.258006425,20.000000000,0.270869621,30.000000000,0.000000000000,0.394379664716,0.000000000000,0.000000000000,1.597569407049,0.872869465968,87.286946597
2026-01-10T07:50:00Z,2461050.826388889,124.550702719953,0.229029917642,42180.918181,384988.867893,147158538.142064,104.785052401,25.284561833,88.144060880,8.687204340,28.687204340,0.258568581,20.000000000,0.270869926,30.000000000,0.000000000000,0.384991025584,0.000000000000,0.000000000000,1.606958334290,0.872122318878,87.212231888
2026-01-10T07:55:00Z,2461050.829861111,125.803392171984,0.228211519833,42180.891819,384155.155513,147158354.611210,106.015428039,25.926001236,88.130897663,8.687209811,28.687209811,0.259129743,20.000000000,0.270870263,30.000000000,0.000000000000,0.374968641425,0.000000000000,0.000000000000,1.616981006462,0.871324739968,87.132473997
2026-01-10T08:00:00Z,2461050.833333333,127.056083043389,0.227284076385,42180.865478,383326.971201,147158153.069638,107.248123763,26.607688201,88.120394404,8.687215278,28.687215278,0.259689601,20.000000000,0.270870634,30.000000000,0.000000000000,0.364373252489,0.000000000000,0.000000000000,1.627576683178,0.870481562806,87.048156281
2026-01-10T08:05:00Z,2461050.836805556,128.308775314263,0.226248027511,42180.839172,382504.730999,147157933.622660,108.483107111,27.326599172,88.112555024,8.687220738,28.687220738,0.260247839,20.000000000,0.270871038,30.000000000,0.000000000000,0.353263981699,0.000000000000,0.000000000000,1.638686241377,0.869597492254,86.959749225
2026-01-10T08:10:00Z,2461050.840277778,129.561468964307,0.225103865321,42180.812912,381688.850790,147157696.384095,109.720341882,28.079862791,88.107381981,8.687226188,28.687226188,0.260804136,20.000000000,0.270871475,30.000000000,0.000000000000,0.341697874799,0.000000000000,0.000000000000,1.650252635176,0.868677067881,86.867706788
2026-01-10T08:15:00Z,2461050.843750000,130.814163972769,0.223852133588,42180.786711,380879.745999,147157441.476214,110.959787888,28.864776602,88.104876231,8.687231626,28.687231626,0.261358168,20.000000000,0.270871944,30.000000000,0.000000000000,0.329729613274,0.000000000000,0.000000000000,1.662221182955,0.867724641110,86.772464111
2026-01-10T08:20:00Z,2461050.847222222,132.066860318599,0.222493427487,42180.760582,380077.831403,147157169.029686,112.201400699,29.678815732,88.105037192,8.687237049,28.687237049,0.261909603,20.000000000,0.270872446,30.000000000,0.000000000000,0.317411370750,0.000000000000,0.000000000000,1.674539710949,0.866744363799,86.674436380
2026-01-10T08:25:00Z,2461050.850694444,133.319557980420,0.221028393319,42180.734537,379283.520847,147156879.183509,113.445131347,30.519635240,88.107862703,8.687242454,28.687242454,0.262458108,20.000000000,0.270872979,30.000000000,0.000000000000,0.304792785869,0.000000000000,0.000000000000,1.687158580380,0.865740186076,86.574018608
2026-01-10T08:30:00Z,2461050.854166667,134.572256936543,0.219457728196,42180.708589,378497.226986,147156572.084953,114.690926013,31.385067722,88.113348990,8.687247839,28.687247839,0.263003345,20.000000000,0.270873545,30.000000000,0.000000000000,0.291921003150,0.000000000000,0.000000000000,1.700030646594,0.864715859593,86.471585959
2026-01-10T08:35:00Z,2461050.857638889,135.824957165049,0.217782179716,42180.682750,377719.361057,147156247.889484,115.938725678,32.273117474,88.121490630,8.687253202,28.687253202,0.263544972,20.000000000,0.270874141,30.000000000,0.000000000000,0.278840827388,0.000000000000,0.000000000000,1.713111104659,0.863674949814,86.367494981
2026-01-10T08:40:00Z,2461050.861111111,137.077658643820,0.216002545602,42180.657032,376950.332560,147155906.760692,117.188465738,33.181952337,88.132280516,8.687258540,28.687258540,0.264082642,20.000000000,0.270874769,30.000000000,0.000000000000,0.265594876351,0.000000000000,0.000000000000,1.726357336671,0.862620848163,86.262084816
2026-01-10T08:45:00Z,2461050.864583333,138.330361350497,0.214119673326,42180.631449,376190.549031,147155548.870216,118.440075577,34.109894081,88.145709822,8.687263850,28.687263850,0.264616008,20.000000000,0.270875428,30.000000000,0.000000000000,0.252223790283,0.000000000000,0.000000000000,1.739728702255,0.861556788699,86.155678870
2026-01-10T08:50:00Z,2461050.868055556,139.583065262631,0.212134459705,42180.606011,375440.415747,147155174.397659,119.693478092,35.055408015,88.161767975,8.687269129,28.687269129,0.265144717,20.000000000,0.270876117,30.000000000,0.000000000000,0.238766460811,0.000000000000,0.000000000000,1.753186309647,0.860485866329,86.048586633
2026-01-10T09:00:00Z,2461050.875000000,142.088476612755,0.207860839827,42180.555622,373970.707998,147154376.464034,122.205317071,36.993667444,88.201719598,8.687279587,28.687279587,0.266186745,20.000000000,0.270877586,30.000000000,0.000000000000,0.211741372128,0.000000000000,0.000000000000,1.780211948854,0.858335234294,85.833523429
2026-01-10T10:00:00Z,2461050.916666667,157.121033902789,0.174211198069,42180.271866,366170.906189,147148309.404319,137.364581213,49.535044640,88.652295362,8.687338480,28.687338480,0.271856827,20.000000000,0.270888755,30.000000000,0.000000000000,0.061253274852,0.000000000000,0.000000000000,1.930703146330,0.846359525309,84.635952531
2026-01-10T11:00:00Z,2461050.958333333,172.153716677928,0.128632787013,42180.033654,360555.949178,147140381.146095,152.350001543,62.928370392,89.422620270,8.687387922,28.687387922,0.276090501,20.000000000,0.270903351,30.000000000,0.000000000000,0.000000000000,0.000000000000,0.000000000000,1.991959023826,0.841484937461,84.148493746
2026-01-10T12:00:00Z,2461051.000000000,187.186490646765,0.074240057155,42179.857312,357607.409975,147131147.728481,165.418560812,76.688802060,90.423734222,8.687424522,28.687424522,0.278366936,20.000000000,0.270920352,30.000000000,0.000000000000,0.000000000000,0.000000000000,0.000000000000,1.991960950517,0.841484784140,84.148478414
2026-01-10T13:00:00Z,2461051.041666667,202.219327073028,0.014751398447,42179.754933,357592.546697,147121254.224201,166.563732880,90.591381088,91.534602095,8.687445772,28.687445772,0.278378506,20.000000000,0.270938571,30.000000000,0.000000000000,0.000000000000,0.000000000000,0.000000000000,1.991962069115,0.841484695124,84.148469512
2026-01-10T14:00:00Z,2461051.083333333,217.252200663819,-0.045765144452,42179.733546,360522.820917,147111390.902336,154.144020198,104.490274033,92.618750340,8.687450211,28.687450211,0.276115871,20.000000000,0.270956737,30.000000000,0.000000000000,0.000000000000,0.000000000000,0.000000000000,1.991962302790,0.841484676529,84.148467653
2026-01-10T15:00:00Z,2461051.125000000,232.285085254344,-0.103170161623,42179.794638,366152.386980,147102246.274364,139.275724291,118.236743176,93.545576714,8.687437530,28.687437530,0.271870577,20.000000000,0.270973581,30.000000000,0.000000000000,0.000000000000,0.000000000000,0.000000000000,1.991961635291,0.841484729647,84.148472965
2026-01-10T16:00:00Z,2461051.166666667,247.317949107351,-0.153536117449,42179.934053,374017.071181,147094460.216802,124.161588419,131.593726569,94.209185997,8.687408594,28.687408594,0.266153748,20.000000000,0.270987924,30.000000000,0.000000000000,0.000000000000,0.000000000000,0.000000000000,1.991960112057,0.841484850862,84.148485086
2026-01-10T17:00:00Z,2461051.208333333,262.350751887656,-0.193416141384,42180.142271,383500.612007,147088580.369178,109.240936422,144.038214166,94.539235381,8.687365378,28.687365378,0.259572018,20.000000000,0.270998757,30.000000000,0.000000000000,0.000000000000,0.000000000000,0.000000000000,1.991957837106,0.841485031897,84.148503190
2026-01-10T18:00:00Z,2461051.250000000,277.383444928962,-0.220079954246,42180.405064,393908.999673,147085024.791350,94.653954256,154.143627596,94.502604336,8.687310835,28.687310835,0.252713216,20.000000000,0.271005308,30.000000000,0.000000000000,0.000000000000,0.000000000000,0.000000000000,1.991954965907,0.841485260380,84.148526038
2026-01-10T19:00:00Z,2461051.291666667,292.415975446416,-0.231700761519,42180.704471,404537.094433,147084053.441800,80.445161752,158.298091525,94.098401250,8.687248694,28.687248694,0.246073833,20.000000000,0.271007098,30.000000000,0.000000000000,0.000000000000,0.000000000000,0.000000000000,1.991951694730,0.841485520692,84.148552069
2026-01-10T20:00:00Z,2461051.333333333,307.448294170579,-0.227480307516,42181.020025,414719.596100,147085750.436365,66.620053908,153.521873192,93.350033950,8.687183203,28.687183203,0.240032011,20.000000000,0.271003971,30.000000000,0.000000000000,0.000000000000,0.000000000000,0.000000000000,1.991948247204,0.841485795037,84.148579504
2026-01-10T21:00:00Z,2461051.375000000,322.480364799100,-0.207703533334,42181.330153,423865.518381,147090018.306404,53.177268118,143.145207260,92.297288640,8.687118838,28.687118838,0.234852711,20.000000000,0.270996108,30.000000000,0.000000000000,0.000000000000,0.000000000000,0.000000000000,1.991944859007,0.841486064661,84.148606466
2026-01-10T22:00:00Z,2461051.416666667,337.512172984585,-0.173719122121,42181.613657,431479.210829,147096584.648967,40.149413656,130.597900790,90.989947132,8.687060000,28.687060000,0.230708581,20.000000000,0.270984010,30.000000000,0.048533975923,0.000000000000,0.000000000000,0.000000000000,1.943407785809,0.845348522223,84.534852222
2026-01-10T23:00:00Z,2461051.458333333,352.543732494646,-0.127847305669,42181.851161,437172.011261,147105020.708156,27.714954340,117.196469307,89.483343652,8.687010710,28.687010710,0.227704306,20.000000000,0.270968470,30.000000000,0.174489914012,0.000000000000,0.000000000000,0.000000000000,1.817449253035,0.855371983780,85.537198378
2026-01-10T23:55:00Z,2461051.496527778,6.322480138648,-0.078019764370,42182.014531,440465.335543,147113923.250078,17.532886923,104.583670984,87.976901587,8.686976805,28.686976805,0.226001770,20.000000000,0.270952072,30.000000000,0.294670794132,0.000000000000,0.000000000000,0.000000000000,1.697266588148,0.864935816376,86.493581638
2026-01-11T00:00:00Z,2461051.500000000,7.575086692975,-0.073221287456,42182.026437,440668.090910,147114770.607170,16.734330782,103.428675165,87.835653411,8.686974334,28.686974334,0.225897784,20.000000000,0.270950512,30.000000000,0.303999312566,0.000000000000,0.000000000000,0.000000000000,1.687937939648,0.865678166636,86.567816664
2026-01-11T00:05:00Z,2461051.503472222,8.827692292040,-0.068387735314,42182.037824,440854.410377,147115622.634410,15.971010057,102.272740220,87.693838954,8.686971971,28.686971971,0.225802312,20.000000000,0.270948942,30.000000000,0.312813138322,0.000000000000,0.000000000000,0.000000000000,1.679123989488,0.866379558504,86.637955850
2026-01-11T00:10:00Z,2461051.506944444,10.080296982716,-0.063521414562,42182.048688,441024.237547,147116478.937609,15.248100331,101.115957339,87.551493023,8.686969716,28.686969716,0.225715361,20.000000000,0.270947365,30.000000000,0.321039894458,0.000000000000,0.000000000000,0.000000000000,1.670897114668,0.867034232401,86.703423240
2026-01-11T00:15:00Z,2461051.510416667,11.332900812740,-0.058624647492,42182.059023,441177.521603,147117339.120555,14.571505636,99.958414802,87.408650466,8.686967571,28.686967571,0.225636937,20.000000000,0.270945781,30.000000000,0.328605368117,0.000000000000,0.000000000000,0.000000000000,1.663331528102,0.867636282651,86.763628265
2026-01-11T00:20:00Z,2461051.513888889,12.585503830579,-0.053699770966,42182.068825,441314.217366,147118202.785200,13.947862110,98.800198305,87.265346167,8.686965537,28.686965537,0.225567046,20.000000000,0.270944191,30.000000000,0.335436227160,0.000000000000,0.000000000000,0.000000000000,1.656500561983,0.868179873663,86.817987366
2026-01-11T00:25:00Z,2461051.517361111,13.838106085378,-0.048749135299,42182.078088,441434.285259,147119069.531851,13.384475135,97.641391275,87.121615048,8.686963615,28.686963615,0.225505693,20.000000000,0.270942594,30.000000000,0.341463714210,0.000000000000,0.000000000000,0.000000000000,1.650472973739,0.868659533895,86.865953389
2026-01-11T00:30:00Z,2461051.520833333,15.090707626991,-0.043775103139,42182.086808,441537.691344,147119938.959360,12.889158505,96.482075164,86.977492070,8.686961805,28.686961805,0.225452880,20.000000000,0.270940993,30.000000000,0.346628017471,0.000000000000,0.000000000000,0.000000000000,1.645308575214,0.869070503672,86.907050367
2026-01-11T00:35:00Z,2461051.524305556,16.343308505827,-0.038780048338,42182.094981,441624.407280,147120810.665314,12.469945613,95.322329734,86.833012230,8.686960109,28.686960109,0.225408611,20.000000000,0.270939388,30.000000000,0.350882525284,0.000000000000,0.000000000000,0.000000000000,1.641053978113,0.869409073751,86.940907375
2026-01-11T00:40:00Z,2461051.527777778,17.595908772892,-0.033766354822,42182.102603,441694.410357,147121684.246226,12.134656308,94.162233326,86.688210563,8.686958527,28.686958527,0.225372886,20.000000000,0.270937779,30.000000000,0.354196644340,0.000000000000,0.000000000000,0.000000000000,1.637739775787,0.869672809593,86.967280959
2026-01-11T00:45:00Z,2461051.531250000,18.848508479699,-0.028736415451,42182.109671,441747.683464,147122559.297726,11.890333725,93.001863125,86.543122142,8.686957060,28.686957060,0.225345707,20.000000000,0.270936167,30.000000000,0.356555679346,0.000000000000,0.000000000000,0.000000000000,1.635380663568,0.869860541778,86.986054178
2026-01-11T00:50:00Z,2461051.534722222,20.101107678177,-0.023692630882,42182.116181,441784.215140,147123435.414756,11.742611235,91.841295415,86.397782075,8.686955709,28.686955709,0.225327073,20.000000000,0.270934554,30.000000000,0.357956968672,0.000000000000,0.000000000000,0.000000000000,1.633979303123,0.869972058499,86.997205850
2026-01-11T00:55:00Z,2461051.538194444,21.353706420703,-0.018637408418,42182.122130,441803.999512,147124312.191759,11.695116844,90.680605829,86.252225511,8.686954475,28.686954475,0.225316982,20.000000000,0.270932939,30.000000000,0.358403254107,0.000000000000,0.000000000000,0.000000000000,1.633532952699,0.870007577937,87.000757794
2026-01-11T01:00:00Z,2461051.541666667,22.606304760006,-0.013573160864,42182.127515,441807.036338,147125189.222873,11.749046314,89.519869593,86.106487635,8.686953357,28.686953357,0.225315433,20.000000000,0.270931324,30.000000000,0.357896314176,0.000000000000,0.000000000000,0.000000000000,1.634039833798,0.869967241621,86.996724162
2026-01-11T01:05:00Z,2461051.545138889,23.858902749071,-0.008502305377,42182.132334,441793.330972,147126066.102124,11.903014559,88.359161770,85.960603669,8.686952357,28.686952357,0.225322423,20.000000000,0.270929710,30.000000000,0.356434435603,0.000000000000,0.000000000000,0.000000000000,1.635501659727,0.869850913210,86.985091321
2026-01-11T01:10:00Z,2461051.548611111,25.111500441162,-0.003427262307,42182.136584,441762.894412,147126942.423620,12.153226224,87.198557502,85.814608875,8.686951475,28.686951475,0.225337948,20.000000000,0.270928096,30.000000000,0.354015266204,0.000000000000,0.000000000000,0.000000000000,1.637920782694,0.869658405521,86.965840552
2026-01-11T01:15:00Z,2461051.552083333,26.364097889753,0.001649545952,42182.140264,441715.743247,147127817.781741,12.493918659,86.038132254,85.668538553,8.686950711,28.686950711,0.225362002,20.000000000,0.270926484,30.000000000,0.350642305331,0.000000000000,0.000000000000,0.000000000000,1.641293703370,0.869389997022,86.938999702
2026-01-11T01:20:00Z,2461051.555555556,27.616695148408,0.006725696120,42182.143371,441651.899671,147128691.771334,12.917964541,84.877962055,85.522428044,8.686950067,28.686950067,0.225394579,20.000000000,0.270924874,30.000000000,0.346331415894,0.000000000000,0.000000000000,0.000000000000,1.645604558861,0.869046950041,86.904695004
2026-01-11T01:25:00Z,2461051.559027778,28.869292270806,0.011798765185,42182.145904,441571.391507,147129563.987904,13.417503206,83.718123749,85.376312725,8.686949541,28.686949541,0.225435674,20.000000000,0.270923268,30.000000000,0.341114440541,0.000000000000,0.000000000000,0.000000000000,1.650821506540,0.868631798536,86.863179854
2026-01-11T01:30:00Z,2461051.562500000,30.121889310677,0.016866331563,42182.147862,441474.252176,147130434.027807,13.984496211,82.558695249,85.230228016,8.686949134,28.686949134,0.225485278,20.000000000,0.270921666,30.000000000,0.335039087149,0.000000000000,0.000000000000,0.000000000000,1.656896838538,0.868148338977,86.814833898
2026-01-11T01:35:00Z,2461051.565972222,31.374486321675,0.021925976248,42182.149245,441360.520681,147131301.488440,14.611150437,81.399755797,85.084209376,8.686948848,28.686948848,0.225543382,20.000000000,0.270920069,30.000000000,0.328165970200,0.000000000000,0.000000000000,0.000000000000,1.663769940386,0.867601394910,86.760139491
2026-01-11T01:40:00Z,2461051.569444444,32.627083357424,0.026975283970,42182.150050,441230.241674,147132165.968436,15.290197169,80.241386230,84.938292303,8.686948680,28.686948680,0.225609977,20.000000000,0.270918477,30.000000000,0.320564318132,0.000000000000,0.000000000000,0.000000000000,1.671371583653,0.866996475359,86.699647536
2026-01-11T01:45:00Z,2461051.572916667,33.879680471413,0.032011844345,42182.150279,441083.465361,147133027.067848,16.015044962,79.083669267,84.792512340,8.686948633,28.686948633,0.225685052,20.000000000,0.270916892,30.000000000,0.312307635299,0.000000000000,0.000000000000,0.000000000000,1.679628263988,0.866339429615,86.633942961
2026-01-11T01:50:00Z,2461051.576388889,35.132277716914,0.037033253026,42182.149931,440920.247570,147133884.388347,16.779836781,77.926689794,84.646905067,8.686948705,28.686948705,0.225768595,20.000000000,0.270915313,30.000000000,0.303470073922,0.000000000000,0.000000000000,0.000000000000,1.688465829171,0.865636158523,86.563615852
2026-01-11T01:55:00Z,2461051.579861111,36.384875147006,0.042037112851,42182.149005,440740.649725,147134737.533404,17.579442648,76.770535179,84.501506106,8.686948897,28.686948897,0.225860594,20.000000000,0.270913742,30.000000000,0.294123789058,0.000000000000,0.000000000000,0.000000000000,1.697812124145,0.864892404001,86.489240400
2026-01-11T02:00:00Z,2461051.583333333,37.637472814475,0.047021034983,42182.147503,440544.738816,147135586.108481,18.409413778,75.615295585,84.356351124,8.686949209,28.686949209,0.225961036,20.000000000,0.270912180,30.000000000,0.284337244545,0.000000000000,0.000000000000,0.000000000000,1.707598685065,0.864113614227,86.411361423
2026-01-11T03:00:00Z,2461051.625000000,52.668681935952,0.104419727424,42182.085058,436953.391416,147145272.465934,29.762349230,61.862145560,82.646559368,8.686962168,28.686962168,0.227818233,20.000000000,0.270894346,30.000000000,0.151372096373,0.000000000000,0.000000000000,0.000000000000,1.840564515427,0.853532529645,85.353252965
2026-01-11T04:00:00Z,2461051.666666667,67.700015438466,0.154698720350,42181.944475,431220.788759,147153607.971637,42.286386300,48.494117293,81.039237573,8.686991344,28.686991344,0.230846841,20.000000000,0.270879001,30.000000000,0.031855916746,0.071663196800,0.000000000000,0.000000000000,1.888419034076,0.849724388049,84.972438805
2026-01-11T05:00:00Z,2461051.708333333,82.731538003079,0.194419332102,42181.735396,423648.573922,147160044.279364,55.329818247,36.026243199,79.597000533,8.687034735,28.687034735,0.234972976,20.000000000,0.270867153,30.000000000,0.000000000000,0.225128716116,0.000000000000,0.000000000000,1.766811715642,0.859401590971,85.940159097
2026-01-11T05:05:00Z,2461051.711805556,83.984174844162,0.197161505799,42181.715300,422946.659183,147160480.703871,56.434527283,35.060247156,79.486222025,8.687038906,28.687038906,0.235362936,20.000000000,0.270866350,30.000000000,0.000000000000,0.238694158172,0.000000000000,0.000000000000,1.753246493128,0.860481077080,86.048107708
2026-01-11T05:10:00Z,2461051.715277778,85.236813300304,0.199809644895,42181.694836,422235.040949,147160900.740973,57.541767334,34.110188399,79.377057433,8.687043153,28.687043153,0.235759609,20.000000000,0.270865577,30.000000000,0.000000000000,0.252215783472,0.000000000000,0.000000000000,1.739725091398,0.861557076042,86.155707604
2026-01-11T05:15:00Z,2461051.718750000,86.489453384141,0.202362483067,42181.674012,421513.996009,147161304.201992,58.651512926,33.177456415,79.269541992,8.687047474,28.687047474,0.236162904,20.000000000,0.270864834,30.000000000,0.000000000000,0.265656346475,0.000000000000,0.000000000000,1.726284755885,0.862626623958,86.262662396
2026-01-11T05:20:00Z,2461051.722222222,87.742095106977,0.204818799443,42181.652840,420783.806095,147161690.906127,59.763741717,32.263573777,79.163710778,8.687051868,28.687051868,0.236572722,20.000000000,0.270864123,30.000000000,0.000000000000,0.278977097057,0.000000000000,0.000000000000,1.712964236606,0.863686637202,86.368663720
2026-01-11T05:25:00Z,2461051.725694444,88.994738478741,0.207177419188,42181.631329,420044.757809,147162060.680537,60.878434142,31.370207146,79.059598688,8.687056333,28.687056333,0.236988962,20.000000000,0.270863442,30.000000000,0.000000000000,0.292137529612,0.000000000000,0.000000000000,1.699804039056,0.864733892448,86.473389245
2026-01-11T05:30:00Z,2461051.729166667,90.247383508076,0.209437214066,42181.609490,419297.142549,147162413.360419,61.995573092,30.499178090,78.957240427,8.687060865,28.687060865,0.237411521,20.000000000,0.270862793,30.000000000,0.000000000000,0.305095146019,0.000000000000,0.000000000000,1.686846661243,0.865765007813,86.576500781
2026-01-11T05:35:00Z,2461051.732638889,91.500030202307,0.211597102978,42181.587332,418541.256511,147162748.789089,63.115143613,29.652473236,78.856670492,8.687065464,28.687065464,0.237840289,20.000000000,0.270862175,30.000000000,0.000000000000,0.317805236281,0.000000000000,0.000000000000,1.674136813050,0.866776425395,86.677642540
2026-01-11T05:40:00Z,2461051.736111111,92.752678567433,0.213656052483,42181.564867,417777.400575,147163066.818056,64.237132641,28.832253101,78.757923153,8.687070126,28.687070126,0.238275154,20.000000000,0.270861590,30.000000000,0.000000000000,0.330220713818,0.000000000000,0.000000000000,1.661721580941,0.867764398175,86.776439818
2026-01-11T05:45:00Z,2461051.739583333,94.005328608194,0.215613077288,42181.542105,417005.880327,147163367.307093,65.361528742,28.040858720,78.661032436,8.687074850,28.687074850,0.238715999,20.000000000,0.270861037,30.000000000,0.000000000000,0.342291946355,0.000000000000,0.000000000000,1.649650597074,0.868724976551,86.872497655
2026-01-11T05:50:00Z,2461051.743055556,95.257980328073,0.217467240724,42181.519058,416227.005922,147163650.124305,66.488321886,27.280815008,78.566032105,8.687079633,28.687079633,0.239162704,20.000000000,0.270860516,30.000000000,0.000000000000,0.353966698807,0.000000000000,0.000000000000,1.637976096415,0.869654003795,86.965400379
2026-01-11T05:55:00Z,2461051.746527778,96.510633729253,0.219217655191,42181.495736,415441.092067,147163915.146186,67.617503226,26.554829477,78.472955640,8.687084473,28.687084473,0.239615145,20.000000000,0.270860029,30.000000000,0.000000000000,0.365190141223,0.000000000000,0.000000000000,1.626752908795,0.870547116688,87.054711669
2026-01-11T06:00:00Z,2461051.750000000,97.763288812746,0.220863482588,42181.472150,414648.457975,147164162.257684,68.749064896,25.865784764,78.381836220,8.687089368,28.687089368,0.240073191,20.000000000,0.270859574,30.000000000,0.000000000000,0.375904971661,0.000000000000,0.000000000000,1.616038336033,0.871399755297,87.139975530
2026-01-11T06:05:00Z,2461051.753472222,99.015945578327,0.222403934708,42181.448311,413849.427242,147164391.352251,69.882999819,25.216723174,78.292706698,8.687094316,28.687094316,0.240536710,20.000000000,0.270859152,30.000000000,0.000000000000,0.386051681628,0.000000000000,0.000000000000,1.605891886500,0.872207184096,87.220718410
2026-01-11T06:10:00Z,2461051.756944444,100.268604024573,0.223838273620,42181.424232,413044.327847,147164602.331897,71.019301526,24.610821407,78.205599585,8.687099313,28.687099313,0.241005563,20.000000000,0.270858764,30.000000000,0.000000000000,0.395568994788,0.000000000000,0.000000000000,1.596374836405,0.872964526879,87.296452688
2026-01-11T06:15:00Z,2461051.760416667,101.521264148918,0.225165812025,42181.399923,412233.492015,147164795.107234,72.157963989,24.051353715,78.120547020,8.687104358,28.687104358,0.241479608,20.000000000,0.270858409,30.000000000,0.000000000000,0.404394508127,0.000000000000,0.000000000000,1.587549588639,0.873666817782,87.366681778
2026-01-11T06:20:00Z,2461051.763888889,102.773925947668,0.226385913578,42181.375397,411417.256162,147164969.597520,73.298981448,23.541642101,78.037580748,8.687109448,28.687109448,0.241958697,20.000000000,0.270858088,30.000000000,0.000000000000,0.412465558371,0.000000000000,0.000000000000,1.579478806347,0.874309070230,87.430907023
2026-01-11T06:25:00Z,2461051.767361111,104.026589415969,0.227497993200,42181.350664,410595.960851,147165125.730696,74.442348264,23.084992870,77.956732101,8.687114581,28.687114581,0.242442678,20.000000000,0.270857801,30.000000000,0.000000000000,0.419720324289,0.000000000000,0.000000000000,1.572224310633,0.874886364657,87.488636466
2026-01-11T06:30:00Z,2461051.770833333,105.279254547931,0.228501517358,42181.325737,409769.950645,147165263.443422,75.588058758,22.684619964,77.878031966,8.687119755,28.687119755,0.242931395,20.000000000,0.270857547,30.000000000,0.000000000000,0.426099156551,0.000000000000,0.000000000000,1.565845750699,0.875393954328,87.539395433
2026-01-11T06:35:00Z,2461051.774305556,106.531921336597,0.229396004319,42181.300628,408939.574090,147165382.681106,76.736107069,22.343556968,77.801510761,8.687124966,28.687124966,0.243424684,20.000000000,0.270857328,30.000000000,0.000000000000,0.431546101534,0.000000000000,0.000000000000,1.560399080034,0.875827386608,87.582738661
2026-01-11T06:40:00Z,2461051.777777778,107.784589773959,0.230181024382,42181.275349,408105.183546,147165483.397929,77.886487010,22.064561416,77.727198408,8.687130212,28.687130212,0.243922381,20.000000000,0.270857142,30.000000000,0.000000000000,0.436010555658,0.000000000000,0.000000000000,1.555934902089,0.876182634602,87.618263460
2026-01-11T06:45:00Z,2461051.781250000,109.037259851040,0.230856200085,42181.249911,407267.135169,147165565.556870,79.039191921,21.850016843,77.655124305,8.687135492,28.687135492,0.244424312,20.000000000,0.270856991,30.000000000,0.000000000000,0.439448956498,0.000000000000,0.000000000000,1.552496779157,0.876456231731,87.645623173
2026-01-11T06:50:00Z,2461051.784722222,110.289931557869,0.231421206389,42181.224328,406425.788761,147165629.129719,80.194214536,21.701839480,77.585317297,8.687140801,28.687140801,0.244930300,20.000000000,0.270856874,30.000000000,0.000000000000,0.441826391768,0.000000000000,0.000000000000,1.550119623391,0.876645399777,87.664539978
2026-01-11T06:55:00Z,2461051.788194444,111.542604883564,0.231875770831,42181.198610,405581.507657,147165674.097095,81.351546840,21.621397309,77.517805643,8.687146139,28.687146139,0.245440164,20.000000000,0.270856791,30.000000000,0.000000000000,0.443117993766,0.000000000000,0.000000000000,1.548828302358,0.876748159840,87.674815984
2026-01-11T07:00:00Z,2461051.791666667,112.795279816353,0.232219673659,42181.172771,404734.658679,147165700.448454,82.511179932,21.609448996,77.452616991,8.687151501,28.687151501,0.245953715,20.000000000,0.270856743,30.000000000,0.000000000000,0.443309990681,0.000000000000,0.000000000000,1.548636587736,0.876763416004,87.676341600
2026-01-11T07:05:00Z,2461051.795138889,114.047956343540,0.232452747936,42181.146823,403885.611968,147165708.182091,83.673103886,21.666108843,77.389778343,8.687156887,28.687156887,0.246470761,20.000000000,0.270856729,30.000000000,0.000000000000,0.442400309814,0.000000000000,0.000000000000,1.549546552090,0.876691003342,87.669100334
2026-01-11T07:10:00Z,2461051.798611111,115.300634451655,0.232574879622,42181.120779,403034.740884,147165697.305146,84.837307611,21.790841436,77.329316024,8.687162292,28.687162292,0.246991104,20.000000000,0.270856749,30.000000000,0.000000000000,0.440398669567,0.000000000000,0.000000000000,1.551548476879,0.876531695229,87.653169523
2026-01-11T07:15:00Z,2461051.802083333,116.553314126416,0.232586007633,42181.094650,402182.421882,147165667.833598,86.003778708,21.982486588,77.271255645,8.687167715,28.687167715,0.247514539,20.000000000,0.270856803,30.000000000,0.000000000000,0.437326150390,0.000000000000,0.000000000000,1.554621281520,0.876287169205,87.628716921
2026-01-11T07:20:00Z,2461051.805555556,117.805995352732,0.232486123867,42181.068449,401329.034389,147165619.792256,87.172503325,22.239311899,77.215622074,8.687173153,28.687173153,0.248040859,20.000000000,0.270856891,30.000000000,0.000000000000,0.433214290056,0.000000000000,0.000000000000,1.558733428102,0.875959934978,87.595993498
2026-01-11T07:25:00Z,2461051.809027778,119.058678114837,0.232275273212,42181.042189,400474.960677,147165553.214750,88.343466012,22.559087563,77.162439400,8.687178603,28.687178603,0.248569847,20.000000000,0.270857014,30.000000000,0.000000000000,0.428103795419,0.000000000000,0.000000000000,1.563844209634,0.875553231906,87.555323191
2026-01-11T07:30:00Z,2461051.812500000,120.311362396254,0.231953553526,42181.015883,399620.585703,147165468.143515,89.516649566,22.939176235,77.111730895,8.687184062,28.687184062,0.249101284,20.000000000,0.270857170,30.000000000,0.000000000000,0.422042993253,0.000000000000,0.000000000000,1.569905299205,0.875070905723,87.507090572
2026-01-11T07:35:00Z,2461051.815972222,121.564048179825,0.231521115592,42180.989542,398766.297023,147165364.629771,90.692034874,23.376630203,77.063518980,8.687189529,28.687189529,0.249634944,20.000000000,0.270857361,30.000000000,0.000000000000,0.415086153444,0.000000000000,0.000000000000,1.576862426792,0.874517275100,87.451727510
2026-01-11T07:40:00Z,2461051.819444444,122.816735447801,0.230978163047,42180.963180,397912.484558,147165242.733497,91.869600751,23.868288565,77.017825188,8.687195000,28.687195000,0.250170597,20.000000000,0.270857585,30.000000000,0.000000000000,0.407291809780,0.000000000000,0.000000000000,1.584657058469,0.873896998020,87.389699802
2026-01-11T07:45:00Z,2461051.822916667,124.069424181842,0.230324952287,42180.936809,397059.540522,147165102.523404,93.049323771,24.410868417,76.974670125,8.687200474,28.687200474,0.250708004,20.000000000,0.270857843,30.000000000,0.000000000000,0.398721181832,0.000000000000,0.000000000000,1.593227974527,0.873214946191,87.321494619
2026-01-11T07:50:00Z,2461051.826388889,125.322114363031,0.229561792347,42180.910442,396207.859235,147164944.076904,94.231178090,25.001045780,76.934073434,8.687205946,28.687205946,0.251246925,20.000000000,0.270858135,30.000000000,0.000000000000,0.389436772112,0.000000000000,0.000000000000,1.602512672315,0.872476093417,87.247609342
2026-01-11T07:55:00Z,2461051.829861111,126.574805971975,0.228689044751,42180.884091,395357.836949,147164767.480070,95.415135259,25.635523778,76.896053754,8.687211415,28.687211415,0.251787111,20.000000000,0.270858460,30.000000000,0.000000000000,0.379501182199,0.000000000000,0.000000000000,1.612448550120,0.871685421384,87.168542138
2026-01-11T08:00:00Z,2461051.833333333,127.827498988802,0.227707123348,42180.857769,394509.871685,147164572.827600,96.601164030,26.311087178,76.860628683,8.687216878,28.687216878,0.252328310,20.000000000,0.270858818,30.000000000,0.000000000000,0.368976164314,0.000000000000,0.000000000000,1.622973855579,0.870847844188,87.084784419
2026-01-11T08:05:00Z,2461051.836805556,129.080193393161,0.226616494108,42180.831489,393664.363084,147164360.222767,97.789230150,27.024643634,76.827814738,8.687222332,28.687222332,0.252870262,20.000000000,0.270859209,30.000000000,0.000000000000,0.357921903588,0.000000000000,0.000000000000,1.634028403425,0.869968151221,86.996815122
2026-01-11T08:10:00Z,2461051.840277778,130.332889164327,0.225417674907,42180.805263,392821.712186,147164129.777376,98.979296142,27.773252814,76.797627312,8.687227775,28.687227775,0.253412703,20.000000000,0.270859634,30.000000000,0.000000000000,0.346396511729,0.000000000000,0.000000000000,1.645554081813,0.869050966877,86.905096688
2026-01-11T08:15:00Z,2461051.843750000,131.585586281225,0.224111235279,42180.779104,391982.321274,147163881.611705,100.171321076,28.554145080,76.770080637,8.687233204,28.687233204,0.253955364,20.000000000,0.270860090,30.000000000,0.000000000000,0.334455704559,0.000000000000,0.000000000000,1.657495174785,0.868100724891,86.810072489
2026-01-11T08:20:00Z,2461051.847222222,132.838284722389,0.222697796144,42180.753023,391146.593673,147163615.854454,101.365260316,29.364731549,76.745187743,8.687238617,28.687238617,0.254497972,20.000000000,0.270860580,30.000000000,0.000000000000,0.322152632740,0.000000000000,0.000000000000,1.669798531540,0.867121654869,86.712165487
2026-01-11T08:25:00Z,2461051.850694444,134.090984466096,0.221178029517,42180.727035,390314.933573,147163332.642679,102.561065264,30.202607340,76.722960417,8.687244011,28.687244011,0.255040244,20.000000000,0.270861101,30.000000000,0.000000000000,0.309537838964,0.000000000000,0.000000000000,1.682413609250,0.866117778881,86.611777888
2026-01-11T08:30:00Z,2461051.854166667,135.343685490370,0.219552658185,42180.701151,389487.745792,147163032.121731,103.758683068,31.065549684,76.703409160,8.687249383,28.687249383,0.255581898,20.000000000,0.270861654,30.000000000,0.000000000000,0.296659286943,0.000000000000,0.000000000000,1.695292444068,0.865092913770,86.509291377
2026-01-11T08:35:00Z,2461051.857638889,136.596387772948,0.217822455366,42180.675383,388665.435578,147162714.445186,104.958056323,31.951512292,76.686543150,8.687254731,28.687254731,0.256122644,20.000000000,0.270862239,30.000000000,0.000000000000,0.283562507958,0.000000000000,0.000000000000,1.708389504577,0.864050682810,86.405068281
2026-01-11T08:40:00Z,2461051.861111111,137.849091291419,0.215988244337,42180.649744,387848.408437,147162379.774772,106.159122742,32.858617194,76.672370198,8.687260053,28.687260053,0.256662186,20.000000000,0.270862855,30.000000000,0.000000000000,0.270290756307,0.000000000000,0.000000000000,1.721661536346,0.862994528080,86.299452808
2026-01-11T08:45:00Z,2461051.864583333,139.101796023201,0.214050898049,42180.624246,387037.069836,147162028.280293,107.361814797,33.785144962,76.660896707,8.687265345,28.687265345,0.257200226,20.000000000,0.270863502,30.000000000,0.000000000000,0.256885216460,0.000000000000,0.000000000000,1.735067354770,0.861927726946,86.192772695
2026-01-11T08:50:00Z,2461051.868055556,140.354501945537,0.212011338705,42180.598901,386231.825068,147161660.139548,108.566059339,34.729524067,76.652127637,8.687270605,28.687270605,0.257736459,20.000000000,0.270864179,30.000000000,0.000000000000,0.243385234131,0.000000000000,0.000000000000,1.748567614000,0.860853410451,86.085341045
2026-01-11T09:00:00Z,2461051.875000000,142.859917270536,0.207629513282,42180.548721,384641.235621,147160874.669924,110.978882606,36.666223799,76.642715116,8.687281020,28.687281020,0.258802272,20.000000000,0.270865625,30.000000000,0.000000000000,0.216251622451,0.000000000000,0.000000000000,1.775701773931,0.858694142611,85.869414261
2026-01-11T10:00:00Z,2461051.916666667,157.892497068423,0.173354610907,42180.266796,375822.612004,147154876.118774,125.529663643,49.209584783,76.812327941,8.687339533,28.687339533,0.264875073,20.000000000,0.270876666,30.000000000,0.000000000000,0.064457303033,0.000000000000,0.000000000000,1.927499173542,0.846614489363,84.661448936
2026-01-11T11:00:00Z,2461051.958333333,172.925199985861,0.127221105090,42180.031312,368721.140160,147147003.887518,139.950043066,62.612482331,77.350096835,8.687388408,28.687388408,0.269976535,20.000000000,0.270891158,30.000000000,0.000000000000,0.000000000000,0.000000000000,0.000000000000,1.991959049422,0.841484935424,84.148493542
2026-01-11T12:00:00Z,2461052.000000000,187.957991827918,0.072378990153,42179.858405,363910.491567,147137812.319444,153.326519001,76.384857156,78.197177262,8.687424295,28.687424295,0.273545467,20.000000000,0.270908081,30.000000000,0.000000000000,0.000000000000,0.000000000000,0.000000000000,1.991960938586,0.841484785089,84.148478509
2026-01-11T13:00:00Z,2461052.041666667,202.990844069748,0.012574396876,42179.759930,361800.287949,147127945.753404,162.194375875,90.301230453,79.255496333,8.687444734,28.687444734,0.275140936,20.000000000,0.270926248,30.000000000,0.000000000000,0.000000000000,0.000000000000,0.000000000000,1.991962014516,0.841484699469,84.148469947
2026-01-11T14:00:00Z,2461052.083333333,218.023731605046,-0.048106415501,42179.742649,362577.798785,147118094.736776,159.181954390,104.216836253,80.397643390,8.687448321,28.687448321,0.274550920,20.000000000,0.270944390,30.000000000,0.000000000000,0.000000000000,0.000000000000,0.000000000000,1.991962203331,0.841484684444,84.148468444
2026-01-11T15:00:00Z,2461052.125000000,233.056628336914,-0.105516393423,42179.807765,366179.185330,147108949.052836,147.515987434,117.985510596,81.485240524,8.687434806,28.687434806,0.271850681,20.000000000,0.270961234,30.000000000,0.000000000000,0.000000000000,0.000000000000,0.000000000000,1.991961491874,0.841484741060,84.148474106
2026-01-11T16:00:00Z,2461052.166666667,248.089502456172,-0.155731235147,42179.950842,372299.986457,147101150.756966,133.521905415,131.375902282,82.390299248,8.687405110,28.687405110,0.267381285,20.000000000,0.270975599,30.000000000,0.000000000000,0.000000000000,0.000000000000,0.000000000000,1.991959928622,0.841484865459,84.148486546
2026-01-11T17:00:00Z,2461052.208333333,263.122313471728,-0.195317741951,42180.162109,380441.239505,147095250.426151,119.059077887,143.879062572,83.012574989,8.687361261,28.687361261,0.261659418,20.000000000,0.270986468,30.000000000,0.000000000000,0.000000000000,0.000000000000,0.000000000000,1.991957620359,0.841485049145,84.148504915
2026-01-11T18:00:00Z,2461052.250000000,278.155012591485,-0.221568602188,42180.427127,389976.511566,147091669.615799,104.665899558,154.103007259,83.288411328,8.687306256,28.687306256,0.255261570,20.000000000,0.270993065,30.000000000,0.000000000000,0.000000000000,0.000000000000,0.000000000000,1.991954724862,0.841485279561,84.148527956
2026-01-11T19:00:00Z,2461052.291666667,293.187547070844,-0.232687530781,42180.727778,400222.165236,147090672.099182,90.540658714,158.459219251,83.190862069,8.687243857,28.687243857,0.248726854,20.000000000,0.270994903,30.000000000,0.000000000000,0.000000000000,0.000000000000,0.000000000000,1.991951440095,0.841485540955,84.148554095
2026-01-11T20:00:00Z,2461052.333333333,308.219867960451,-0.227912089948,42181.043508,410497.849509,147092345.865320,76.764966648,153.820372991,82.723966904,8.687178329,28.687178329,0.242500624,20.000000000,0.270991819,30.000000000,0.000000000000,0.000000000000,0.000000000000,0.000000000000,1.991947990644,0.841485815454,84.148581545
2026-01-11T21:00:00Z,2461052.375000000,323.251939611028,-0.207565797084,42181.352731,420171.621630,147096597.112254,63.380649714,143.473828256,81.914747356,8.687114153,28.687114153,0.236917407,20.000000000,0.270983987,30.000000000,0.000000000000,0.000000000000,0.000000000000,0.000000000000,1.991944612346,0.841486084290,84.148608429
2026-01-11T22:00:00Z,2461052.416666667,338.283748630993,-0.173035985301,42181.634306,428689.984264,147103156.646566,50.440671846,130.923838552,80.805544146,8.687055715,28.687055715,0.232209670,20.000000000,0.270971904,30.000000000,0.000000000000,0.000000000000,0.000000000000,0.000000000000,1.991941536146,0.841486329086,84.148632909
2026-01-11T23:00:00Z,2461052.458333333,353.315309932206,-0.126678978341,42181.868988,435596.029210,147111598.245560,38.087958143,117.512328803,79.447979816,8.687007010,28.687007010,0.228528142,20.000000000,0.270956355,30.000000000,0.066410489958,0.000000000000,0.000000000000,0.000000000000,1.925528482338,0.846771311986,84.677131199
2026-01-12T00:00:00Z,2461052.500000000,8.346668034971,-0.071659114933,42182.040738,440539.438677,147121367.716727,26.785437627,103.732209493,77.898829003,8.686971366,28.686971366,0.225963754,20.000000000,0.270938362,30.000000000,0.185182445150,0.000000000000,0.000000000000,0.000000000000,1.806754650824,0.856223033184,85.622303318
2026-01-12T01:00:00Z,2461052.541666667,23.377893090116,-0.011732660958,42182.137828,443281.472324,147131820.658055,18.199507380,89.809299665,76.217555095,8.686951217,28.686951217,0.224565989,20.000000000,0.270919113,30.000000000,0.286819082633,0.000000000000,0.000000000000,0.000000000000,1.705116952681,0.864311104216,86.431110422
2026-01-12T02:00:00Z,2461052.583333333,38.409071824930,0.049008619207,42182.153634,443697.117873,147142266.332544,16.867902552,75.887748451,74.465090026,8.686947937,28.686947937,0.224355619,20.000000000,0.270899880,30.000000000,0.302445492851,0.000000000000,0.000000000000,0.000000000000,1.689490369787,0.865554628171,86.555462817
2026-01-12T03:00:00Z,2461052.625000000,53.440295453826,0.106416747612,42182.087097,441775.712702,147152014.661535,23.996356497,62.112169220,72.703419308,8.686961745,28.686961745,0.225331409,20.000000000,0.270881934,30.000000000,0.217836532824,0.000000000000,0.000000000000,0.000000000000,1.774100056701,0.858821603218,85.882160322
2026-01-12T04:00:00Z,2461052.666666667,68.471646929518,0.156570657198,42181.942791,437620.649704,147160423.138930,34.776137371,48.710574738,70.995563841,8.686991693,28.686991693,0.227470868,20.000000000,0.270866456,30.000000000,0.098100404433,0.069458396814,0.000000000000,0.000000000000,1.824379364770,0.854820503011,85.482050301
2026-01-12T05:00:00Z,2461052.708333333,83.503190145562,0.196043884839,42181.730611,431448.211951,147166940.483817,46.851197080,36.184037824,69.405555744,8.687035728,28.687035728,0.230725157,20.000000000,0.270854461,30.000000000,0.005009260174,0.222930993831,0.000000000000,0.000000000000,1.764000230029,0.859625321888,85.962532189
2026-01-12T05:05:00Z,2461052.711805556,84.755828796193,0.198760506078,42181.710292,430852.243680,147167383.919156,47.890511094,35.211151110,69.280399224,8.687039945,28.687039945,0.231044305,20.000000000,0.270853644,30.000000000,0.001439196756,0.236562661670,0.000000000000,0.000000000000,1.753938847590,0.860425981263,86.042598126
2026-01-12T05:10:00Z,2461052.715277778,86.008469072458,0.201382394284,42181.689610,430244.696309,147167810.996917,48.933873378,34.253775263,69.156547247,8.687044237,28.687044237,0.231370564,20.000000000,0.270852858,30.000000000,0.000000000000,0.250161113566,0.000000000000,0.000000000000,1.741779818396,0.861393566062,86.139356606
2026-01-12T05:15:00Z,2461052.718750000,87.261110986278,0.203908297440,42181.668575,429625.797951,147168221.526259,49.981133409,33.313267840,69.034037153,8.687048603,28.687048603,0.231703867,20.000000000,0.270852103,30.000000000,0.000000000000,0.263689443049,0.000000000000,0.000000000000,1.728251718713,0.862470098030,86.247009803
2026-01-12T05:20:00Z,2461052.722222222,88.513754548270,0.206337009281,42181.647197,428995.781764,147168615.324202,51.032153926,32.391117978,68.912906230,8.687053039,28.687053039,0.232044145,20.000000000,0.270851378,30.000000000,0.000000000000,0.277109280259,0.000000000000,0.000000000000,1.714832115051,0.863537996158,86.353799616
2026-01-12T05:25:00Z,2461052.725694444,89.766399767715,0.208667369867,42181.625487,428354.885931,147168992.215710,52.086809626,31.488957707,68.793191707,8.687057545,28.687057545,0.232391327,20.000000000,0.270850684,30.000000000,0.000000000000,0.290380532815,0.000000000000,0.000000000000,1.701561099675,0.864594070007,86.459407001
2026-01-12T05:30:00Z,2461052.729166667,91.019046652530,0.210898266141,42181.603455,427703.353631,147169352.033779,53.144986001,30.608573244,68.674930742,8.687062118,28.687062118,0.232745337,20.000000000,0.270850022,30.000000000,0.000000000000,0.303461138289,0.000000000000,0.000000000000,1.688480734901,0.865634972363,86.563497236
2026-01-12T05:35:00Z,2461052.732638889,92.271695209354,0.213028632460,42181.581111,427041.432999,147169694.619510,54.206578283,29.751915813,68.558160411,8.687066755,28.687066755,0.233106098,20.000000000,0.270849392,30.000000000,0.000000000000,0.316306830884,0.000000000000,0.000000000000,1.675635286413,0.866657180674,86.665718067
2026-01-12T05:40:00Z,2461052.736111111,93.524345443526,0.215057451105,42181.558466,426369.377108,147170019.822193,55.271490496,28.921111382,68.442917697,8.687071455,28.687071455,0.233473528,20.000000000,0.270848793,30.000000000,0.000000000000,0.328870959112,0.000000000000,0.000000000000,1.663071405578,0.867656982544,86.765698254
2026-01-12T05:45:00Z,2461052.739583333,94.776997359070,0.216983752764,42181.535531,425687.443923,147170327.499368,56.339634607,28.118468494,68.329239477,8.687076214,28.687076214,0.233847545,20.000000000,0.270848227,30.000000000,0.000000000000,0.341104295835,0.000000000000,0.000000000000,1.650838319420,0.868630460609,86.863046061
2026-01-12T05:50:00Z,2461052.743055556,96.029650958777,0.218806616998,42181.512317,424995.896263,147170617.516903,57.410929748,27.346483152,68.217162512,8.687081032,28.687081032,0.234228061,20.000000000,0.270847693,30.000000000,0.000000000000,0.352954951245,0.000000000000,0.000000000000,1.638987917625,0.869573485621,86.957348562
2026-01-12T05:55:00Z,2461052.746527778,97.282306244185,0.220525172683,42181.488834,424295.001739,147170889.749049,58.485301514,26.607839438,68.106723426,8.687085906,28.687085906,0.234614985,20.000000000,0.270847192,30.000000000,0.000000000000,0.364368348003,0.000000000000,0.000000000000,1.627574777410,0.870481714462,87.048171446
2026-01-12T06:00:00Z,2461052.750000000,98.534963215579,0.222138598423,42181.465095,423585.032753,147171144.078506,59.562681326,25.905404305,67.997958700,8.687090832,28.687090832,0.235008224,20.000000000,0.270846724,30.000000000,0.000000000000,0.375287303760,0.000000000000,0.000000000000,1.616656081002,0.871350596714,87.135059671
2026-01-12T06:05:00Z,2461052.753472222,99.787621872080,0.223646122945,42181.441111,422866.266433,147171380.396475,60.643005851,25.242214756,67.890904654,8.687095810,28.687095810,0.235407682,20.000000000,0.270846289,30.000000000,0.000000000000,0.385652250491,0.000000000000,0.000000000000,1.606291396302,0.872175392116,87.217539212
2026-01-12T06:10:00Z,2461052.756944444,101.040282211584,0.225047025466,42181.416892,422138.984566,147171598.602711,61.726216465,24.621455477,67.785597427,8.687100837,28.687100837,0.235813256,20.000000000,0.270845888,30.000000000,0.000000000000,0.395401622550,0.000000000000,0.000000000000,1.596542288832,0.872951201439,87.295120144
2026-01-12T06:15:00Z,2461052.760416667,102.292944230856,0.226340636041,42181.392451,421403.473588,147171798.605570,62.812258769,24.046425038,67.682072965,8.687105909,28.687105909,0.236224843,20.000000000,0.270845520,30.000000000,0.000000000000,0.404472445102,0.000000000000,0.000000000000,1.587471733298,0.873673013313,87.367301331
2026-01-12T06:20:00Z,2461052.763888889,103.545607925536,0.227526335882,42181.367799,420660.024493,147171980.322053,63.901082139,23.520489040,67.580367003,8.687111025,28.687111025,0.236642335,20.000000000,0.270845185,30.000000000,0.000000000000,0.412801149735,0.000000000000,0.000000000000,1.579143297985,0.874335769138,87.433576914
2026-01-12T06:25:00Z,2461052.767361111,104.798273290121,0.228603557654,42181.342949,419908.932800,147172143.677846,64.992639311,23.047019206,67.480515045,8.687116183,28.687116183,0.237065620,20.000000000,0.270844885,30.000000000,0.000000000000,0.420324633316,0.000000000000,0.000000000000,1.571620085899,0.874934447333,87.493444733
2026-01-12T06:30:00Z,2461052.770833333,106.050940318062,0.229571785747,42181.317911,419150.498514,147172288.607353,66.086886004,22.629318442,67.382552344,8.687121379,28.687121379,0.237494582,20.000000000,0.270844618,30.000000000,0.000000000000,0.426981558539,0.000000000000,0.000000000000,1.564963434214,0.875464166843,87.546416684
2026-01-12T06:35:00Z,2461052.774305556,107.303609001766,0.230430556524,42181.292698,418385.026004,147172415.053731,67.183780553,22.270533323,67.286513885,8.687126612,28.687126612,0.237929102,20.000000000,0.270844385,30.000000000,0.000000000000,0.432713869935,0.000000000000,0.000000000000,1.559231398269,0.875920307771,87.592030777
2026-01-12T06:40:00Z,2461052.777777778,108.556279332582,0.231179458543,42181.267322,417612.824024,147172522.968913,68.283283590,21.973557243,67.192434365,8.687131878,28.687131878,0.238369056,20.000000000,0.270844187,30.000000000,0.000000000000,0.437468468763,0.000000000000,0.000000000000,1.554477076673,0.876298644662,87.629864466
2026-01-12T06:45:00Z,2461052.781250000,109.808951300906,0.231818132754,42181.241796,416834.205579,147172612.313634,69.385357724,21.740929371,67.100348165,8.687137176,28.687137176,0.238814316,20.000000000,0.270844022,30.000000000,0.000000000000,0.441198957852,0.000000000000,0.000000000000,1.550746866465,0.876595485359,87.659548536
2026-01-12T06:50:00Z,2461052.784722222,111.061624896177,0.232346272670,42181.216131,416049.487889,147172683.057448,70.489967252,21.574736245,67.010289334,8.687142503,28.687142503,0.239264750,20.000000000,0.270843892,30.000000000,0.000000000000,0.443867338581,0.000000000000,0.000000000000,1.548078766131,0.876807806037,87.680780604
2026-01-12T06:55:00Z,2461052.788194444,112.314300106869,0.232763624519,42181.190339,415258.992317,147172735.178743,71.597077889,21.476523960,66.922291562,8.687147855,28.687147855,0.239720222,20.000000000,0.270843796,30.000000000,0.000000000000,0.445445523781,0.000000000000,0.000000000000,1.546500862708,0.876933371602,87.693337160
2026-01-12T07:00:00Z,2461052.791666667,113.566976920616,0.233069987362,42181.164433,414463.044272,147172768.664752,72.706656496,21.447228970,66.836388158,8.687153232,28.687153232,0.240180591,20.000000000,0.270843734,30.000000000,0.000000000000,0.445916528751,0.000000000000,0.000000000000,1.546030140761,0.876970830464,87.697083046
2026-01-12T07:05:00Z,2461052.795138889,114.819655324181,0.233265213191,42181.138426,413661.973157,147172783.511558,73.818670844,21.487134469,66.752612022,8.687158629,28.687158629,0.240645712,20.000000000,0.270843707,30.000000000,0.000000000000,0.445275221912,0.000000000000,0.000000000000,1.546671731734,0.876919774277,87.691977428
2026-01-12T07:10:00Z,2461052.798611111,116.072335303468,0.233349207001,42181.112330,412856.112281,147172779.724096,74.933089364,21.595856939,66.670995620,8.687164046,28.687164046,0.241115435,20.000000000,0.270843714,30.000000000,0.000000000000,0.443528556054,0.000000000000,0.000000000000,1.548418682700,0.876780756336,87.678075634
2026-01-12T07:15:00Z,2461052.802083333,117.325016843634,0.233321926840,42181.086156,412045.798760,147172757.316153,76.049880928,21.772364360,66.591570959,8.687169478,28.687169478,0.241589606,20.000000000,0.270843755,30.000000000,0.000000000000,0.440695255217,0.000000000000,0.000000000000,1.551252269484,0.876555266665,87.655526666
2026-01-12T07:20:00Z,2461052.805555556,118.577699929080,0.233183383823,42181.059919,411231.373448,147172716.310359,77.169014622,22.015024090,66.514369556,8.687174923,28.687174923,0.242068067,20.000000000,0.270843831,30.000000000,0.000000000000,0.436804990963,0.000000000000,0.000000000000,1.555142820387,0.876245666461,87.624566646
2026-01-12T07:25:00Z,2461052.809027778,119.830384543453,0.232933642134,42181.033630,410413.180812,147172656.738178,78.290459530,22.321675366,66.439422409,8.687180379,28.687180379,0.242550652,20.000000000,0.270843940,30.000000000,0.000000000000,0.431897134194,0.000000000000,0.000000000000,1.560050964369,0.875855088773,87.585508877
2026-01-12T07:30:00Z,2461052.812500000,121.083070669760,0.232572818993,42181.007302,409591.568887,147172578.639891,79.414184529,22.689719255,66.366759972,8.687185843,28.687185843,0.243037195,20.000000000,0.270844084,30.000000000,0.000000000000,0.426019205340,0.000000000000,0.000000000000,1.565929180864,0.875387315167,87.538731517
2026-01-12T07:35:00Z,2461052.815972222,122.335758290358,0.232101084606,42180.980947,408766.889126,147172482.064581,80.540158076,23.116217954,66.296412117,8.687191313,28.687191313,0.243527521,20.000000000,0.270844262,30.000000000,0.000000000000,0.419225161725,0.000000000000,0.000000000000,1.572723512408,0.874846639442,87.484663944
2026-01-12T07:40:00Z,2461052.819444444,123.588447386963,0.231518662079,42180.954579,407939.496314,147172367.070106,81.668348010,23.597995593,66.228408108,8.687196786,28.687196786,0.244021452,20.000000000,0.270844473,30.000000000,0.000000000000,0.411573656514,0.000000000000,0.000000000000,1.580375305702,0.874237729079,87.423772908
2026-01-12T07:45:00Z,2461052.822916667,124.841137940747,0.230825827316,42180.928209,407109.748480,147172233.723074,82.798721342,24.131733949,66.162776567,8.687202258,28.687202258,0.244518806,20.000000000,0.270844719,30.000000000,0.000000000000,0.403126383117,0.000000000000,0.000000000000,1.588822867194,0.873565493494,87.356549349
2026-01-12T07:50:00Z,2461052.826388889,126.093829932370,0.230022908888,42180.901851,406278.006739,147172082.098811,83.931244060,24.714058205,66.099545440,8.687207729,28.687207729,0.245019393,20.000000000,0.270844998,30.000000000,0.000000000000,0.393946589173,0.000000000000,0.000000000000,1.598002949110,0.872834965787,87.283496579
2026-01-12T07:55:00Z,2461052.829861111,127.346523341923,0.229110287878,42180.875517,405444.635225,147171912.281325,85.065880920,25.341609812,66.038741964,8.687213194,28.687213194,0.245523022,20.000000000,0.270845310,30.000000000,0.000000000000,0.384097811790,0.000000000000,0.000000000000,1.607852014204,0.872051202090,87.205120209
2026-01-12T08:00:00Z,2461052.833333333,128.599218149090,0.228088397699,42180.849219,404610.000916,147171724.363267,86.202595240,26.011105231,65.980392629,8.687218652,28.687218652,0.246029493,20.000000000,0.270845656,30.000000000,0.000000000000,0.373642856132,0.000000000000,0.000000000000,1.618307257174,0.871219200290,87.121920029
2026-01-12T08:05:00Z,2461052.836805556,129.851914333140,0.226957723890,42180.822971,403774.473565,147171518.445887,87.341348700,26.719380718,65.924523148,8.687224100,28.687224100,0.246538603,20.000000000,0.270846035,30.000000000,0.000000000000,0.362643015753,0.000000000000,0.000000000000,1.629307384327,0.870343837984,87.034383798
2026-01-12T08:10:00Z,2461052.840277778,131.104611872890,0.225718803884,42180.796784,402938.425524,147171294.638985,88.482101119,27.463424271,65.871158414,8.687229535,28.687229535,0.247050143,20.000000000,0.270846447,30.000000000,0.000000000000,0.351157516556,0.000000000000,0.000000000000,1.640793169626,0.869429828231,86.942982823
2026-01-12T08:15:00Z,2461052.843750000,132.357310746869,0.224372226754,42180.770671,402102.231620,147171053.060862,89.624810243,28.240396422,65.820322466,8.687234955,28.687234955,0.247563901,20.000000000,0.270846892,30.000000000,0.000000000000,0.339243156495,0.000000000000,0.000000000000,1.652707814977,0.868481690880,86.848169088
2026-01-12T08:20:00Z,2461052.847222222,133.610010933232,0.222918632931,42180.744645,401266.269024,147170793.838262,90.769431521,29.047641781,65.772038453,8.687240356,28.687240356,0.248079657,20.000000000,0.270847369,30.000000000,0.000000000000,0.326954109063,0.000000000000,0.000000000000,1.664997146753,0.867503736930,86.750373693
2026-01-12T08:25:00Z,2461052.850694444,134.862712409884,0.221358713902,42180.718718,400430.917095,147170517.106311,91.915917871,29.882693252,65.726328591,8.687245737,28.687245737,0.248597187,20.000000000,0.270847878,30.000000000,0.000000000000,0.314341859165,0.000000000000,0.000000000000,1.677609679911,0.866500063432,86.650006343
2026-01-12T08:30:00Z,2461052.854166667,136.115415154485,0.219693211880,42180.692903,399596.557255,147170223.008457,93.064219445,30.743270668,65.683214127,8.687251095,28.687251095,0.249116263,20.000000000,0.270848419,30.000000000,0.000000000000,0.301455239256,0.000000000000,0.000000000000,1.690496581861,0.865474556358,86.547455636
2026-01-12T08:35:00Z,2461052.857638889,137.368119144438,0.217922919451,42180.667212,398763.572778,147169911.696398,94.214283372,31.627275390,65.642715297,8.687256427,28.687256427,0.249636650,20.000000000,0.270848992,30.000000000,0.000000000000,0.288340531719,0.000000000000,0.000000000000,1.703611570086,0.864430898756,86.443089876
2026-01-12T08:40:00Z,2461052.861111111,138.620824356998,0.216048679195,42180.641657,397932.348685,147169583.330010,95.366053501,32.532782119,65.604851287,8.687261731,28.687261731,0.250158108,20.000000000,0.270849597,30.000000000,0.000000000000,0.275041661270,0.000000000000,0.000000000000,1.716910719734,0.863372586053,86.337258605
2026-01-12T08:45:00Z,2461052.864583333,139.873530769271,0.214071383289,42180.616251,397103.271558,147169238.077280,96.519470121,33.458028956,65.569640194,8.687267004,28.687267004,0.250680395,20.000000000,0.270850232,30.000000000,0.000000000000,0.261600384065,0.000000000000,0.000000000000,1.730352274518,0.862302941110,86.230294111
2026-01-12T08:50:00Z,2461052.868055556,141.126238358211,0.211991973079,42180.591005,396276.729354,147168876.114212,97.674469679,34.401406471,65.537098980,8.687272244,28.687272244,0.251203260,20.000000000,0.270850898,30.000000000,0.000000000000,0.248056524303,0.000000000000,0.000000000000,1.743896410103,0.861225133046,86.122513305
2026-01-12T09:00:00Z,2461052.875000000,143.631656973604,0.207530818271,42180.541043,394632.807491,147168102.800717,99.988942289,36.336810306,65.480088132,8.687282613,28.687282613,0.252249704,20.000000000,0.270852321,30.000000000,0.000000000000,0.220812203281,0.000000000000,0.000000000000,1.771141276983,0.859057055427,85.905705543
2026-01-12T10:00:00Z,2461052.916666667,158.664255221454,0.172798142782,42180.261014,385190.266435,147162170.927376,113.962872752,48.883516925,65.368306988,8.687340733,28.687340733,0.258433386,20.000000000,0.270863239,30.000000000,0.000000000000,0.067715204867,0.000000000000,0.000000000000,1.924241334880,0.846873739926,84.687373993
2026-01-12T11:00:00Z,2461052.958333333,173.696974200384,0.126259713795,42180.028317,376952.187474,147154352.935660,127.899444602,62.296945685,65.650963586,8.687389029,28.687389029,0.264081343,20.000000000,0.270877630,30.000000000,0.000000000000,0.000000000000,0.000000000000,0.000000000000,1.991959082141,0.841484932820,84.148493282
2026-01-12T12:00:00Z,2461053.000000000,188.729779638698,0.071091643258,42179.858896,370544.085070,147145201.491502,141.254046125,76.081959836,66.297861313,8.687424193,28.687424193,0.268648337,20.000000000,0.270894476,30.000000000,0.000000000000,0.000000000000,0.000000000000,0.000000000000,1.991960933212,0.841484785517,84.148478552
2026-01-12T13:00:00Z,2461053.041666667,203.762643056834,0.011059948301,42179.764367,366481.612172,147135360.214264,152.520396061,90.012669988,67.237672909,8.687443813,28.687443813,0.271626343,20.000000000,0.270912596,30.000000000,0.000000000000,0.000000000000,0.000000000000,0.000000000000,1.991961966038,0.841484703327,84.148470333
2026-01-12T14:00:00Z,2461053.083333333,218.795539421000,-0.049736672539,42179.751217,365105.543398,147125519.938920,157.654281295,103.945436838,68.361030169,8.687446543,28.687446543,0.272650100,20.000000000,0.270930715,30.000000000,0.000000000000,0.000000000000,0.000000000000,0.000000000000,1.991962109710,0.841484691894,84.148469189
2026-01-12T15:00:00Z,2461053.125000000,233.828442672549,-0.107146835139,42179.820367,366533.129023,147116371.724129,152.768214245,117.736689601,69.533384765,8.687432190,28.687432190,0.271588165,20.000000000,0.270947563,30.000000000,0.000000000000,0.000000000000,0.000000000000,0.000000000000,1.991961354185,0.841484752017,84.148475202
2026-01-12T16:00:00Z,2461053.166666667,248.861320996119,-0.157250089781,42179.967101,370640.507280,147108559.801781,141.631386353,131.160750853,70.615032817,8.687401735,28.687401735,0.268578447,20.000000000,0.270961951,30.000000000,0.000000000000,0.000000000000,0.000000000000,0.000000000000,1.991959750982,0.841484879596,84.148487960
2026-01-12T17:00:00Z,2461053.208333333,263.894133892697,-0.196624767210,42180.181395,377082.050105,147102637.678203,128.368002259,143.722561101,71.482064424,8.687357258,28.687357258,0.263990395,20.000000000,0.270972860,30.000000000,0.000000000000,0.000000000000,0.000000000000,0.000000000000,1.991957409645,0.841485065913,84.148506591
2026-01-12T18:00:00Z,2461053.250000000,278.926832639984,-0.222581728298,42180.448601,385340.251314,147099030.391076,114.526756218,154.064443978,72.041739792,8.687301799,28.687301799,0.258332796,20.000000000,0.270979505,30.000000000,0.000000000000,0.000000000000,0.000000000000,0.000000000000,1.991954490243,0.841485298232,84.148529823
2026-01-12T19:00:00Z,2461053.291666667,293.959364729322,-0.233348026485,42180.750449,394791.226570,147098005.510974,100.667800234,158.622812068,72.238984501,8.687239152,28.687239152,0.252148482,20.000000000,0.270981393,30.000000000,0.000000000000,0.000000000000,0.000000000000,0.000000000000,1.991951192401,0.841485560666,84.148556067
2026-01-12T20:00:00Z,2461053.333333333,308.991681679152,-0.228187925147,42181.066301,404770.086196,147099654.879635,87.026413833,154.122181930,72.054767915,8.687173599,28.687173599,0.245932188,20.000000000,0.270978354,30.000000000,0.000000000000,0.000000000000,0.000000000000,0.000000000000,1.991947741630,0.841485835269,84.148583527
2026-01-12T21:00:00Z,2461053.375000000,324.023748556546,-0.207453013133,42181.374558,414625.626838,147103888.339794,73.718342227,143.804368285,71.499546436,8.687109623,28.687109623,0.240086411,20.000000000,0.270970556,30.000000000,0.000000000000,0.000000000000,0.000000000000,0.000000000000,1.991944373884,0.841486103266,84.148610327
2026-01-12T22:00:00Z,2461053.416666667,339.055552888948,-0.172558031592,42181.654144,423760.447400,147110439.885569,60.826285062,131.250349980,70.605145888,8.687051598,28.687051598,0.234910943,20.000000000,0.270958488,30.000000000,0.000000000000,0.000000000000,0.000000000000,0.000000000000,1.991941319415,0.841486346333,84.148634633
2026-01-12T23:00:00Z,2461053.458333333,354.087110605591,-0.125884120771,42181.885948,431657.421533,147118885.807014,48.468978868,117.827820820,69.417369956,8.687003490,28.687003490,0.230613332,20.000000000,0.270942933,30.000000000,0.000206705525,0.000000000000,0.000000000000,0.000000000000,1.991732081490,0.841502996958,84.150299696
2026-01-13T00:00:00Z,2461053.500000000,9.118467198980,-0.070616157190,42182.054124,437895.643935,147128673.578394,36.921486555,104.034698589,67.990359576,8.686968588,28.686968588,0.227328017,20.000000000,0.270924908,30.000000000,0.077190246145,0.000000000000,0.000000000000,0.000000000000,1.914746703594,0.847629298677,84.762929868
2026-01-13T01:00:00Z,2461053.541666667,24.149693595673,-0.010525333891,42182.147186,442159.233803,147139159.505458,26.945346387,90.097160519,66.382847505,8.686949275,28.686949275,0.225135960,20.000000000,0.270905600,30.000000000,0.183334779003,0.000000000000,0.000000000000,0.000000000000,1.808601154073,0.856076093124,85.607609312
2026-01-13T02:00:00Z,2461053.583333333,39.180876976234,0.050288159253,42182.158785,444241.734201,147149652.552664,20.664157013,76.158203574,64.656014471,8.686946868,28.686946868,0.224080570,20.000000000,0.270886282,30.000000000,0.257506452327,0.000000000000,0.000000000000,0.000000000000,1.734429354039,0.861978497430,86.197849743
2026-01-13T03:00:00Z,2461053.625000000,54.212108613703,0.107674818772,42182.088145,444047.981042,147159461.358040,21.459463678,62.359843980,62.872511151,8.686961528,28.686961528,0.224178345,20.000000000,0.270868226,30.000000000,0.248012285000,0.000000000000,0.000000000000,0.000000000000,1.743924293070,0.861222914190,86.122291419
2026-01-13T04:00:00Z,2461053.666666667,69.243471121067,0.157718842225,42181.940121,441594.535875,147167941.236039,28.745743609,48.924447961,61.096202977,8.686992248,28.686992248,0.225423858,20.000000000,0.270852619,30.000000000,0.162770302177,0.067299900464,0.000000000000,0.000000000000,1.761867992547,0.859794999955,85.979499996
2026-01-13T05:00:00Z,2461053.708333333,84.275027717488,0.197005224237,42181.724858,437009.145965,147174537.979646,39.107390670,36.339300834,59.392211821,8.687036922,28.687036922,0.227789168,20.000000000,0.270840478,30.000000000,0.057371097019,0.220773618746,0.000000000000,0.000000000000,1.713795831116,0.863620461014,86.362046101
2026-01-13T05:10:00Z,2461053.715277778,86.780309041915,0.202306214091,42181.683421,436052.727821,147175422.265497,40.987528546,34.394891931,59.119884959,8.687045522,28.687045522,0.228288793,20.000000000,0.270838851,30.000000000,0.041747468475,0.248145607233,0.000000000000,0.000000000000,1.702047923868,0.864555329769,86.455532977
2026-01-13T05:15:00Z,2461053.718750000,88.032952168317,0.204812753387,42181.662177,435555.124764,147175839.723252,41.939261030,33.446647140,58.985261364,8.687049931,28.687049931,0.228549604,20.000000000,0.270838083,30.000000000,0.034420816479,0.261761016821,0.000000000000,0.000000000000,1.695759398363,0.865055754728,86.505575473
2026-01-13T05:20:00Z,2461053.722222222,89.285596951327,0.207221713770,42181.640596,435044.832785,147176240.474743,42.898195950,32.516273149,58.851715919,8.687054409,28.687054409,0.228817686,20.000000000,0.270837345,30.000000000,0.027486503571,0.275279186612,0.000000000000,0.000000000000,1.689175777243,0.865579662650,86.557966265
2026-01-13T05:25:00Z,2461053.725694444,90.538243399646,0.209531946842,42181.618690,434522.038541,147176624.342754,43.863948219,31.605367317,58.719287336,8.687058956,28.687058956,0.229092989,20.000000000,0.270836639,30.000000000,0.021007733887,0.288660436781,0.000000000000,0.000000000000,1.682273536086,0.866128925550,86.612892555
2026-01-13T05:30:00Z,2461053.729166667,91.790891520652,0.211742351250,42181.596467,433986.933758,147176991.158085,44.836164713,30.715680321,58.588014330,8.687063568,28.687063568,0.229375462,20.000000000,0.270835964,30.000000000,0.015062493099,0.301863142813,0.000000000000,0.000000000000,1.675016313621,0.866706436964,86.670643696
2026-01-13T05:35:00Z,2461053.732638889,93.043541320372,0.213851873204,42181.573939,433439.715247,147177340.759636,45.814521353,29.849127602,58.457935619,8.687068243,28.687068243,0.229665050,20.000000000,0.270835320,30.000000000,0.009752744319,0.314843489207,0.000000000000,0.000000000000,1.667345962120,0.867316824142,86.731682414
2026-01-13T05:40:00Z,2461053.736111111,94.296192803593,0.215859506987,42181.551117,432880.584821,147177672.994481,46.798720456,29.007799959,58.329089908,8.687072980,28.687072980,0.229961699,20.000000000,0.270834709,30.000000000,0.005224327761,0.327555269384,0.000000000000,0.000000000000,1.659162847831,0.867968015687,86.796801569
2026-01-13T05:45:00Z,2461053.739583333,95.548845973750,0.217764295427,42181.528012,432309.749333,147177987.717946,47.788488341,28.193972525,58.201515892,8.687077775,28.687077775,0.230265349,20.000000000,0.270834130,30.000000000,0.001723593091,0.339949677389,0.000000000000,0.000000000000,1.650269426923,0.868675731636,86.867573164
2026-01-13T05:50:00Z,2461053.743055556,96.801500833055,0.219565330360,42181.504634,431727.420574,147178284.793669,48.783573157,27.410111124,58.075252234,8.687082627,28.687082627,0.230575940,20.000000000,0.270833583,30.000000000,0.000000000000,0.351975190502,0.000000000000,0.000000000000,1.639967762305,0.869495512059,86.949551206
2026-01-13T05:55:00Z,2461053.746527778,98.054157382486,0.221261753062,42181.480994,431133.815319,147178564.093669,49.783742911,26.658874736,57.950337566,8.687087533,28.687087533,0.230893410,20.000000000,0.270833069,30.000000000,0.000000000000,0.363577513003,0.000000000000,0.000000000000,1.628365698062,0.870418774996,87.041877500
2026-01-13T06:00:00Z,2461053.750000000,99.306815621751,0.222852754656,42181.457105,430529.155279,147178825.498408,50.788783688,25.943112524,57.826810478,8.687092491,28.687092491,0.231217692,20.000000000,0.270832588,30.000000000,0.000000000000,0.374699618859,0.000000000000,0.000000000000,1.617243853195,0.871303823290,87.130382329
2026-01-13T06:05:00Z,2461053.753472222,100.559475549384,0.224337576500,42181.432977,429913.667044,147179068.896848,51.798498026,25.265853622,57.704709503,8.687097498,28.687097498,0.231548718,20.000000000,0.270832140,30.000000000,0.000000000000,0.385281925158,0.000000000000,0.000000000000,1.606661810491,0.872145915492,87.214591549
2026-01-13T06:10:00Z,2461053.756944444,101.812137162748,0.225715510551,42181.408623,429287.582087,147179294.186500,52.812703447,24.630287707,57.584073112,8.687102553,28.687102553,0.231886417,20.000000000,0.270831726,30.000000000,0.000000000000,0.395262629037,0.000000000000,0.000000000000,1.596681372687,0.872940133497,87.294013350
2026-01-13T06:15:00Z,2461053.760416667,103.064800458010,0.226985899700,42181.384053,428651.136693,147179501.273474,53.831231114,24.039734320,57.464939696,8.687107652,28.687107652,0.232230715,20.000000000,0.270831345,30.000000000,0.000000000000,0.404578242017,0.000000000000,0.000000000000,1.587366028135,0.873681425063,87.368142506
2026-01-13T06:20:00Z,2461053.763888889,104.317465430249,0.228148138088,42181.359279,428004.571985,147179690.072528,54.853924622,23.497599108,57.347347558,8.687112793,28.687112793,0.232581536,20.000000000,0.270830997,30.000000000,0.000000000000,0.413164352241,0.000000000000,0.000000000000,1.578780188563,0.874364664467,87.436466447
2026-01-13T06:25:00Z,2461053.767361111,105.570132073437,0.229201671392,42181.334314,427348.133829,147179860.507102,55.880638880,23.007315676,57.231334901,8.687117975,28.687117975,0.232938800,20.000000000,0.270830684,30.000000000,0.000000000000,0.420956636012,0.000000000000,0.000000000000,1.570988177539,0.874984733003,87.498473300
2026-01-13T06:30:00Z,2461053.770833333,106.822800380437,0.230145997096,42181.309169,426682.072817,147180012.509357,56.911239099,22.572272676,57.116939810,8.687123193,28.687123193,0.233302425,20.000000000,0.270830404,30.000000000,0.000000000000,0.427892123853,0.000000000000,0.000000000000,1.564052964410,0.875536619728,87.553661973
2026-01-13T06:35:00Z,2461053.774305556,108.075470343107,0.230980664723,42181.283856,426006.644242,147180146.020211,57.945599870,22.195727139,57.004200238,8.687128447,28.687128447,0.233672326,20.000000000,0.270830158,30.000000000,0.000000000000,0.433910702519,0.000000000000,0.000000000000,1.558034662288,0.876015540994,87.601554099
2026-01-13T06:40:00Z,2461053.777777778,109.328141952291,0.231705276058,42181.258387,425322.108047,147180260.989361,58.983604316,21.880706846,56.893153998,8.687133733,28.687133733,0.234048412,20.000000000,0.270829947,30.000000000,0.000000000000,0.438956803884,0.000000000000,0.000000000000,1.552988839168,0.876417074840,87.641707484
2026-01-13T06:45:00Z,2461053.781250000,110.580815197805,0.232319485334,42181.232776,424628.728763,147180357.375310,60.025143309,21.629906540,56.783838734,8.687139048,28.687139048,0.234430594,20.000000000,0.270829769,30.000000000,0.000000000000,0.442981197497,0.000000000000,0.000000000000,1.548964725367,0.876737303641,87.673730364
2026-01-13T06:50:00Z,2461053.784722222,111.833490068561,0.232822999398,42181.207032,423926.775502,147180435.145386,61.070114762,21.445584679,56.676291917,8.687144391,28.687144391,0.234818775,20.000000000,0.270829626,30.000000000,0.000000000000,0.445942771275,0.000000000000,0.000000000000,1.546003432836,0.876972955814,87.697295581
2026-01-13T06:55:00Z,2461053.788194444,113.086166552548,0.233215577851,42181.181170,423216.521869,147180494.275760,62.118422968,21.329468833,56.570550818,8.687149758,28.687149758,0.235212856,20.000000000,0.270829517,30.000000000,0.000000000000,0.447810161340,0.000000000000,0.000000000000,1.544136325316,0.877121535509,87.712153551
2026-01-13T07:00:00Z,2461053.791666667,114.338844636835,0.233497033166,42181.155202,422498.245938,147180534.751453,63.169977994,21.282678244,56.466652495,8.687155148,28.687155148,0.235612736,20.000000000,0.270829443,30.000000000,0.000000000000,0.448563084827,0.000000000000,0.000000000000,1.543383685539,0.877181428680,87.718142868
2026-01-13T07:05:00Z,2461053.795138889,115.591524307674,0.233667230775,42181.129139,421772.230190,147180556.566349,64.224695122,21.305671297,56.364633770,8.687160557,28.687160557,0.236018310,20.000000000,0.270829403,30.000000000,0.000000000000,0.448193243656,0.000000000000,0.000000000000,1.543753811449,0.877151974995,87.715197500
2026-01-13T07:10:00Z,2461053.798611111,116.844205550508,0.233726089133,42181.102995,421038.761474,147180559.723190,65.282494325,21.398223456,56.264531213,8.687165983,28.687165983,0.236429467,20.000000000,0.270829397,30.000000000,0.000000000000,0.446704703788,0.000000000000,0.000000000000,1.545242636947,0.877033498027,87.703349803
2026-01-13T07:15:00Z,2461053.802083333,118.096888349950,0.233673579761,42181.076782,420298.130916,147180544.233586,66.343299782,21.559438135,56.166381115,8.687171423,28.687171423,0.236846094,20.000000000,0.270829426,30.000000000,0.000000000000,0.444113708495,0.000000000000,0.000000000000,1.547833918627,0.876827290383,87.682729038
2026-01-13T07:20:00Z,2461053.805555556,119.349572689925,0.233509727258,42181.050512,419550.633893,147180510.117996,67.407039434,21.787789267,56.070219472,8.687176875,28.687176875,0.237268076,20.000000000,0.270829488,30.000000000,0.000000000000,0.440447946155,0.000000000000,0.000000000000,1.551499967971,0.876535555445,87.653555545
2026-01-13T07:25:00Z,2461053.809027778,120.602258553622,0.233234609289,42181.024198,418796.569963,147180457.405732,68.473644555,22.081190990,55.976081957,8.687182337,28.687182337,0.237695292,20.000000000,0.270829585,30.000000000,0.000000000000,0.435745351162,0.000000000000,0.000000000000,1.556202850450,0.876161311949,87.616131195
2026-01-13T07:30:00Z,2461053.812500000,121.854945923548,0.232848356550,42180.997852,418036.242772,147180386.134934,69.543049356,22.437087309,55.884003900,8.687187804,28.687187804,0.238127616,20.000000000,0.270829716,30.000000000,0.000000000000,0.430052559789,0.000000000000,0.000000000000,1.561895929653,0.875708271100,87.570827110
2026-01-13T07:35:00Z,2461053.815972222,123.107634781591,0.232351152706,42180.971488,417269.960044,147180296.352562,70.615190619,22.852553340,55.794020262,8.687193276,28.687193276,0.238564921,20.000000000,0.270829882,30.000000000,0.000000000000,0.423423164900,0.000000000000,0.000000000000,1.568525612578,0.875180697696,87.518069770
2026-01-13T07:40:00Z,2461053.819444444,124.360325109050,0.231743234304,42180.945118,416498.033421,147180188.114364,71.690007334,23.324399743,55.706165604,8.687198749,28.687198749,0.239007073,20.000000000,0.270830081,30.000000000,0.000000000000,0.415915913124,0.000000000000,0.000000000000,1.576033152459,0.874583266655,87.458326665
2026-01-13T07:45:00Z,2461053.822916667,125.613016886616,0.231024890660,42180.918754,415720.778492,147180061.484858,72.767440377,23.849273106,55.620474073,8.687204221,28.687204221,0.239453937,20.000000000,0.270830314,30.000000000,0.000000000000,0.407592969433,0.000000000000,0.000000000000,1.584356384185,0.873920924919,87.392092492
2026-01-13T07:50:00Z,2461053.826388889,126.865710094517,0.230196463722,42180.892409,414938.514636,147179916.537296,73.847432180,24.423746775,55.536979360,8.687209689,28.687209689,0.239905371,20.000000000,0.270830581,30.000000000,0.000000000000,0.398518343955,0.000000000000,0.000000000000,1.593431297491,0.873198766264,87.319876626
2026-01-13T07:55:00Z,2461053.829861111,128.118404712425,0.229258347908,42180.866095,414151.564978,147179753.353634,74.929926434,25.044398677,55.455714682,8.687215150,28.687215150,0.240361229,20.000000000,0.270830881,30.000000000,0.000000000000,0.388756541610,0.000000000000,0.000000000000,1.603193387319,0.872421923838,87.242192384
2026-01-13T08:00:00Z,2461053.833333333,129.371100719603,0.228210989917,42180.839826,413360.256301,147179572.024489,76.014867792,25.707874548,55.376712748,8.687220602,28.687220602,0.240821363,20.000000000,0.270831215,30.000000000,0.000000000000,0.378371462936,0.000000000000,0.000000000000,1.613578752994,0.871595482696,87.159548270
2026-01-13T08:05:00Z,2461053.836805556,130.623798094904,0.227054888520,42180.813613,412564.918948,147179372.649099,77.102201589,26.410936509,55.300005728,8.687226042,28.687226042,0.241285618,20.000000000,0.270831581,30.000000000,0.000000000000,0.367425558201,0.000000000000,0.000000000000,1.624524944110,0.870724412484,87.072441248
2026-01-13T08:10:00Z,2461053.840277778,131.876496816754,0.225790594316,42180.787470,411765.886727,147179155.335276,78.191873565,27.150498041,55.225625224,8.687231468,28.687231468,0.241753836,20.000000000,0.270831981,30.000000000,0.000000000000,0.355979218102,0.000000000000,0.000000000000,1.635971569833,0.869813518952,86.981351895
2026-01-13T08:15:00Z,2461053.843750000,133.129196863278,0.224418709479,42180.761409,410963.496864,147178920.199352,79.283829601,27.923647048,55.153602238,8.687236877,28.687236877,0.242225854,20.000000000,0.270832414,30.000000000,0.000000000000,0.344090372947,0.000000000000,0.000000000000,1.647860699719,0.868867412056,86.886741206
2026-01-13T08:20:00Z,2461053.847222222,134.381898212284,0.222939887464,42180.735442,410158.089814,147178667.366130,80.378015454,28.727659001,55.083967137,8.687242266,28.687242266,0.242701503,20.000000000,0.270832879,30.000000000,0.000000000000,0.331814267048,0.000000000000,0.000000000000,1.660137089319,0.867890488012,86.789048801
2026-01-13T08:25:00Z,2461053.850694444,135.634600841276,0.221354832698,42180.709581,409350.009249,147178396.968818,81.474376501,29.560002174,55.016749620,8.687247634,28.687247634,0.243180613,20.000000000,0.270833377,30.000000000,0.000000000000,0.319203374601,0.000000000000,0.000000000000,1.672748264301,0.866886922594,86.688692259
2026-01-13T08:30:00Z,2461053.854166667,136.887304727550,0.219664300245,42180.683840,408539.601907,147178109.148972,82.572857485,30.418336865,54.951978683,8.687252976,28.687252976,0.243663006,20.000000000,0.270833906,30.000000000,0.000000000000,0.306307428351,0.000000000000,0.000000000000,1.685644491788,0.865860673418,86.586067342
2026-01-13T08:35:00Z,2461053.857638889,138.140009848195,0.217869095448,42180.658230,407727.217468,147177804.056425,83.673402254,31.300510212,54.889682583,8.687258291,28.687258291,0.244148500,20.000000000,0.270834468,30.000000000,0.000000000000,0.293173507632,0.000000000000,0.000000000000,1.698778692307,0.864815486950,86.481548695
2026-01-13T08:40:00Z,2461053.861111111,139.392716180092,0.215970073542,42180.632763,406913.208486,147177481.849218,84.775953519,32.204547998,54.829888805,8.687263577,28.687263577,0.244636910,20.000000000,0.270835061,30.000000000,0.000000000000,0.279846235904,0.000000000000,0.000000000000,1.712106242267,0.863754914222,86.375491422
2026-01-13T08:45:00Z,2461053.864583333,140.645423700019,0.213968139250,42180.607453,406097.930230,147177142.693527,85.880452590,33.128644508,54.772624019,8.687268830,28.687268830,0.245128043,20.000000000,0.270835685,30.000000000,0.000000000000,0.266367969434,0.000000000000,0.000000000000,1.725584785267,0.862682325850,86.268232585
2026-01-13T08:50:00Z,2461053.868055556,141.898132384637,0.211864246350,42180.582310,405281.740586,147176786.763577,86.986839119,34.071151311,54.717914046,8.687274048,28.687274048,0.245621705,20.000000000,0.270836340,30.000000000,0.000000000000,0.252779035931,0.000000000000,0.000000000000,1.739173993466,0.861600931022,86.160093102
2026-01-13T08:55:00Z,2461053.871527778,143.150842210494,0.209659397220,42180.557348,404464.999897,147176414.241570,88.095050843,35.030565575,54.665783820,8.687279229,28.687279229,0.246117695,20.000000000,0.270837025,30.000000000,0.000000000000,0.239117987887,0.000000000000,0.000000000000,1.752835314240,0.860513797656,86.051379766
2026-01-13T09:00:00Z,2461053.875000000,144.403553154135,0.207354642361,42180.532577,403648.070862,147176025.317593,89.205023312,36.005518386,54.616257343,8.687284370,28.687284370,0.246615807,20.000000000,0.270837741,30.000000000,0.000000000000,0.225421866781,0.000000000000,0.000000000000,1.766531705980,0.859423873432,85.942387343
2026-01-13T10:00:00Z,2461053.916666667,159.436163170843,0.172350643133,42180.254499,393964.825788,147170158.409349,102.634317344,48.556901660,54.232325449,8.687342085,28.687342085,0.252677405,20.000000000,0.270848538,30.000000000,0.000000000000,0.071025457692,0.000000000000,0.000000000000,1.920931153240,0.847137155811,84.713715581
2026-01-13T11:00:00Z,2461053.958333333,174.468891672172,0.125587251409,42180.024641,384954.303240,147162392.990957,116.134842085,61.981786432,54.250824233,8.687389792,28.687389792,0.258591798,20.000000000,0.270862830,30.000000000,0.000000000000,0.000000000000,0.000000000000,0.000000000000,1.991959122305,0.841484929624,84.148492962
2026-01-13T12:00:00Z,2461054.000000000,189.501704136835,0.070255335851,42179.858752,377258.123572,147153280.067724,129.365833899,75.780101052,54.666556934,8.687424223,28.687424223,0.263867185,20.000000000,0.270879604,30.000000000,0.000000000000,0.000000000000,0.000000000000,0.000000000000,1.991960934786,0.841484785391,84.148478539
2026-01-13T13:00:00Z,2461054.041666667,204.534571940344,0.010130540054,42179.768204,371460.079724,147143462.552089,141.548391373,89.725655273,55.435079915,8.687443017,28.687443017,0.267985864,20.000000000,0.270897678,30.000000000,0.000000000000,0.000000000000,0.000000000000,0.000000000000,1.991961924116,0.841484706663,84.148470666
2026-01-13T14:00:00Z,2461054.083333333,219.567469964847,-0.050684500070,42179.759210,368023.024736,147133631.574165,150.773300519,103.675994025,56.470334575,8.687444884,28.687444884,0.270488666,20.000000000,0.270915778,30.000000000,0.000000000000,0.000000000000,0.000000000000,0.000000000000,1.991962022382,0.841484698843,84.148469884
2026-01-13T15:00:00Z,2461054.125000000,234.600372109748,-0.108040267343,42179.832403,367229.749926,147124479.470024,153.346307305,117.490156668,57.651273750,8.687429692,28.687429692,0.271072969,20.000000000,0.270932631,30.000000000,0.000000000000,0.000000000000,0.000000000000,0.000000000000,1.991961222672,0.841484762482,84.148476248
2026-01-13T16:00:00Z,2461054.166666667,249.633246573089,-0.158023656827,42179.982791,369142.788134,147116652.644445,147.579646563,130.948099857,58.837643205,8.687398479,28.687398479,0.269668156,20.000000000,0.270947045,30.000000000,0.000000000000,0.000000000000,0.000000000000,0.000000000000,1.991959579550,0.841484893238,84.148489324
2026-01-13T17:00:00Z,2461054.208333333,264.666052964754,-0.197225088731,42180.200096,373595.341208,147110707.524118,136.832906643,143.568481470,59.890947919,8.687353376,28.687353376,0.266454196,20.000000000,0.270957995,30.000000000,0.000000000000,0.000000000000,0.000000000000,0.000000000000,1.991957205319,0.841485082173,84.148508217
2026-01-13T18:00:00Z,2461054.250000000,279.698742818633,-0.222971183390,42180.469462,380216.325704,147107072.615306,124.140284716,154.027659851,60.694112483,8.687297470,28.687297470,0.261814202,20.000000000,0.270964690,30.000000000,0.000000000000,0.000000000000,0.000000000000,0.000000000000,1.991954262323,0.841485316369,84.148531637
2026-01-13T19:00:00Z,2461054.291666667,294.731264072192,-0.233507097122,42180.772469,388481.584278,147106019.268454,110.825718620,158.788621665,61.164277323,8.687234581,28.687234581,0.256243856,20.000000000,0.270966631,30.000000000,0.000000000000,0.000000000000,0.000000000000,0.000000000000,1.991950951827,0.841485579810,84.148557981
2026-01-13T20:00:00Z,2461054.333333333,309.763568893260,-0.228116068307,42181.088396,397776.826056,147107643.158078,97.440089401,154.427199339,61.256733958,8.687169013,28.687169013,0.250255916,20.000000000,0.270963640,30.000000000,0.000000000000,0.000000000000,0.000000000000,0.000000000000,1.991947500234,0.841485854479,84.148585448
2026-01-13T21:00:00Z,2461054.375000000,324.795623172914,-0.207168032910,42181.395638,407458.378616,147111857.750547,84.239697200,144.136761855,60.961599825,8.687105248,28.687105248,0.244309589,20.000000000,0.270955877,30.000000000,0.000000000000,0.000000000000,0.000000000000,0.000000000000,1.991944143583,0.841486121593,84.148612159
2026-01-13T22:00:00Z,2461054.416666667,339.827415365025,-0.172094038455,42181.673186,416903.061882,147118400.206804,71.367919383,131.577395206,60.296555274,8.687047646,28.687047646,0.238774873,20.000000000,0.270943827,30.000000000,0.000000000000,0.000000000000,0.000000000000,0.000000000000,1.991941111394,0.841486362887,84.148636289
2026-01-13T23:00:00Z,2461054.458333333,354.858962322200,-0.125288271740,42181.902062,425544.410349,147126849.310715,58.945634194,118.142935835,59.298738730,8.687000146,28.687000146,0.233926146,20.000000000,0.270928267,30.000000000,0.000000000000,0.000000000000,0.000000000000,0.000000000000,1.991938610963,0.841486561865,84.148656186
2026-01-14T00:00:00Z,2461054.500000000,9.890310338660,-0.069944460139,42182.066624,432896.497413,147136654.187454,47.155176335,104.336164108,58.017730881,8.686965994,28.686965994,0.229953246,20.000000000,0.270910213,30.000000000,0.003823776646,0.000000000000,0.000000000000,0.000000000000,1.988113036542,0.841790991404,84.179099140
2026-01-14T01:00:00Z,2461054.541666667,24.921530914003,-0.009837864895,42182.155625,438568.316655,147147171.838814,36.393318071,90.383505397,56.510394988,8.686947523,28.686947523,0.226979341,20.000000000,0.270890849,30.000000000,0.082213506535,0.000000000000,0.000000000000,0.000000000000,1.909722334347,0.848029125278,84.802912528
2026-01-14T02:00:00Z,2461054.583333333,39.952711499213,0.050932238876,42182.162994,442271.775707,147157710.923934,27.644405128,76.426747478,54.837582405,8.686945994,28.686945994,0.225078671,20.000000000,0.270871448,30.000000000,0.175296716380,0.000000000000,0.000000000000,0.000000000000,1.816639044001,0.855436458167,85.543645817
2026-01-14T03:00:00Z,2461054.625000000,54.983943309466,0.108222051442,42182.088242,443825.731977,147167578.796126,23.110193637,62.605293381,53.062357260,8.686961507,28.686961507,0.224290604,20.000000000,0.270853286,30.000000000,0.228344226825,0.000000000000,0.000000000000,0.000000000000,1.763592350187,0.859657779934,85.965777993
2026-01-14T04:00:00Z,2461054.666666667,70.015308597007,0.158125697122,42181.936501,443157.710516,147176128.594443,25.100328617,49.135903351,51.249288705,8.686992999,28.686992999,0.224628704,20.000000000,0.270837551,30.000000000,0.204824254109,0.065185645406,0.000000000000,0.000000000000,1.721928335213,0.862973296900,86.297329690
2026-01-14T05:00:00Z,2461054.708333333,85.046869985224,0.197241432380,42181.718171,440304.239617,147182803.194975,32.446872121,36.492246220,49.464354232,8.687038310,28.687038310,0.226084459,20.000000000,0.270825269,30.000000000,0.122173130529,0.218653419947,0.000803108984,0.000803108984,1.651114069462,0.868608517118,86.860851712
2026-01-14T05:10:00Z,2461054.715277778,87.552152253183,0.202512103411,42181.676300,439624.785680,147183700.991536,33.990446856,34.533760119,49.174315268,8.687047000,28.687047000,0.226433881,20.000000000,0.270823617,30.000000000,0.106073732305,0.246165934245,0.001534727609,0.001493812423,1.639660495629,0.869519963564,86.951996356
2026-01-14T05:15:00Z,2461054.718750000,88.804795863516,0.205003351855,42181.654849,439264.009420,147184125.246206,34.786411533,33.577819782,49.030389025,8.687051451,28.687051451,0.226619857,20.000000000,0.270822836,30.000000000,0.097997847556,0.259867660749,0.001951571498,0.001838537392,1.633962769304,0.869973374219,86.997337422
2026-01-14T05:20:00Z,2461054.722222222,90.057441137945,0.207396946406,42181.633068,438889.369026,147184532.819441,35.597151361,32.639268418,48.887244398,8.687055972,28.687055972,0.226813303,20.000000000,0.270822086,30.000000000,0.089943928858,0.273483334437,0.002397550487,0.002169066402,1.628285802292,0.870425132899,87.042513290
2026-01-14T05:25:00Z,2461054.725694444,91.310088084728,0.209691748195,42181.610967,438500.997415,147184923.531853,36.421749936,31.719668657,48.744921046,8.687060559,28.687060559,0.227014188,20.000000000,0.270821367,30.000000000,0.081942080925,0.286973687586,0.002869830631,0.002475286770,1.622631478755,0.870875089670,87.087508967
2026-01-14T05:30:00Z,2461054.729166667,92.562736710776,0.211886665411,42181.588556,438099.032631,147185297.212058,37.259358386,30.820735434,48.603458683,8.687065210,28.687065210,0.227222479,20.000000000,0.270820680,30.000000000,0.074023151247,0.300297536045,0.003365997668,0.002746703904,1.617002054905,0.871323064986,87.132306499
2026-01-14T05:35:00Z,2461054.732638889,93.815387021660,0.213980653830,42181.565847,437683.617788,147185653.696764,38.109191018,29.944348011,48.462897069,8.687069923,28.687069923,0.227438142,20.000000000,0.270820024,30.000000000,0.066219063189,0.313411521082,0.003883943344,0.002972434099,1.611400190543,0.871768847188,87.176884719
2026-01-14T05:40:00Z,2461054.736111111,95.068039021682,0.215972717307,42181.542850,437254.901092,147185992.830844,38.970521031,29.092561382,48.323276009,8.687074696,28.687074696,0.227661140,20.000000000,0.270819400,30.000000000,0.058563233924,0.326269890611,0.004421790377,0.003141297567,1.605828917954,0.872212194974,87.221219497
2026-01-14T05:45:00Z,2461054.739583333,96.320692713869,0.217861908250,42181.519576,436813.035793,147186314.467413,39.842676351,28.267616338,48.184635345,8.687079526,28.687079526,0.227891436,20.000000000,0.270818808,30.000000000,0.051091109870,0.338824276656,0.004977840739,0.003242032546,1.600291594845,0.872652841146,87.265284115
2026-01-14T05:50:00Z,2461054.743055556,97.573348099934,0.219647328076,42181.496036,436358.180190,147186618.467891,40.725035636,27.471947238,48.047014954,8.687084411,28.687084411,0.228128989,20.000000000,0.270818249,30.000000000,0.043840871144,0.351023545544,0.005550538655,0.003263521010,1.594791612399,0.873090515843,87.309051584
2026-01-14T05:55:00Z,2461054.746527778,98.826005180386,0.221328127633,42181.472243,435890.497613,147186904.702078,41.617024478,26.708186265,47.910454740,8.687089349,28.687089349,0.228373758,20.000000000,0.270817722,30.000000000,0.036854389428,0.362813712590,0.006138443413,0.003195230620,1.589331991866,0.873524978640,87.352497864
2026-01-14T06:00:00Z,2461054.750000000,100.078663954517,0.222903507610,42181.448206,435410.156395,147187173.048209,42.518111820,25.979162647,47.774994631,8.687094338,28.687094338,0.228625699,20.000000000,0.270817228,30.000000000,0.030178583373,0.374137945384,0.006740208867,0.003027928547,1.583914760201,0.873956068239,87.395606824
2026-01-14T06:05:00Z,2461054.753472222,101.331324420375,0.224372718913,42181.423938,434917.329885,147187423.393015,43.427806587,25.287895037,47.640674568,8.687099374,28.687099374,0.228884768,20.000000000,0.270816768,30.000000000,0.023867432675,0.384936691607,0.007354567673,0.002754890492,1.578540032945,0.874383775444,87.438377544
2026-01-14T06:10:00Z,2461054.756944444,102.583986574866,0.225735063023,42181.399449,434412.196375,147187655.631775,44.345654544,24.637575036,47.507534501,8.687104457,28.687104457,0.229150916,20.000000000,0.270816340,30.000000000,0.017985161232,0.395147964500,0.007980319001,0.002373487593,1.573204144802,0.874808391931,87.480839193
2026-01-14T06:15:00Z,2461054.760416667,103.836650413743,0.226989892330,42181.374753,433894.939130,147187869.668366,45.271235372,24.031539707,47.375614380,8.687109582,28.687109582,0.229424094,20.000000000,0.270815946,30.000000000,0.012611693142,0.404707821837,0.008616318743,0.001888222905,1.567896760932,0.875230740120,87.523074012
2026-01-14T06:20:00Z,2461054.763888889,105.089315931594,0.228136610441,42181.349860,433365.746347,147188065.415311,46.204159957,23.473231053,47.244954146,8.687114748,28.687114748,0.229704251,20.000000000,0.270815586,30.000000000,0.007853133592,0.413551072360,0.009261471681,0.001316879421,1.562595845490,0.875652573568,87.565257357
2026-01-14T06:25:00Z,2461054.767361111,106.341983121950,0.229174672463,42181.324783,432824.811128,147188242.793817,47.144067872,22.966140850,47.115593725,8.687119953,28.687119953,0.229991332,20.000000000,0.270815260,30.000000000,0.003865808610,0.421612236182,0.009914725129,0.000702316273,1.557254464023,0.876077627199,87.607762720
2026-01-14T06:30:00Z,2461054.770833333,107.594651977266,0.230103585261,42181.299534,432272.331468,147188401.733814,48.090625064,22.513740063,46.987573014,8.687125193,28.687125193,0.230285281,20.000000000,0.270814967,30.000000000,0.000933631241,0.428826771147,0.010575063713,0.000152154672,1.551761882095,0.876514712981,87.651471298
2026-01-14T06:35:00Z,2461054.774305556,108.847322488917,0.230922907698,42181.274124,431708.510219,147188542.173991,49.043521710,22.119393397,46.860931874,8.687130467,28.687130467,0.230586041,20.000000000,0.270814709,30.000000000,0.000000000000,0.435132554478,0.011241505088,0.000000000000,1.545571411565,0.877007334974,87.700733497
2026-01-14T06:40:00Z,2461054.777777778,110.099994647309,0.231632250839,42181.248566,431133.555074,147188664.061819,50.002470246,21.786261298,46.735710120,8.687135771,28.687135771,0.230893549,20.000000000,0.270814485,30.000000000,0.000000000000,0.440471578717,0.011913096351,0.000000000000,1.539561075288,0.877485622338,87.748562234
2026-01-14T06:45:00Z,2461054.781250000,111.352668441867,0.232231278139,42181.222871,430547.678544,147188767.353583,50.967203555,21.517193797,46.611947505,8.687141104,28.687141104,0.231207744,20.000000000,0.270814295,30.000000000,0.000000000000,0.444791785462,0.012588911074,0.000000000000,1.534565334532,0.877883170756,87.788317076
2026-01-14T06:50:00Z,2461054.784722222,112.605343861036,0.232719705604,42181.197054,429951.097904,147188852.014397,51.937473290,21.314622721,46.489683711,8.687146462,28.687146462,0.231528559,20.000000000,0.270814139,30.000000000,0.000000000000,0.448048924791,0.013268046819,0.000000000000,1.530629341522,0.878196387128,87.819638713
2026-01-14T06:55:00Z,2461054.788194444,113.858020892370,0.233097301924,42181.171124,429344.035194,147188918.018225,52.913048343,21.180460419,46.368958337,8.687151843,28.687151843,0.231855926,20.000000000,0.270814018,30.000000000,0.000000000000,0.450208299886,0.013949623022,0.000000000000,1.527788673505,0.878422440306,87.842244031
2026-01-14T07:00:00Z,2461054.791666667,115.110699522555,0.233363888585,42181.145096,428726.717175,147188965.347890,53.893713428,21.116013996,46.249810882,8.687157245,28.687157245,0.232189775,20.000000000,0.270813930,30.000000000,0.000000000000,0.451246243127,0.014632779236,0.000000000000,1.526067858412,0.878559378420,87.855937842
2026-01-14T07:05:00Z,2461054.795138889,116.363379737387,0.233519339952,42181.118981,428099.375282,147188993.995085,54.879267776,21.121923550,46.132280731,8.687162665,28.687162665,0.232530030,20.000000000,0.270813878,30.000000000,0.000000000000,0.451151178485,0.015316673658,0.000000000000,1.525479313940,0.878606213301,87.860621330
2026-01-14T07:10:00Z,2461054.798611111,117.616061521909,0.233563583331,42181.092793,427462.245617,147189003.960375,55.869523941,21.198130980,46.016407143,8.687168100,28.687168100,0.232876616,20.000000000,0.270813859,30.000000000,0.000000000000,0.449924157675,0.016000481858,0.000000000000,1.526022812666,0.878562963047,87.856296305
2026-01-14T07:15:00Z,2461054.802083333,118.868744860324,0.233496598999,42181.066542,426815.568884,147188995.253201,56.864306692,21.343882859,45.902229230,8.687173548,28.687173548,0.233229454,20.000000000,0.270813875,30.000000000,0.000000000000,0.447578810831,0.016683395749,0.000000000000,1.527685532408,0.878430648014,87.843064801
2026-01-14T07:20:00Z,2461054.805555556,120.121429736138,0.233318420220,42181.040243,426159.590385,147188967.891867,57.863451996,21.557767043,45.789785946,8.687179007,28.687179007,0.233588462,20.000000000,0.270813926,30.000000000,0.000000000000,0.444140717226,0.017364622688,0.000000000000,1.530442686400,0.878211240670,87.821124067
2026-01-14T07:25:00Z,2461054.809027778,121.374116132160,0.233029133223,42181.013908,425494.559932,147188921.903541,58.866806077,21.837778944,45.679116062,8.687184472,28.687184472,0.233953553,20.000000000,0.270814010,30.000000000,0.000000000000,0.439646265247,0.018043384781,0.000000000000,1.534258664008,0.877907574821,87.790757482
2026-01-14T07:30:00Z,2461054.812500000,122.626804030482,0.232628877163,42180.987548,424820.731855,147188857.324239,59.874224548,22.181410494,45.570258152,8.687189943,28.687189943,0.234324639,20.000000000,0.270814129,30.000000000,0.000000000000,0.434141121183,0.018718918250,0.000000000000,1.539088562585,0.877523223704,87.752322370
2026-01-14T07:35:00Z,2461054.815972222,123.879493412611,0.232117844055,42180.961178,424138.364927,147188774.198803,60.885571605,22.585753107,45.463250574,8.687195416,28.687195416,0.234701630,20.000000000,0.270814282,30.000000000,0.000000000000,0.427678455104,0.019390472969,0.000000000000,1.544879962049,0.877062358778,87.706235878
2026-01-14T07:40:00Z,2461054.819444444,125.132184259454,0.231496278680,42180.934809,423447.722324,147188672.580889,61.900719287,23.047605728,45.358131446,8.687200889,28.687200889,0.235084430,20.000000000,0.270814469,30.000000000,0.000000000000,0.420317076703,0.020057312078,0.000000000000,1.551574789430,0.876529601343,87.652960134
2026-01-14T07:45:00Z,2461054.822916667,126.384876551321,0.230764478473,42180.908454,422749.071592,147188552.532934,62.919546781,23.563580022,45.254938628,8.687206359,28.687206359,0.235472942,20.000000000,0.270814690,30.000000000,0.000000000000,0.412119617736,0.020718711664,0.000000000000,1.559111136746,0.875929877879,87.592987788
2026-01-14T07:50:00Z,2461054.826388889,127.637570268048,0.229922793374,42180.882126,422042.684571,147188414.126131,63.941939780,24.130196529,45.153709698,8.687211823,28.687211823,0.235867063,20.000000000,0.270814945,30.000000000,0.000000000000,0.403150867497,0.021373960576,0.000000000000,1.567424925718,0.875268287573,87.526828757
2026-01-14T07:55:00Z,2461054.829861111,128.890265388973,0.228971625667,42180.855837,421328.837363,147188257.440392,64.967789885,24.743967749,45.054481928,8.687217279,28.687217279,0.236266689,20.000000000,0.270815233,30.000000000,0.000000000000,0.393476331762,0.022022360247,0.000000000000,1.576451348998,0.874549987632,87.454998763
2026-01-14T08:00:00Z,2461054.833333333,130.142961892956,0.227911429785,42180.829599,420607.810261,147188082.564314,65.996994047,25.401466157,44.957292262,8.687222724,28.687222724,0.236671712,20.000000000,0.270815555,30.000000000,0.000000000000,0.383161050694,0.022663224628,0.000000000000,1.586126052336,0.873780099202,87.378009920
2026-01-14T08:05:00Z,2461054.836805556,131.395659758488,0.226742712095,42180.803427,419879.887716,147187889.595137,67.029454046,26.099376849,44.862177290,8.687228156,28.687228156,0.237082019,20.000000000,0.270815910,30.000000000,0.000000000000,0.372268682036,0.023295880132,0.000000000000,1.596386051437,0.872963634415,87.296363442
2026-01-14T08:10:00Z,2461054.840277778,132.648358963674,0.225466030655,42180.777331,419145.358243,147187678.638692,68.065075996,26.834535773,44.769173223,8.687233572,28.687233572,0.237497494,20.000000000,0.270816298,30.000000000,0.000000000000,0.360860834658,0.023919665684,0.000000000000,1.607170398370,0.872105443354,87.210544335
2026-01-14T08:15:00Z,2461054.843750000,133.901059486245,0.224081994946,42180.751324,418404.514378,147187449.809360,69.103769888,27.603955237,44.678315861,8.687238970,28.687238970,0.237918019,20.000000000,0.270816719,30.000000000,0.000000000000,0.348996624247,0.024533932774,0.000000000000,1.618420625821,0.871210178699,87.121017870
2026-01-14T08:20:00Z,2461054.847222222,135.153761303668,0.222591265586,42180.725420,417657.652627,147187203.230010,70.145449157,28.404838766,44.589640574,8.687244346,28.687244346,0.238343471,20.000000000,0.270817173,30.000000000,0.000000000000,0.336732416553,0.025138045556,0.000000000000,1.630081003753,0.870282275306,87.028227531
2026-01-14T08:25:00Z,2461054.850694444,136.406464393137,0.220994554013,42180.699629,416905.073376,147186939.031946,71.190030267,29.234587455,44.503182268,8.687249699,28.687249699,0.238773720,20.000000000,0.270817659,30.000000000,0.000000000000,0.324121722417,0.025731381002,0.000000000000,1.642098644214,0.869325941864,86.932594186
2026-01-14T08:30:00Z,2461054.854166667,137.659168731582,0.219292622143,42180.673965,416147.080805,147186657.354845,72.237432320,30.090799789,44.418975352,8.687255025,28.687255025,0.239208638,20.000000000,0.270818177,30.000000000,0.000000000000,0.311215214528,0.026313329114,0.000000000000,1.654423484381,0.868345162247,86.834516225
2026-01-14T08:35:00Z,2461054.857638889,138.911874295751,0.217486282008,42180.648440,415383.982857,147186358.346684,73.287576691,30.971266713,44.337053713,8.687260323,28.687260323,0.239648089,20.000000000,0.270818727,30.000000000,0.000000000000,0.298060811643,0.026883293089,0.000000000000,1.667008202163,0.867343702226,86.734370223
2026-01-14T08:40:00Z,2461054.861111111,140.164581062239,0.215576395372,42180.623066,414616.091129,147186042.163682,74.340386665,31.873963405,44.257450683,8.687265589,28.687265589,0.240091933,20.000000000,0.270819309,30.000000000,0.000000000000,0.284703866304,0.027440689596,0.000000000000,1.679808028217,0.866325124432,86.632512443
2026-01-14T08:45:00Z,2461054.864583333,141.417289007459,0.213563873316,42180.597855,413843.720807,147185708.970215,75.395787104,32.797038927,44.180199006,8.687270822,28.687270822,0.240540027,20.000000000,0.270819922,30.000000000,0.000000000000,0.271187364806,0.027984949032,0.000000000000,1.692780545720,0.865292804289,86.529280429
2026-01-14T08:50:00Z,2461054.868055556,142.669998107762,0.211449675804,42180.572820,413067.190568,147185358.938743,76.453704111,33.738804681,44.105330804,8.687276018,28.687276018,0.240992224,20.000000000,0.270820566,30.000000000,0.000000000000,0.257552164117,0.028515515835,0.000000000000,1.705885453133,0.864249948893,86.424994889
2026-01-14T08:55:00Z,2461054.871527778,143.922708339425,0.209234811228,42180.547971,412286.822493,147184992.249730,77.514064715,34.697722333,44.032877542,8.687281175,28.687281175,0.241448372,20.000000000,0.270821241,30.000000000,0.000000000000,0.243837250008,0.029031848796,0.000000000000,1.719084305761,0.863199617573,86.319961757
2026-01-14T09:00:00Z,2461054.875000000,145.175419678630,0.206920335921,42180.523322,411502.942004,147184609.091555,78.576796568,35.672391718,43.962869997,8.687286291,28.687286291,0.241908314,20.000000000,0.270821946,30.000000000,0.000000000000,0.230080005465,0.029533421382,0.000000000000,1.732340247025,0.862144743284,86.214474328
2026-01-14T10:00:00Z,2461054.916666667,160.208033539272,0.171824567840,42180.247240,401944.950429,147178805.556657,91.487758406,48.229763305,43.323642466,8.687343592,28.687343592,0.247660773,20.000000000,0.270832625,30.000000000,0.000000000000,0.074386921173,0.034231060742,0.000000000000,1.883338708321,0.850128667527,85.012866753
2026-01-14T11:00:00Z,2461054.958333333,175.240763901103,0.125019914156,42180.020265,392529.748533,147171091.167941,104.587377440,61.667003348,43.080532392,8.687390701,28.687390701,0.253601193,20.000000000,0.270846822,30.000000000,0.000000000000,0.000000000000,0.036071538422,0.000000000000,1.955887631697,0.844355407642,84.435540764
2026-01-14T12:00:00Z,2461055.000000000,190.273575844558,0.069700406190,42179.857945,383885.229042,147162015.285348,117.651979181,75.479252548,43.248591790,8.687424391,28.687424391,0.259311950,20.000000000,0.270863526,30.000000000,0.000000000000,0.000000000000,0.034796147655,0.000000000000,1.957164795948,0.844253774140,84.425377414
2026-01-14T13:00:00Z,2461055.041666667,205.306440413759,0.009640251893,42179.771407,376627.496041,147152220.125531,130.242931240,89.440130417,43.807568325,8.687442352,28.687442352,0.264309009,20.000000000,0.270881556,30.000000000,0.000000000000,0.000000000000,0.030655347197,0.000000000000,1.961306541919,0.843924184468,84.392418447
2026-01-14T14:00:00Z,2461055.083333333,220.339332232488,-0.051063805181,42179.766589,371305.596307,147142397.120013,141.404586321,103.408422756,44.696100192,8.687443352,28.687443352,0.268097361,20.000000000,0.270899639,30.000000000,0.000000000000,0.000000000000,0.024413319737,0.000000000000,1.967548622025,0.843427455516,84.342745552
2026-01-14T15:00:00Z,2461055.125000000,235.372225042644,-0.108272094939,42179.843835,368340.960823,147133239.883250,149.046045257,117.245794382,45.813058320,8.687427319,28.687427319,0.270255190,20.000000000,0.270916500,30.000000000,0.000000000000,0.000000000000,0.017222928834,0.000000000000,1.974738168939,0.842855329551,84.285532955
2026-01-14T16:00:00Z,2461055.166666667,250.405087030372,-0.158084492783,42179.997874,367973.178917,147125396.988552,150.027520349,130.737794787,47.027862577,8.687395348,28.687395348,0.270525307,20.000000000,0.270930942,30.000000000,0.000000000000,0.000000000000,0.010365783276,0.000000000000,1.981593631487,0.842309789175,84.230978917
2026-01-14T17:00:00Z,2461055.208333333,265.437877987455,-0.197106457597,42180.218176,370226.093793,147119427.773599,143.785231111,143.416629085,48.198313431,8.687349624,28.687349624,0.268879083,20.000000000,0.270941935,30.000000000,0.000000000000,0.000000000000,0.004922034962,0.000000000000,1.987034972825,0.841876780989,84.187678099
2026-01-14T18:00:00Z,2461055.250000000,280.470549858016,-0.222680464238,42180.489678,374904.499127,147115764.199521,133.278759753,153.992429782,49.191173955,8.687293274,28.687293274,0.265523737,20.000000000,0.270948682,30.000000000,0.000000000000,0.000000000000,0.001488093760,0.000000000000,1.990465947694,0.841603752684,84.160375268
2026-01-14T19:00:00Z,2461055.291666667,295.503051222251,-0.233067028554,42180.793812,381622.528865,147114681.379538,120.972044836,158.956462338,49.899501925,8.687230152,28.687230152,0.260849462,20.000000000,0.270950676,30.000000000,0.000000000000,0.000000000000,0.000065413300,0.000000000000,1.991885305351,0.841490803791,84.149080379
2026-01-14T20:00:00Z,2461055.333333333,310.535335087557,-0.227562978846,42181.109777,389855.011683,147116278.801674,108.036901550,154.735380559,50.252463280,8.687164575,28.687164575,0.255341124,20.000000000,0.270947734,30.000000000,0.000000000000,0.000000000000,0.000000000000,0.000000000000,1.991947266646,0.841485873067,84.148587307
2026-01-14T21:00:00Z,2461055.375000000,325.567368305309,-0.206548934819,42181.415963,398997.984215,147120473.535817,95.004562291,144.470981810,50.216817477,8.687101029,28.687101029,0.249489987,20.000000000,0.270940009,30.000000000,0.000000000000,0.000000000000,0.000000000000,0.000000000000,1.991943921533,0.841486139263,84.148613926
2026-01-14T22:00:00Z,2461055.416666667,340.599140304665,-0.171462813791,42181.691431,408425.829594,147127005.890172,82.140348089,131.904959399,49.792209847,8.687043859,28.687043859,0.243730882,20.000000000,0.270927979,30.000000000,0.000000000000,0.000000000000,0.000194369196,0.000000000000,1.991746542872,0.841501846158,84.150184616
2026-01-14T23:00:00Z,2461055.458333333,355.630668811972,-0.124701252142,42181.917343,417537.617761,147135457.124741,69.606038192,118.457679481,49.003514404,8.686996975,28.686996975,0.238411991,20.000000000,0.270912417,30.000000000,0.000000000000,0.000000000000,0.002032987141,0.000000000000,1.989905456883,0.841648355126,84.164835513
2026-01-15T00:00:00Z,2461055.500000000,10.662000789123,-0.069455750679,42182.078256,425790.569999,147145278.001030,57.551287947,104.636634520,47.892964913,8.686963580,28.686963580,0.233790907,20.000000000,0.270894336,30.000000000,0.000000000000,0.000000000000,0.006215112775,0.000000000000,1.985721573334,0.841981298000,84.198129800
